txn_id,customer_id,merchant_id,timestamp,amount,payment_method,bank,merchant_vertical,failure_reason_code,customer_instruments,retry_propensity,was_retried_historically,retry_success_obs,risk_score,p_success_retry_soon,p_success_retry_later,p_success_switch_method,p_success_send_link,is_weekend,hour_of_day,day_of_week,day_of_month,amount_log,txn_value_bucket
pay104539,cus65,mer108,2025-06-06 11:39:00,548.61,credit_card,bank_g,food_delivery,insufficient_funds,1,0.5228,1,1.0,0.1304,0.2286,0.4997,0.0555,0.5828,0,11,4,6,6.309208935793558,medium
pay113507,cus2117,mer13,2025-06-13 19:06:00,2845.42,upi,bank_g,food_delivery,insufficient_funds,3,0.5568,1,0.0,0.3613,0.1194,0.4193,0.1148,0.5577,0,19,4,13,7.9538173433062225,medium
pay107557,cus1884,mer43,2025-05-17 10:39:00,859.87,upi,bank_d,travel,insufficient_funds,3,0.4372,1,0.0,0.3535,0.1196,0.459,0.2893,0.2693,1,10,5,17,6.757943505803855,medium
pay110991,cus606,mer91,2025-02-15 02:12:00,1818.17,upi,bank_i,ecommerce,network_timeout,1,0.6879,1,0.0,0.2277,0.6032,0.2575,0.0111,0.2108,1,2,5,15,7.506135632095126,medium
pay111101,cus1333,mer34,2025-02-21 19:33:00,332.19,upi,bank_i,food_delivery,network_timeout,2,0.7564,1,1.0,0.136,0.5661,0.3433,0.4477,0.2715,0,19,4,21,5.808712897837516,small
pay105007,cus3735,mer54,2025-05-30 05:56:00,787.31,upi,bank_f,food_delivery,network_timeout,4,0.641,1,0.0,0.3178,0.7608,0.265,0.2119,0.2826,0,5,4,30,6.669891413511217,medium
pay106311,cus3281,mer55,2025-03-01 17:09:00,1416.97,credit_card,bank_h,education_fees,card_expired,4,0.0,0,,0.3261,0.0,0.2149,0.2704,0.0787,1,17,5,1,7.256981550309736,medium
pay115144,cus1592,mer120,2025-04-20 08:50:00,709.28,upi,bank_h,education_fees,issuer_decline,4,0.448,0,,0.1844,0.3208,0.0919,0.0585,0.1321,1,8,6,20,6.565659258490634,medium
pay116356,cus2033,mer66,2025-05-15 15:44:00,374.75,upi,bank_c,food_delivery,bank_server_timeout,2,0.8394,1,1.0,0.1332,0.7964,0.6647,0.7416,0.5647,0,15,3,15,5.928924028633084,small
pay104632,cus2040,mer67,2025-02-19 10:43:00,89.83,credit_card,bank_b,education_fees,otp_expired,3,0.6621,1,1.0,0.1888,0.3834,0.1285,0.0813,0.2907,0,10,2,19,4.508989627514122,small
pay114230,cus640,mer119,2025-04-18 06:54:00,88.57,upi,bank_h,subscription_saas,upi_server_busy,3,0.8011,1,1.0,0.1388,0.8774,0.4035,0.6401,0.346,0,6,4,18,4.495020442487104,small
pay101532,cus3977,mer79,2025-06-17 22:06:00,3734.14,debit_card,bank_h,utility_bills,network_timeout,2,0.6896,1,1.0,0.2511,0.6956,0.2749,0.4884,0.1974,0,22,1,17,8.225540580130836,medium
pay111571,cus1728,mer94,2025-05-13 18:17:00,1075.93,credit_card,bank_i,ecommerce,issuer_decline,1,0.434,0,,0.247,0.3278,0.2614,0.0,0.0241,0,18,1,13,6.981869679686624,medium
pay101936,cus3596,mer18,2025-03-09 01:37:00,126.17,netbanking,bank_a,food_delivery,network_timeout,4,0.7655,1,1.0,0.2672,0.6801,0.2582,0.3859,0.3489,1,1,6,9,4.845524774032655,small
pay106154,cus1150,mer119,2025-01-02 06:40:00,1101.93,credit_card,bank_b,subscription_saas,insufficient_funds,4,0.5053,1,0.0,0.2414,0.4756,1.0,0.3346,0.4443,0,6,3,2,7.005725553957665,medium
pay106603,cus2064,mer51,2025-02-27 10:50:00,1274.46,debit_card,bank_f,subscription_saas,network_timeout,4,0.7649,1,0.0,0.461,0.422,0.0599,0.3111,0.2645,0,10,3,27,7.1510621768392415,medium
pay100227,cus2513,mer9,2025-04-15 06:14:00,68.29,upi,bank_f,subscription_saas,issuer_decline,3,0.4181,1,0.0,0.2041,0.156,0.3937,0.1758,0.1067,0,6,1,15,4.23830059563929,small
pay105905,cus677,mer40,2025-01-27 15:07:00,25506.73,debit_card,bank_b,ecommerce,issuer_decline,1,0.4423,1,0.0,0.5359,0.1003,0.0153,0.1503,0.0,0,15,0,27,10.146736822464606,large
pay102278,cus3926,mer16,2025-03-08 08:56:00,1198.99,debit_card,bank_i,utility_bills,otp_expired,1,0.6255,1,0.0,0.313,0.5168,0.5001,0.0,0.1874,1,8,5,8,7.090068502408036,medium
pay113699,cus531,mer67,2025-06-21 15:08:00,107.73,upi,bank_c,ecommerce,insufficient_funds,2,0.5357,0,,0.2067,0.1898,0.8177,0.1983,0.4178,1,15,5,21,4.6888677450096585,small
pay101736,cus274,mer84,2025-04-01 12:27:00,9860.09,credit_card,bank_g,food_delivery,issuer_decline,2,0.5313,1,0.0,0.3645,0.1602,0.2484,0.0103,0.093,0,12,1,1,9.196351989154081,large
pay111760,cus3069,mer38,2025-02-06 20:19:00,190.6,netbanking,bank_d,ecommerce,bank_server_timeout,1,0.7972,1,1.0,0.2074,0.5458,0.276,0.2044,0.2402,0,20,3,6,5.25540986553676,small
pay100642,cus3670,mer22,2025-06-03 18:07:00,1600.89,netbanking,bank_g,food_delivery,network_timeout,4,0.7076,0,,0.3975,0.3055,0.0891,0.479,0.541,0,18,1,3,7.378939461101025,medium
pay110185,cus84,mer113,2025-03-03 20:38:00,618.76,upi,bank_c,food_delivery,card_expired,3,0.0403,0,,0.1275,0.0817,0.0227,0.0115,0.1222,0,20,0,3,6.429332306323647,medium
pay103185,cus75,mer64,2025-06-20 20:57:00,401.63,upi,bank_c,ecommerce,insufficient_funds,3,0.5735,0,,0.0514,0.0907,0.5213,0.1401,0.2509,0,20,4,20,5.998018026077824,small
pay116644,cus500,mer32,2025-06-17 15:55:00,2990.67,debit_card,bank_j,ecommerce,upi_server_busy,3,0.9116,1,1.0,0.4872,0.8491,0.3983,0.3818,0.3723,0,15,1,17,8.003587038893878,medium
pay107598,cus395,mer14,2025-01-03 18:26:00,680.73,upi,bank_h,ecommerce,bank_server_timeout,1,0.761,0,,0.2337,0.5051,0.2047,0.0359,0.4439,0,18,4,3,6.524633685028421,medium
pay102781,cus216,mer78,2025-06-18 10:59:00,280.93,debit_card,bank_e,subscription_saas,network_timeout,1,0.6996,1,1.0,0.2878,0.4578,0.2847,0.1484,0.4096,0,10,2,18,5.641658813174351,small
pay105687,cus3850,mer34,2025-02-14 03:56:00,3583.16,upi,bank_f,utility_bills,insufficient_funds,4,0.5023,1,0.0,0.3117,0.2394,0.7655,0.1323,0.3434,0,3,4,14,8.184279415955501,medium
pay113555,cus2,mer1,2025-04-09 15:06:00,998.47,debit_card,bank_b,education_fees,upi_server_busy,2,0.7924,1,0.0,0.1865,0.7688,0.3253,0.4611,0.1787,0,15,2,9,6.907225138482492,medium
pay107836,cus2515,mer22,2025-03-11 16:21:00,166.05,upi,bank_a,ecommerce,issuer_decline,2,0.4415,0,,0.1008,0.3956,0.0761,0.094,0.0,0,16,1,11,5.118293168802766,small
pay108365,cus2671,mer88,2025-05-06 21:31:00,50.0,netbanking,bank_b,travel,otp_expired,1,0.5817,1,0.0,0.098,0.2487,0.3266,0.0,0.3633,0,21,1,6,3.9318256327243257,small
pay117945,cus1379,mer43,2025-05-29 22:32:00,1698.94,debit_card,bank_i,utility_bills,bank_server_timeout,1,0.7903,1,1.0,0.3321,0.8753,0.3607,0.0,0.3683,0,22,3,29,7.438348235303808,medium
pay113111,cus1270,mer18,2025-03-10 13:51:00,851.92,debit_card,bank_e,travel,bank_server_timeout,1,0.8181,1,1.0,0.2927,0.4614,0.2809,0.0821,0.2408,0,13,0,10,6.748665756458033,medium
pay118023,cus262,mer96,2025-05-04 03:32:00,1040.33,upi,bank_b,travel,upi_server_busy,2,0.8731,1,1.0,0.2455,0.8066,0.2835,0.6117,0.3129,1,3,6,4,6.948254021262016,medium
pay110372,cus1622,mer28,2025-03-01 07:46:00,3311.22,upi,bank_h,subscription_saas,otp_expired,1,0.554,1,0.0,0.3302,0.392,0.4833,0.0,0.3307,1,7,5,1,8.105373938419872,medium
pay101228,cus3314,mer71,2025-01-28 17:20:00,222.39,credit_card,bank_a,ecommerce,otp_expired,3,0.6187,1,0.0,0.0982,0.307,0.3944,0.1788,0.2194,0,17,1,28,5.408919122875832,small
pay102271,cus1986,mer85,2025-02-27 07:10:00,319.27,upi,bank_a,education_fees,otp_expired,4,0.6534,0,,0.7617,0.4743,0.5077,0.159,0.2995,0,7,3,27,5.76916439003684,small
pay107487,cus2175,mer118,2025-04-02 22:28:00,1786.91,debit_card,bank_f,food_delivery,card_expired,4,0.0507,0,,0.3819,0.0,0.0224,0.0074,0.0861,0,22,2,2,7.488802618896113,medium
pay113729,cus348,mer116,2025-04-06 02:54:00,729.03,upi,bank_g,food_delivery,insufficient_funds,4,0.4439,0,,0.242,0.2762,0.6404,0.3157,0.4522,1,2,6,6,6.593085629188435,medium
pay101192,cus1401,mer117,2025-01-31 15:37:00,1157.75,debit_card,bank_b,subscription_saas,account_blocked,1,0.0,0,,0.1238,0.0157,0.0424,0.3039,0.0,0,15,4,31,7.055097116880065,medium
pay107752,cus3378,mer91,2025-02-07 05:29:00,1782.53,upi,bank_h,education_fees,otp_expired,3,0.6291,0,,0.3489,0.3836,0.3206,0.0933,0.3054,0,5,4,7,7.486349825515341,medium
pay105787,cus3468,mer43,2025-04-20 20:27:00,881.06,upi,bank_g,ecommerce,issuer_decline,3,0.4409,1,0.0,0.3172,0.2289,0.0413,0.1903,0.1448,1,20,6,20,6.78226008090393,medium
pay109949,cus1232,mer56,2025-04-15 18:58:00,1305.4,credit_card,bank_g,education_fees,upi_server_busy,1,0.7985,0,,0.1928,0.6169,0.206,0.1025,0.2522,0,18,1,15,7.175030541656255,medium
pay100697,cus2838,mer47,2025-04-17 05:08:00,223.5,credit_card,bank_i,subscription_saas,bank_server_timeout,4,0.7422,0,,0.1064,1.0,0.6806,0.5285,0.2328,0,5,3,17,5.413875707182309,small
pay119728,cus3109,mer54,2025-01-11 10:40:00,1859.35,upi,bank_i,ecommerce,otp_expired,3,0.5776,0,,0.2637,0.2943,0.4588,0.1279,0.3366,1,10,5,11,7.52851992104812,medium
pay117363,cus288,mer104,2025-04-20 11:31:00,3318.56,upi,bank_d,utility_bills,upi_server_busy,3,0.9104,1,0.0,0.5337,0.4866,0.6951,0.7974,0.293,1,11,6,20,8.10758752300716,medium
pay111907,cus1016,mer61,2025-01-09 04:54:00,223.62,debit_card,bank_h,utility_bills,insufficient_funds,3,0.4978,0,,0.2712,0.0418,0.6878,0.1177,0.4134,0,4,3,9,5.4144100855348904,small
pay100848,cus3234,mer61,2025-05-28 14:19:00,194.85,upi,bank_f,utility_bills,upi_server_busy,3,0.8774,1,1.0,0.1445,0.883,0.5236,0.664,0.4012,0,14,2,28,5.27734906011184,small
pay100010,cus101,mer116,2025-04-05 18:23:00,78.49,upi,bank_e,utility_bills,issuer_decline,3,0.5017,1,0.0,0.1485,0.1574,0.1643,0.2248,0.2033,1,18,5,5,4.375631227585021,small
pay116611,cus773,mer39,2025-01-22 11:57:00,61.35,upi,bank_b,ecommerce,account_blocked,3,0.0,0,,0.1454,0.0,0.0447,0.0223,0.0045,0,11,2,22,4.132763672126045,small
pay103769,cus2517,mer39,2025-03-02 00:56:00,261.06,netbanking,bank_g,ecommerce,issuer_decline,3,0.4793,1,0.0,0.1511,0.1883,0.1687,0.4094,0.2323,1,0,6,2,5.568573485176439,small
pay110156,cus3789,mer108,2025-01-20 01:12:00,1436.79,credit_card,bank_a,travel,insufficient_funds,4,0.4465,0,,0.2428,0.3119,0.5164,0.1725,0.3946,0,1,0,20,7.270862491455338,medium
pay117426,cus1567,mer14,2025-01-17 06:10:00,654.24,upi,bank_c,food_delivery,insufficient_funds,3,0.5374,0,,0.8554,0.4194,0.6541,0.1276,0.3345,0,6,4,17,6.485001580736431,medium
pay119775,cus3138,mer51,2025-05-19 13:23:00,990.17,credit_card,bank_g,ecommerce,card_expired,2,0.0205,0,,0.2478,0.0,0.0,0.0554,0.033,0,13,0,19,6.898886063513072,medium
pay116593,cus2060,mer72,2025-05-02 06:09:00,427.8,upi,bank_e,subscription_saas,card_expired,4,0.1044,0,,0.0029,0.0,0.1014,0.0613,0.0,0,6,4,2,6.060990609756592,small
pay103860,cus3676,mer56,2025-04-08 20:52:00,328.43,credit_card,bank_c,utility_bills,issuer_decline,2,0.4087,1,0.0,0.0737,0.0,0.3452,0.3455,0.204,0,20,1,8,5.797363888277731,small
pay105053,cus3633,mer36,2025-06-14 10:02:00,531.2,credit_card,bank_a,utility_bills,insufficient_funds,1,0.4882,0,,0.3045,0.2775,0.3119,0.1617,0.2827,1,10,5,14,6.277019358543589,medium
pay114261,cus2966,mer22,2025-03-23 02:20:00,491.49,debit_card,bank_d,ecommerce,upi_server_busy,4,0.9463,1,1.0,0.2925,0.8305,0.3923,0.5531,0.5473,1,2,6,23,6.199474155837475,small
pay101944,cus976,mer30,2025-03-10 10:10:00,280.11,debit_card,bank_e,subscription_saas,issuer_decline,2,0.389,1,0.0,0.1236,0.1253,0.1477,0.293,0.0918,0,10,0,10,5.638746051808365,small
pay119441,cus3692,mer21,2025-06-02 14:27:00,144.35,debit_card,bank_h,food_delivery,insufficient_funds,3,0.3993,1,0.0,0.1406,0.0209,0.8385,0.2558,0.4394,0,14,0,2,4.979144627004885,small
pay112246,cus605,mer28,2025-02-01 18:57:00,1056.53,upi,bank_i,utility_bills,insufficient_funds,4,0.5122,1,0.0,0.2731,0.1901,0.6912,0.4877,0.32,1,18,5,1,6.963691279312372,medium
pay110603,cus1438,mer47,2025-04-21 09:43:00,684.2,upi,bank_a,education_fees,upi_server_busy,2,0.8833,1,0.0,0.1866,0.6263,0.3848,0.5816,0.4847,0,9,0,21,6.5297107664499645,medium
pay105623,cus2671,mer13,2025-06-07 04:24:00,1625.96,upi,bank_i,food_delivery,insufficient_funds,1,0.5194,1,0.0,0.2911,0.3487,0.6284,0.0,0.3798,1,4,5,7,7.39446852179082,medium
pay103408,cus1195,mer41,2025-04-29 16:09:00,396.61,upi,bank_a,food_delivery,card_expired,2,0.0137,0,,0.2044,0.0,0.0,0.0761,0.0857,0,16,1,29,5.985471625371573,small
pay100713,cus2684,mer88,2025-05-18 12:09:00,356.45,debit_card,bank_g,utility_bills,insufficient_funds,1,0.5885,1,1.0,0.1179,0.2379,0.3803,0.0,0.3022,1,12,6,18,5.87899549221286,small
pay112084,cus2769,mer102,2025-05-16 02:59:00,379.36,upi,bank_d,food_delivery,otp_expired,2,0.5582,0,,0.323,0.3928,0.3521,0.2243,0.3289,0,2,4,16,5.941118172671244,small
pay112565,cus1147,mer42,2025-03-12 02:50:00,156.82,upi,bank_f,food_delivery,duplicate_payment_block,1,0.2747,0,,0.2947,0.1269,0.1928,0.2075,0.1267,0,2,2,12,5.061455143092889,small
pay117101,cus1063,mer102,2025-04-20 13:00:00,614.08,credit_card,bank_d,ecommerce,upi_server_busy,3,0.9904,1,1.0,0.3299,0.6169,0.375,0.6641,0.4547,1,13,6,20,6.421752340647492,medium
pay117780,cus357,mer34,2025-02-22 19:26:00,291.51,credit_card,bank_e,food_delivery,card_expired,1,0.0,0,,0.1018,0.0,0.1163,0.0351,0.0,1,19,5,22,5.678498854121702,small
pay108123,cus3433,mer41,2025-05-07 15:48:00,3283.82,upi,bank_b,food_delivery,bank_server_timeout,3,0.8709,1,1.0,0.3496,0.7958,0.5675,0.8153,0.3796,0,15,2,7,8.09706713489689,medium
pay114220,cus1015,mer106,2025-06-17 16:07:00,2836.52,debit_card,bank_j,subscription_saas,otp_expired,1,0.533,1,0.0,0.5167,0.3196,0.6763,0.1968,0.4494,0,16,1,17,7.9506857102229676,medium
pay112950,cus1800,mer95,2025-01-02 07:51:00,671.51,credit_card,bank_i,utility_bills,issuer_decline,4,0.4791,1,0.0,0.1001,0.1287,0.1699,0.0,0.0278,0,7,3,2,6.511016981253914,medium
pay105558,cus1704,mer64,2025-04-05 23:39:00,530.67,netbanking,bank_h,subscription_saas,account_blocked,2,0.0,0,,0.2343,0.1228,0.1023,0.0128,0.2338,1,23,5,5,6.2760229961236575,medium
pay103542,cus3618,mer112,2025-01-16 07:18:00,427.21,upi,bank_c,utility_bills,network_timeout,1,0.8092,0,,0.1985,0.6445,0.1502,0.0092,0.4286,0,7,3,16,6.059613729455989,small
pay107095,cus2418,mer41,2025-06-29 13:51:00,691.65,upi,bank_a,subscription_saas,insufficient_funds,1,0.491,0,,0.1612,0.1684,0.5208,0.0834,0.5578,1,13,6,29,6.540524821103888,medium
pay113832,cus1470,mer38,2025-06-16 02:28:00,1508.14,upi,bank_g,ecommerce,bank_server_timeout,4,0.7586,1,1.0,0.3741,0.6803,0.519,0.2811,0.3647,0,2,0,16,7.319295231137653,medium
pay118569,cus802,mer105,2025-03-29 19:55:00,1135.38,debit_card,bank_j,food_delivery,issuer_decline,1,0.535,1,0.0,0.414,0.1109,0.2789,0.0,0.0156,1,19,5,29,7.035603050388343,medium
pay100494,cus1356,mer83,2025-02-22 04:10:00,105.48,credit_card,bank_i,travel,issuer_decline,1,0.5045,1,0.0,0.1015,0.3047,0.0,0.0832,0.1185,1,4,5,22,4.667957174086856,small
pay119200,cus1569,mer7,2025-02-02 11:53:00,3204.69,netbanking,bank_b,subscription_saas,bank_server_timeout,1,0.7608,0,,0.3971,0.3317,0.3286,0.1278,0.3646,1,11,6,2,8.072682634795047,medium
pay102946,cus609,mer3,2025-04-16 23:49:00,1553.72,upi,bank_e,ecommerce,network_timeout,1,0.7499,0,,0.4032,0.8627,0.1547,0.2203,0.0536,0,23,2,16,7.349050744091129,medium
pay108275,cus3342,mer43,2025-06-04 01:48:00,313.96,upi,bank_a,utility_bills,bank_server_timeout,4,0.7671,0,,0.1219,0.756,0.489,0.5671,0.2879,0,1,2,4,5.752445646635482,small
pay107134,cus328,mer31,2025-01-03 21:07:00,8662.18,netbanking,bank_i,travel,insufficient_funds,1,0.4813,1,1.0,0.4201,0.3581,0.5626,0.029,0.3439,0,21,4,3,9.066837139695751,large
pay106740,cus1060,mer77,2025-01-01 10:18:00,404.1,debit_card,bank_c,food_delivery,insufficient_funds,3,0.4874,0,,0.2952,0.329,0.6499,0.1384,0.3277,0,10,2,1,6.004133950208645,small
pay107025,cus2411,mer76,2025-06-27 19:54:00,279.17,netbanking,bank_d,ecommerce,network_timeout,3,0.7742,1,0.0,0.3136,0.4802,0.2185,0.4583,0.2361,0,19,4,27,5.635396561789737,small
pay106180,cus3479,mer61,2025-03-12 07:30:00,3167.24,debit_card,bank_i,utility_bills,card_expired,2,0.0687,0,,0.3833,0.0478,0.069,0.0888,0.0,0,7,2,12,8.060931507640614,medium
pay113537,cus1013,mer64,2025-05-28 13:19:00,471.48,credit_card,bank_f,food_delivery,bank_server_timeout,3,0.7315,1,0.0,0.1367,0.4335,0.3164,0.7842,0.2935,0,13,2,28,6.157995417995613,small
pay108991,cus2313,mer52,2025-03-06 08:49:00,4289.41,debit_card,bank_i,utility_bills,issuer_decline,4,0.4055,1,1.0,0.8832,0.2419,0.2654,0.2972,0.0,0,8,3,6,8.364137578451007,medium
pay116990,cus1508,mer70,2025-04-24 03:24:00,516.42,upi,bank_i,utility_bills,card_expired,2,0.0671,0,,0.2226,0.0,0.0,0.0,0.0724,0,3,3,24,6.248854923817375,medium
pay114957,cus1645,mer94,2025-03-18 10:05:00,1350.75,debit_card,bank_d,ecommerce,bank_server_timeout,3,0.7996,1,0.0,0.4134,0.6391,0.4739,0.7157,0.105,0,10,1,18,7.209155328262114,medium
pay107284,cus1991,mer48,2025-01-21 11:16:00,1159.69,upi,bank_g,education_fees,otp_expired,4,0.6367,1,1.0,0.3404,0.2551,0.3589,0.1474,0.0565,0,11,1,21,7.056769934846812,medium
pay100343,cus2165,mer94,2025-04-03 17:03:00,2123.8,upi,bank_j,education_fees,otp_expired,1,0.6132,1,1.0,0.4655,0.2651,0.4138,0.0,0.1959,0,17,3,3,7.661432959282115,medium
pay116023,cus1690,mer31,2025-05-10 13:10:00,4150.85,upi,bank_f,ecommerce,otp_expired,2,0.5945,1,1.0,0.3603,0.3475,0.3447,0.024,0.3979,1,13,5,10,8.331309297025493,medium
pay117165,cus3662,mer14,2025-04-07 04:33:00,1078.16,upi,bank_a,utility_bills,bank_server_timeout,2,0.7483,1,0.0,0.1747,0.7266,0.4206,0.2167,0.5395,0,4,0,7,6.9839382397144245,medium
pay113791,cus2279,mer70,2025-01-23 07:15:00,292.81,debit_card,bank_c,ecommerce,insufficient_funds,2,0.5115,1,1.0,0.2665,0.2165,0.7497,0.0772,0.7008,0,7,3,23,5.68293329992024,small
pay108659,cus3373,mer116,2025-06-15 15:58:00,137.0,debit_card,bank_j,food_delivery,insufficient_funds,1,0.4826,0,,0.3877,0.2499,0.7348,0.0,0.5328,1,15,6,15,4.927253685157205,small
pay100229,cus3800,mer110,2025-02-01 19:39:00,1591.42,debit_card,bank_i,food_delivery,card_expired,4,0.0679,0,,0.2935,0.025,0.0,0.1242,0.0,1,19,5,1,7.373010150705667,medium
pay113407,cus1794,mer101,2025-01-23 00:44:00,2138.49,debit_card,bank_e,food_delivery,upi_server_busy,1,0.8399,1,0.0,0.3776,0.7034,0.4275,0.0,0.5116,0,0,3,23,7.6683227618566985,medium
pay117774,cus2850,mer16,2025-02-17 19:25:00,3826.45,credit_card,bank_i,utility_bills,insufficient_funds,3,0.5912,1,0.0,0.4483,0.0621,0.7075,0.227,0.4283,0,19,0,17,8.249954064089229,medium
pay119696,cus1287,mer103,2025-03-10 03:00:00,440.07,credit_card,bank_e,food_delivery,otp_expired,3,0.6154,0,,0.1039,0.4982,0.4888,0.1363,0.3787,0,3,0,10,6.089203593009278,small
pay111720,cus3768,mer15,2025-03-26 15:14:00,3582.72,upi,bank_h,food_delivery,upi_server_busy,1,0.9657,1,1.0,0.3532,0.6102,0.185,0.0,0.5481,0,15,2,26,8.184156646042904,medium
pay111180,cus1327,mer46,2025-03-16 01:34:00,389.06,upi,bank_i,utility_bills,insufficient_funds,4,0.4853,1,0.0,0.1766,0.2377,0.6288,0.159,0.2181,1,1,6,16,5.966300573444433,small
pay112223,cus874,mer6,2025-03-10 21:04:00,5534.52,upi,bank_h,education_fees,issuer_decline,4,0.4918,1,0.0,0.3608,0.2704,0.2132,0.2337,0.0427,0,21,0,10,8.61894078833608,large
pay112820,cus2075,mer10,2025-03-17 20:56:00,407.52,debit_card,bank_g,travel,bank_server_timeout,1,0.7639,1,0.0,0.2305,0.7645,0.2799,0.1231,0.4758,0,20,0,17,6.012540872709899,small
pay115076,cus2949,mer97,2025-01-20 07:17:00,2111.24,upi,bank_f,education_fees,insufficient_funds,4,0.5235,0,,0.2862,0.174,0.4462,0.2244,0.313,0,7,0,20,7.655504274733666,medium
pay102919,cus1208,mer51,2025-03-10 02:18:00,2623.06,debit_card,bank_a,food_delivery,upi_server_busy,4,0.7903,1,1.0,0.3596,0.8391,0.4353,0.646,0.4797,0,2,0,10,7.872478015656219,medium
pay112214,cus77,mer18,2025-01-01 10:25:00,319.16,debit_card,bank_b,education_fees,bank_server_timeout,3,0.8043,0,,0.0865,0.599,0.3239,0.6911,0.4048,0,10,2,1,5.768820870835423,small
pay111705,cus2693,mer14,2025-01-05 06:22:00,1449.93,debit_card,bank_g,food_delivery,bank_server_timeout,4,0.7496,1,1.0,0.3529,0.6869,0.5413,0.748,0.3501,1,6,6,5,7.2799600091291605,medium
pay113541,cus867,mer10,2025-03-04 17:33:00,597.59,credit_card,bank_d,ecommerce,duplicate_payment_block,1,0.3145,0,,0.3037,0.0789,0.2765,0.0472,0.0321,0,17,1,4,6.39457688963255,medium
pay110220,cus2070,mer71,2025-03-04 19:35:00,3371.85,credit_card,bank_d,travel,insufficient_funds,4,0.5229,1,1.0,0.5212,0.2819,0.5129,0.3812,0.2626,0,19,1,4,8.123513363275285,medium
pay119417,cus2057,mer6,2025-03-19 16:52:00,2177.89,upi,bank_c,education_fees,upi_server_busy,3,0.8062,1,1.0,0.2677,0.7318,0.3552,0.46,0.4515,0,16,2,19,7.686570851797948,medium
pay112604,cus1659,mer53,2025-06-01 21:31:00,2970.77,debit_card,bank_a,food_delivery,card_expired,2,0.0928,0,,0.2381,0.0,0.1543,0.1462,0.0,1,21,6,1,7.9969130138793085,medium
pay105075,cus3867,mer54,2025-03-09 21:51:00,100.38,debit_card,bank_g,utility_bills,bank_server_timeout,4,0.6845,0,,0.111,0.633,0.4819,0.9602,0.311,1,21,6,9,4.6188758330442035,small
pay112123,cus2916,mer7,2025-03-14 13:35:00,1122.67,upi,bank_j,utility_bills,bank_server_timeout,2,0.8576,1,1.0,0.448,0.4795,0.3684,0.6086,0.4038,0,13,4,14,7.024355393040341,medium
pay105531,cus2593,mer2,2025-06-20 01:34:00,729.73,upi,bank_g,subscription_saas,card_expired,3,0.0488,0,,0.1931,0.1498,0.0,0.2461,0.0,0,1,4,20,6.5940440344755205,medium
pay105721,cus3808,mer70,2025-03-16 14:19:00,140.04,credit_card,bank_j,food_delivery,bank_server_timeout,1,0.7931,1,1.0,0.8695,0.7156,0.5701,0.0588,0.3196,1,14,6,16,4.949043538089615,small
pay100419,cus3957,mer13,2025-04-02 03:21:00,369.06,upi,bank_i,ecommerce,issuer_decline,4,0.4687,0,,0.1287,0.0,0.2551,0.2317,0.1154,0,3,2,2,5.91366515465357,small
pay105528,cus3379,mer68,2025-01-05 19:50:00,432.95,upi,bank_g,travel,network_timeout,1,0.7483,1,1.0,0.1944,0.4889,0.0285,0.0337,0.6079,1,19,6,5,6.072929320090254,small
pay108939,cus3816,mer26,2025-02-12 09:15:00,554.07,upi,bank_f,utility_bills,account_blocked,1,0.0238,0,,0.1834,0.1061,0.0,0.1305,0.0,0,9,2,12,6.31909423191933,medium
pay109718,cus3991,mer80,2025-04-10 07:30:00,211.29,upi,bank_a,food_delivery,insufficient_funds,3,0.5578,0,,0.1828,0.2268,0.6957,0.2088,0.3878,0,7,3,10,5.3579532644439105,small
pay119380,cus2568,mer39,2025-03-22 14:56:00,125.86,netbanking,bank_h,subscription_saas,card_expired,4,0.1379,1,0.0,0.1975,0.0,0.0,0.1221,0.0761,1,14,5,22,4.843084116205751,small
pay106865,cus689,mer11,2025-06-27 05:31:00,224.09,upi,bank_g,food_delivery,bank_server_timeout,3,0.6978,1,1.0,0.0762,0.72,0.5085,0.4801,0.4379,0,5,4,27,5.4165003222257475,small
pay102446,cus1377,mer101,2025-05-20 05:42:00,186.27,debit_card,bank_b,food_delivery,insufficient_funds,2,0.5272,0,,0.199,0.2027,0.5253,0.2384,0.6485,0,5,1,20,5.232551425772417,small
pay116828,cus3467,mer13,2025-02-23 22:41:00,1392.42,debit_card,bank_b,ecommerce,issuer_decline,1,0.4228,0,,0.3094,0.2521,0.3723,0.0,0.0,1,22,6,23,7.239516435873231,medium
pay111155,cus3865,mer89,2025-05-02 19:31:00,132.96,upi,bank_i,food_delivery,otp_expired,1,0.6347,0,,0.1028,0.3782,0.259,0.0,0.2005,0,19,4,2,4.897541247926004,small
pay104798,cus3714,mer45,2025-03-12 08:54:00,2353.78,debit_card,bank_a,food_delivery,issuer_decline,1,0.369,0,,0.2265,0.2037,0.2651,0.0025,0.2246,0,8,2,12,7.764202583827737,medium
pay117412,cus1693,mer106,2025-04-15 19:57:00,207.62,upi,bank_e,subscription_saas,network_timeout,3,0.7514,1,1.0,0.161,0.5726,0.3438,0.2326,0.1198,0,19,1,15,5.340514415247825,small
pay113613,cus2802,mer46,2025-04-05 17:35:00,153.06,credit_card,bank_c,ecommerce,network_timeout,3,0.7698,1,1.0,0.2445,0.5163,0.3084,0.341,0.3187,1,17,5,5,5.03734213692482,small
pay111273,cus2742,mer74,2025-02-17 06:19:00,469.75,upi,bank_b,subscription_saas,bank_server_timeout,4,0.7749,1,1.0,0.065,0.8422,0.4124,0.5803,0.2293,0,6,0,17,6.154327167537262,small
pay109499,cus1982,mer85,2025-01-20 22:40:00,601.3,netbanking,bank_c,travel,network_timeout,2,0.7192,1,0.0,0.1119,0.471,0.1513,0.5724,0.4148,0,22,0,20,6.4007556600496756,medium
pay108215,cus3598,mer108,2025-05-12 00:25:00,328.29,debit_card,bank_a,ecommerce,issuer_decline,1,0.5147,0,,0.1722,0.3154,0.1466,0.0,0.0349,0,0,0,12,5.796938821475121,small
pay113068,cus1397,mer67,2025-04-01 05:42:00,7664.22,debit_card,bank_i,ecommerce,network_timeout,4,0.6987,0,,0.4236,0.6702,0.2633,0.4819,0.2252,0,5,1,1,8.944448492785739,large
pay101009,cus527,mer8,2025-04-04 15:35:00,655.1,debit_card,bank_d,food_delivery,account_blocked,3,0.0319,0,,0.3556,0.0,0.0,0.0,0.1504,0,15,4,4,6.4863132163508315,medium
pay113067,cus3010,mer55,2025-01-10 02:52:00,1488.6,upi,bank_g,education_fees,insufficient_funds,1,0.4877,0,,0.4131,0.2013,0.6285,0.0,0.3074,0,2,4,10,7.306262906522803,medium
pay118380,cus833,mer63,2025-04-21 09:16:00,575.68,credit_card,bank_i,subscription_saas,card_expired,4,0.0144,0,,0.1743,0.0,0.0,0.24,0.2514,0,9,0,21,6.357287519943703,medium
pay104639,cus457,mer113,2025-06-15 11:09:00,1521.68,debit_card,bank_b,ecommerce,issuer_decline,2,0.419,0,,0.3595,0.1832,0.1864,0.0786,0.1904,1,11,6,15,7.328227219196823,medium
pay113850,cus3525,mer99,2025-02-10 03:31:00,428.65,upi,bank_i,subscription_saas,insufficient_funds,1,0.4939,1,0.0,0.1974,0.3546,0.6819,0.2128,0.6131,0,3,0,10,6.062970923759232,small
pay104223,cus2699,mer108,2025-04-06 23:38:00,657.85,upi,bank_f,food_delivery,account_blocked,4,0.0451,0,,0.1936,0.0501,0.0,0.1067,0.0861,1,23,6,6,6.490495890991261,medium
pay109777,cus691,mer26,2025-03-12 21:22:00,358.79,upi,bank_i,food_delivery,insufficient_funds,2,0.4428,0,,0.1069,0.2342,0.5259,0.0741,0.2152,0,21,2,12,5.88552052791174,small
pay105416,cus1395,mer18,2025-03-05 10:16:00,6027.1,credit_card,bank_c,food_delivery,bank_server_timeout,2,0.7966,1,1.0,0.4775,0.3865,0.1133,0.6434,0.3246,0,10,2,5,8.704187148858951,large
pay119913,cus2071,mer1,2025-02-08 01:12:00,727.27,debit_card,bank_d,travel,issuer_decline,1,0.3823,1,0.0,0.2803,0.3296,0.2565,0.1344,0.1264,1,1,5,8,6.590671858558904,medium
pay107482,cus2988,mer109,2025-03-25 08:48:00,164.88,debit_card,bank_i,travel,upi_server_busy,3,0.8121,1,1.0,0.1388,1.0,0.568,0.5494,0.4425,0,8,1,25,5.1112646353781805,small
pay105593,cus3847,mer41,2025-04-23 19:38:00,6857.69,debit_card,bank_c,education_fees,bank_server_timeout,1,0.7957,1,0.0,0.3505,0.5566,0.3009,0.0,0.3004,0,19,2,23,8.833271740385221,large
pay115492,cus3450,mer67,2025-01-01 16:10:00,232.89,upi,bank_j,education_fees,account_blocked,3,0.0729,0,,0.2662,0.0,0.0,0.0242,0.2161,0,16,2,1,5.454850919362802,small
pay117025,cus2999,mer34,2025-04-01 02:44:00,1511.01,credit_card,bank_j,ecommerce,insufficient_funds,3,0.5469,0,,0.3691,0.211,0.8791,0.2794,0.3748,0,2,1,1,7.321195170474221,medium
pay110423,cus295,mer108,2025-02-14 02:50:00,4656.02,credit_card,bank_a,utility_bills,bank_server_timeout,3,0.765,1,0.0,0.3875,0.6756,0.5364,0.6279,0.2206,0,2,4,14,8.44613103758342,medium
pay117591,cus3107,mer64,2025-04-17 16:09:00,2358.38,upi,bank_h,ecommerce,account_blocked,1,0.0688,0,,0.4156,0.0435,0.109,0.2237,0.0,0,16,3,17,7.766154151640442,medium
pay108679,cus2304,mer59,2025-05-27 02:06:00,352.12,netbanking,bank_c,education_fees,bank_server_timeout,4,0.835,1,1.0,0.2744,0.777,0.2713,0.5831,0.165,0,2,1,27,5.8668079425084265,small
pay115493,cus2448,mer26,2025-04-08 11:04:00,5261.72,upi,bank_h,food_delivery,network_timeout,3,0.7276,0,,0.2582,0.5872,0.1287,0.4324,0.2466,0,11,1,8,8.568403282342477,large
pay119654,cus1750,mer7,2025-03-31 07:29:00,23900.16,debit_card,bank_b,ecommerce,insufficient_funds,3,0.434,0,,0.338,0.3014,0.6336,0.3847,0.4724,0,7,0,31,10.081682272306644,large
pay113702,cus2773,mer7,2025-05-31 03:51:00,3598.13,upi,bank_f,utility_bills,otp_expired,4,0.5424,1,0.0,0.367,0.2696,0.3023,0.2651,0.3281,1,3,5,31,8.18844742857144,medium
pay101824,cus1771,mer19,2025-05-20 01:57:00,1574.81,upi,bank_e,ecommerce,bank_server_timeout,4,0.7582,1,1.0,0.9541,0.8075,0.3197,0.6412,0.0557,0,1,1,20,7.362524704774445,medium
pay112688,cus1410,mer1,2025-03-16 03:45:00,1005.38,debit_card,bank_g,education_fees,upi_server_busy,4,0.8562,0,,0.2466,0.7063,0.2272,0.6496,0.2444,1,3,6,16,6.914115012934719,medium
pay106058,cus537,mer60,2025-04-26 07:11:00,164.75,upi,bank_j,education_fees,insufficient_funds,1,0.4741,1,0.0,0.2285,0.033,0.3151,0.0887,0.2887,1,7,5,26,5.110480629065972,small
pay110692,cus2177,mer35,2025-05-06 16:59:00,642.36,credit_card,bank_h,education_fees,otp_expired,4,0.6436,0,,0.1982,0.4897,0.6688,0.2548,0.1747,0,16,1,6,6.466704443148964,medium
pay111367,cus191,mer32,2025-04-16 03:05:00,343.31,upi,bank_b,food_delivery,account_blocked,4,0.0558,0,,0.0704,0.1529,0.2378,0.0437,0.0,0,3,2,16,5.841542414360687,small
pay103355,cus2428,mer45,2025-03-21 10:05:00,188.54,upi,bank_a,education_fees,duplicate_payment_block,1,0.2853,0,,0.1306,0.2033,0.2261,0.0,0.0,0,10,4,21,5.244600084042049,small
pay113718,cus1395,mer115,2025-02-09 16:06:00,7473.19,upi,bank_a,food_delivery,otp_expired,4,0.5524,1,1.0,0.4005,0.4762,0.4711,0.0924,0.3435,1,16,6,9,8.919211031183375,large
pay104326,cus1739,mer58,2025-06-03 02:05:00,1403.13,upi,bank_g,utility_bills,insufficient_funds,4,0.4727,0,,0.225,0.3243,0.8351,0.1428,0.5875,0,2,1,3,7.2471731728919195,medium
pay104155,cus176,mer4,2025-02-03 13:36:00,75.93,credit_card,bank_h,subscription_saas,otp_expired,3,0.6272,0,,0.1526,0.3491,0.4536,0.2161,0.3543,0,13,0,3,4.342895917470844,small
pay109743,cus1078,mer9,2025-02-14 00:24:00,415.45,upi,bank_d,education_fees,insufficient_funds,1,0.5081,1,0.0,0.2905,0.2936,0.7084,0.0425,0.3845,0,0,4,14,6.031766406381349,small
pay100600,cus3934,mer63,2025-04-21 22:21:00,723.25,credit_card,bank_a,ecommerce,network_timeout,2,0.8306,1,1.0,0.8407,0.6282,0.3095,0.4162,0.3105,0,22,0,21,6.58513663664946,medium
pay100938,cus3818,mer3,2025-03-25 02:22:00,5125.52,netbanking,bank_a,travel,insufficient_funds,4,0.4879,1,0.0,0.4269,0.1344,0.5164,0.1771,0.2184,0,2,1,25,8.542182345399718,large
pay106186,cus516,mer117,2025-03-12 05:52:00,86.57,credit_card,bank_d,ecommerce,issuer_decline,1,0.4724,1,0.0,0.2744,0.2376,0.3349,0.0289,0.1726,0,5,2,12,4.472438473534133,small
pay101470,cus135,mer4,2025-06-11 14:28:00,1007.74,upi,bank_i,food_delivery,account_blocked,2,0.0,0,,0.2448,0.0,0.0221,0.0,0.0,0,14,2,11,6.916457306276038,medium
pay107889,cus3136,mer72,2025-02-02 00:09:00,2520.08,upi,bank_c,utility_bills,insufficient_funds,1,0.483,1,0.0,0.3401,0.0434,0.7525,0.0,0.4422,1,0,6,2,7.832442660123537,medium
pay107992,cus615,mer33,2025-05-01 08:17:00,1275.1,upi,bank_i,ecommerce,network_timeout,4,0.775,1,1.0,0.1923,0.5911,0.3857,0.3177,0.1293,0,8,3,1,7.1515638307399305,medium
pay106775,cus1708,mer31,2025-06-20 00:23:00,992.18,debit_card,bank_b,subscription_saas,duplicate_payment_block,2,0.2366,0,,0.3193,0.084,0.2229,0.3644,0.0708,0,0,4,20,6.900911916500129,medium
pay108073,cus3521,mer52,2025-02-26 09:34:00,334.55,upi,bank_f,utility_bills,network_timeout,3,0.8075,0,,0.123,0.7174,0.3039,0.3923,0.158,0,9,2,26,5.815770976604249,small
pay111616,cus1720,mer27,2025-03-08 03:00:00,275.0,upi,bank_g,ecommerce,bank_server_timeout,1,0.6612,0,,0.3026,0.6384,0.5,0.0753,0.3311,1,3,5,8,5.62040086571715,small
pay105248,cus3574,mer83,2025-06-12 02:41:00,989.74,upi,bank_i,education_fees,network_timeout,3,0.8074,1,1.0,0.1933,0.6452,0.1841,0.3824,0.4249,0,2,3,12,6.898452138655992,medium
pay118767,cus666,mer8,2025-06-17 00:54:00,4115.77,debit_card,bank_d,education_fees,account_blocked,1,0.0,0,,0.5656,0.1339,0.0125,0.0,0.0,0,0,1,17,8.322824154287558,medium
pay118523,cus3392,mer43,2025-01-21 08:23:00,11133.12,upi,bank_j,ecommerce,insufficient_funds,2,0.5145,0,,0.567,0.1725,0.6436,0.2489,0.2859,0,8,1,21,9.31776954648311,large
pay119788,cus356,mer41,2025-04-08 21:36:00,677.51,upi,bank_i,utility_bills,otp_expired,2,0.5777,0,,0.1526,0.3806,0.1813,0.0,0.2901,0,21,1,8,6.51989921755983,medium
pay119726,cus1575,mer9,2025-06-16 15:43:00,951.32,upi,bank_e,utility_bills,otp_expired,3,0.5356,0,,0.2858,0.377,0.3539,0.2091,0.0973,0,15,0,16,6.858901112764618,medium
pay118797,cus3371,mer11,2025-05-22 03:56:00,649.12,upi,bank_d,education_fees,issuer_decline,1,0.5725,0,,0.2868,0.2622,0.024,0.0,0.1089,0,3,3,22,6.477156961234975,medium
pay109771,cus624,mer29,2025-06-02 04:23:00,385.41,upi,bank_f,travel,otp_expired,4,0.4785,0,,0.1689,0.2466,0.5516,0.0,0.385,0,4,0,2,5.956898981920668,small
pay110292,cus85,mer74,2025-01-14 23:58:00,685.67,upi,bank_b,ecommerce,upi_server_busy,2,0.8164,1,1.0,0.1407,0.7079,0.5558,0.7263,0.579,0,23,1,14,6.531853827472666,medium
pay114797,cus921,mer93,2025-06-29 23:24:00,174.55,upi,bank_d,subscription_saas,bank_server_timeout,2,0.8303,1,1.0,0.2683,0.7305,0.6499,0.5688,0.3268,1,23,6,29,5.167923902614441,small
pay101085,cus3862,mer17,2025-06-01 00:47:00,152.38,debit_card,bank_b,ecommerce,bank_server_timeout,1,0.7695,0,,0.2874,0.7233,0.5523,0.1171,0.3368,1,0,6,1,5.032918502336713,small
pay112747,cus2159,mer110,2025-05-07 16:30:00,369.12,upi,bank_d,food_delivery,upi_server_busy,1,0.9063,1,1.0,0.405,0.6173,0.3032,0.0,0.2699,0,16,2,7,5.91382727738083,small
pay115386,cus3757,mer6,2025-06-21 22:21:00,819.2,credit_card,bank_f,subscription_saas,insufficient_funds,2,0.4961,1,1.0,0.305,0.3477,0.5533,0.095,0.6791,1,22,5,21,6.709548212957959,medium
pay119339,cus2247,mer19,2025-04-09 11:26:00,332.17,upi,bank_e,food_delivery,card_expired,1,0.0747,0,,0.1379,0.1153,0.0,0.0,0.0487,0,11,2,9,5.808652870224797,small
pay102421,cus3323,mer27,2025-05-17 10:11:00,50.0,upi,bank_f,subscription_saas,network_timeout,1,0.7844,1,1.0,0.0952,0.5964,0.0111,0.0327,0.3229,1,10,5,17,3.9318256327243257,small
pay109835,cus178,mer119,2025-05-01 05:26:00,343.72,netbanking,bank_d,utility_bills,insufficient_funds,2,0.5625,0,,0.2359,0.1752,0.7522,0.3276,0.3902,0,5,3,1,5.842732493307583,small
pay111333,cus2627,mer84,2025-02-16 06:51:00,272.64,credit_card,bank_d,subscription_saas,bank_server_timeout,4,0.8531,1,1.0,0.3163,0.5416,0.5702,0.851,0.3979,1,6,6,16,5.611813373892797,small
pay114964,cus2906,mer85,2025-01-05 04:09:00,1245.38,debit_card,bank_c,food_delivery,duplicate_payment_block,3,0.2498,1,0.0,0.2829,0.1356,0.0271,0.0,0.2816,1,4,6,5,7.127998628774648,medium
pay112165,cus2578,mer31,2025-04-14 02:05:00,226.03,debit_card,bank_a,utility_bills,bank_server_timeout,1,0.8794,1,1.0,0.0846,0.7003,0.3211,0.0,0.3803,0,2,0,14,5.425082167339534,small
pay108113,cus471,mer98,2025-02-22 17:55:00,386.66,upi,bank_h,food_delivery,insufficient_funds,2,0.4779,1,1.0,0.1607,0.278,0.5688,0.1705,0.2285,1,17,5,22,5.960128666798129,small
pay107411,cus2131,mer117,2025-01-28 13:23:00,228.41,upi,bank_a,education_fees,network_timeout,2,0.7778,0,,0.1934,0.3944,0.1038,0.3528,0.3287,0,13,1,28,5.435510795724244,small
pay109115,cus425,mer52,2025-05-11 08:09:00,331.76,debit_card,bank_c,subscription_saas,bank_server_timeout,3,0.8548,0,,0.03,0.7866,0.5833,0.7481,0.4837,1,8,6,11,5.807421509415687,small
pay118899,cus3002,mer34,2025-03-04 14:51:00,652.96,credit_card,bank_d,ecommerce,duplicate_payment_block,1,0.2021,0,,0.2349,0.2463,0.0289,0.0,0.0,0,14,1,4,6.483046187507211,medium
pay104002,cus3870,mer45,2025-01-07 08:24:00,488.34,upi,bank_h,food_delivery,upi_server_busy,2,0.8114,0,,0.1741,0.805,0.4902,0.698,0.462,0,8,1,7,6.193057544391747,small
pay106878,cus3758,mer96,2025-04-18 01:12:00,344.9,debit_card,bank_c,food_delivery,insufficient_funds,2,0.5862,0,,0.15,0.3562,0.6765,0.4219,0.5538,0,1,4,18,5.846149715943123,small
pay102364,cus3754,mer17,2025-05-17 18:03:00,739.22,credit_card,bank_f,subscription_saas,insufficient_funds,4,0.4881,1,0.0,0.1721,0.0299,0.4248,0.2439,0.2845,1,18,5,17,6.606947439311428,medium
pay114719,cus2453,mer98,2025-04-29 01:30:00,1007.7,debit_card,bank_b,food_delivery,insufficient_funds,2,0.3743,1,1.0,0.2185,0.4418,0.5152,0.0,0.5285,0,1,1,29,6.916417652060789,medium
pay103441,cus1299,mer40,2025-01-05 09:37:00,215.43,upi,bank_h,food_delivery,upi_server_busy,3,0.911,1,1.0,0.0675,0.7847,0.0252,0.6019,0.3936,1,9,6,5,5.377267169526438,small
pay109181,cus127,mer38,2025-02-12 09:09:00,361.41,upi,bank_c,food_delivery,network_timeout,1,0.7313,1,1.0,0.1383,0.7312,0.2377,0.2603,0.4376,0,9,2,12,5.892776167607106,small
pay110378,cus3481,mer30,2025-02-26 11:17:00,292.9,upi,bank_c,travel,insufficient_funds,4,0.475,1,0.0,0.1642,0.1035,0.5121,0.0133,0.4039,0,11,2,26,5.6832395734248715,small
pay107613,cus1711,mer31,2025-04-30 21:33:00,143.45,upi,bank_i,food_delivery,issuer_decline,2,0.4142,1,0.0,0.1746,0.0906,0.2825,0.1499,0.1295,0,21,2,30,4.9729334269122445,small
pay104940,cus119,mer44,2025-05-11 21:13:00,308.23,netbanking,bank_g,travel,insufficient_funds,4,0.478,0,,0.1295,0.0884,0.5237,0.2795,0.3974,1,21,6,11,5.734085336586247,small
pay117109,cus39,mer37,2025-05-23 12:28:00,8783.38,credit_card,bank_i,travel,bank_server_timeout,4,0.7995,1,1.0,0.4865,0.5158,0.264,0.7753,0.3614,0,12,4,23,9.080730423287193,large
pay108086,cus2990,mer73,2025-05-02 00:24:00,168.97,credit_card,bank_f,utility_bills,bank_server_timeout,2,0.7864,0,,0.2344,0.7735,0.6562,0.5284,0.2485,0,0,4,2,5.13562195088926,small
pay119748,cus2231,mer8,2025-02-06 10:27:00,336.49,netbanking,bank_j,utility_bills,upi_server_busy,1,0.8324,0,,0.1525,0.3846,0.1681,0.0,0.3319,0,10,3,6,5.821535880243989,small
pay114009,cus886,mer85,2025-06-10 05:31:00,1702.63,netbanking,bank_b,education_fees,upi_server_busy,4,0.9365,1,0.0,0.3318,0.4583,0.5434,0.7994,0.4242,0,5,1,10,7.440516547661559,medium
pay101830,cus1797,mer75,2025-03-05 20:55:00,596.46,upi,bank_b,food_delivery,card_expired,1,0.0277,0,,0.2038,0.1077,0.0,0.0,0.1792,0,20,2,5,6.392687335958014,medium
pay117286,cus2774,mer14,2025-02-04 10:14:00,2857.18,upi,bank_f,food_delivery,issuer_decline,2,0.5306,1,0.0,0.3152,0.3279,0.2833,0.2206,0.1402,0,10,1,4,7.957940337612254,medium
pay105456,cus1593,mer57,2025-01-29 17:53:00,511.41,upi,bank_c,subscription_saas,bank_server_timeout,4,0.7857,1,0.0,0.1584,0.6799,0.3097,0.8289,0.6404,0,17,2,29,6.239125085835267,medium
pay117902,cus963,mer71,2025-01-02 01:07:00,853.59,credit_card,bank_i,subscription_saas,bank_server_timeout,1,0.8387,1,1.0,0.2278,0.8753,0.3922,0.0,0.2194,0,1,3,2,6.7506218217607,medium
pay104477,cus1982,mer68,2025-03-08 07:15:00,2004.45,upi,bank_b,education_fees,otp_expired,1,0.6633,0,,0.3474,0.5012,0.5157,0.0354,0.4759,1,7,5,8,7.60362375346077,medium
pay116123,cus3104,mer52,2025-02-11 22:43:00,110.44,debit_card,bank_j,subscription_saas,insufficient_funds,2,0.526,1,0.0,0.319,0.0989,0.5726,0.2117,0.3539,0,22,1,11,4.71348632947155,small
pay108849,cus1611,mer117,2025-04-17 14:20:00,332.79,upi,bank_g,education_fees,upi_server_busy,1,0.8556,1,1.0,0.0489,0.7545,0.4133,0.0233,0.3264,0,14,3,17,5.810512052720266,small
pay104278,cus3868,mer81,2025-05-13 00:22:00,412.02,upi,bank_b,utility_bills,upi_server_busy,1,0.8728,1,1.0,0.1329,0.7343,0.1187,0.0,0.3537,0,0,1,13,6.023496017938646,small
pay118567,cus299,mer90,2025-02-01 22:29:00,1442.93,upi,bank_a,utility_bills,network_timeout,1,0.7399,1,1.0,0.2006,0.8412,0.3839,0.1218,0.2504,1,22,5,1,7.275123841823457,medium
pay103283,cus523,mer20,2025-01-18 14:26:00,2139.64,netbanking,bank_g,food_delivery,otp_expired,2,0.6325,0,,0.3947,0.3851,0.3347,0.3861,0.4344,1,14,5,18,7.668860128725309,medium
pay105129,cus526,mer15,2025-04-19 17:03:00,226.5,credit_card,bank_e,ecommerce,bank_server_timeout,1,0.7301,1,1.0,0.0757,0.359,0.3507,0.1358,0.3558,1,17,5,19,5.427150238391005,small
pay102077,cus3399,mer75,2025-03-21 05:01:00,417.32,upi,bank_f,food_delivery,issuer_decline,2,0.4949,0,,0.1479,0.1886,0.0764,0.2335,0.0,0,5,4,21,6.036246689879875,small
pay109113,cus2633,mer72,2025-05-19 13:20:00,1198.17,upi,bank_a,ecommerce,upi_server_busy,3,0.798,1,1.0,0.3014,0.5835,0.3417,0.6548,0.3067,0,13,0,19,7.0893849297976805,medium
pay117913,cus1266,mer62,2025-05-02 04:05:00,479.81,upi,bank_d,food_delivery,duplicate_payment_block,4,0.216,0,,0.2545,0.3897,0.271,0.008,0.1019,0,4,4,2,6.175472181673594,small
pay100659,cus1023,mer92,2025-02-21 20:50:00,273.7,upi,bank_a,education_fees,upi_server_busy,2,0.8443,1,1.0,0.1378,0.4562,0.2177,0.4962,0.4561,0,20,4,21,5.615679593101228,small
pay112337,cus1993,mer96,2025-03-04 05:25:00,1032.29,upi,bank_i,travel,insufficient_funds,2,0.5405,0,,0.2205,0.2293,0.8819,0.0753,0.4763,0,5,1,4,6.94050316544194,medium
pay100021,cus1793,mer19,2025-03-08 17:51:00,10127.04,upi,bank_b,subscription_saas,insufficient_funds,2,0.5006,0,,0.5342,0.0,0.5847,0.1244,0.3211,1,17,5,8,9.223063093823235,large
pay119461,cus1999,mer9,2025-02-03 03:20:00,299.33,credit_card,bank_j,education_fees,upi_server_busy,4,0.7528,1,1.0,0.3748,0.9584,0.3243,0.5928,0.259,0,3,0,3,5.704881870099502,small
pay100804,cus3570,mer2,2025-05-13 21:08:00,169.93,debit_card,bank_f,food_delivery,network_timeout,4,0.713,1,1.0,0.1317,0.6686,0.0941,0.243,0.2602,0,21,1,13,5.141254115968176,small
pay113467,cus2339,mer73,2025-05-24 07:01:00,290.06,credit_card,bank_d,food_delivery,issuer_decline,4,0.4075,1,0.0,0.3006,0.3133,0.2436,0.1697,0.2234,1,7,5,24,5.67352943148518,small
pay108153,cus1225,mer11,2025-04-27 20:35:00,1064.85,upi,bank_g,food_delivery,otp_expired,2,0.569,1,1.0,0.2518,0.4822,0.3483,0.3432,0.2379,1,20,6,27,6.9715278818792035,medium
pay100385,cus2266,mer108,2025-01-23 02:18:00,191.91,debit_card,bank_g,utility_bills,card_expired,2,0.062,0,,0.1607,0.0,0.0,0.1537,0.0,0,2,3,23,5.262223758899798,small
pay104681,cus1888,mer99,2025-01-31 15:46:00,949.81,netbanking,bank_d,food_delivery,insufficient_funds,3,0.5052,0,,0.9128,0.2723,0.5455,0.3268,0.3927,0,15,4,31,6.857314252889712,medium
pay105944,cus864,mer24,2025-02-15 15:39:00,178.27,upi,bank_a,utility_bills,insufficient_funds,1,0.4106,1,0.0,0.1057,0.3379,0.464,0.0979,0.1061,1,15,5,15,5.188893049266747,small
pay106451,cus3152,mer84,2025-05-26 09:51:00,322.93,upi,bank_f,subscription_saas,bank_server_timeout,4,0.8562,1,0.0,0.1648,0.6661,0.5302,0.5131,0.3647,0,9,0,26,5.780527443067584,small
pay112030,cus1484,mer75,2025-05-10 07:21:00,606.32,upi,bank_f,food_delivery,bank_server_timeout,4,0.8356,1,0.0,0.2018,0.5554,0.6449,0.7496,0.1025,1,7,5,10,6.409055835013987,medium
pay101538,cus875,mer59,2025-05-08 03:04:00,1248.2,credit_card,bank_i,ecommerce,insufficient_funds,1,0.4799,0,,0.3422,0.3481,0.5008,0.0512,0.5854,0,3,3,8,7.130258625408923,medium
pay113645,cus3940,mer36,2025-03-30 04:19:00,124.61,upi,bank_h,food_delivery,issuer_decline,4,0.3989,1,0.0,0.1279,0.2278,0.2421,0.0405,0.0969,1,4,6,30,4.833181868699161,small
pay109983,cus1677,mer50,2025-06-03 21:22:00,3617.07,debit_card,bank_h,subscription_saas,upi_server_busy,3,0.8259,1,1.0,0.3918,0.6469,0.4887,0.6808,0.4375,0,21,1,3,8.193696013473991,medium
pay119711,cus687,mer8,2025-06-19 11:34:00,637.78,credit_card,bank_g,food_delivery,insufficient_funds,4,0.482,1,1.0,0.1584,0.3023,0.4736,0.3494,0.7329,0,11,3,19,6.45956010714691,medium
pay118695,cus3908,mer70,2025-05-31 00:42:00,438.59,upi,bank_i,ecommerce,bank_server_timeout,3,0.7747,1,1.0,0.0615,0.7243,0.608,0.6943,0.39,1,0,5,31,6.085842474318043,small
pay104862,cus123,mer68,2025-06-10 12:57:00,3088.55,upi,bank_f,food_delivery,bank_server_timeout,4,0.773,1,1.0,0.2611,0.5867,0.5155,0.7784,0.39,0,12,1,10,8.035780728218596,medium
pay112277,cus718,mer40,2025-02-02 23:20:00,2979.25,upi,bank_h,travel,upi_server_busy,2,0.8258,1,1.0,0.3305,0.7636,0.3816,0.5021,0.1963,1,23,6,2,7.999762468598111,medium
pay111871,cus616,mer75,2025-04-10 11:30:00,1627.25,upi,bank_d,education_fees,network_timeout,2,0.7629,1,1.0,0.3988,0.6756,0.0022,0.5169,0.2459,0,11,3,10,7.395261097426511,medium
pay106050,cus3564,mer7,2025-03-16 16:24:00,436.56,upi,bank_e,food_delivery,bank_server_timeout,1,0.8276,1,1.0,0.1757,0.687,0.5887,0.0,0.5556,1,16,6,16,6.08121383925159,small
pay115242,cus685,mer3,2025-02-28 05:30:00,237.15,upi,bank_j,education_fees,issuer_decline,1,0.4492,0,,0.2661,0.1391,0.3024,0.0832,0.1295,0,5,4,28,5.472900727246869,small
pay106019,cus777,mer85,2025-05-16 03:37:00,132.21,upi,bank_e,ecommerce,bank_server_timeout,4,0.8349,1,1.0,0.1649,0.9102,0.3072,0.6855,0.249,0,3,4,16,4.891926830363372,small
pay114559,cus3566,mer21,2025-05-14 03:50:00,246.48,debit_card,bank_h,ecommerce,card_expired,4,0.0675,0,,0.066,0.0,0.214,0.023,0.0,0,3,2,14,5.511329770662788,small
pay112468,cus903,mer3,2025-03-20 22:00:00,2088.26,debit_card,bank_i,food_delivery,account_blocked,3,0.0645,0,,0.3463,0.0,0.0,0.0372,0.0702,0,22,3,20,7.644565215276696,medium
pay106023,cus534,mer111,2025-06-10 01:47:00,413.1,netbanking,bank_g,food_delivery,bank_server_timeout,4,0.8616,1,0.0,0.2248,0.7534,0.4322,0.5542,0.1715,0,1,1,10,6.026107490551522,small
pay102472,cus2024,mer9,2025-03-16 15:42:00,5338.15,upi,bank_h,education_fees,network_timeout,1,0.7838,1,1.0,0.366,0.603,0.0204,0.101,0.3776,1,15,6,16,8.58282174325443,large
pay118131,cus38,mer97,2025-04-19 13:31:00,361.08,credit_card,bank_d,food_delivery,bank_server_timeout,2,0.7872,1,0.0,0.2976,0.5022,0.2839,0.5431,0.3455,1,13,5,19,5.891865181885227,small
pay114397,cus1586,mer69,2025-05-07 20:44:00,279.51,credit_card,bank_d,travel,upi_server_busy,1,0.94,1,1.0,0.2779,0.5073,0.4047,0.0,0.5631,0,20,2,7,5.636609374951169,small
pay115442,cus3042,mer117,2025-04-13 02:51:00,3027.24,upi,bank_h,food_delivery,network_timeout,3,0.7093,1,0.0,0.4144,0.5063,0.312,0.3464,0.2105,1,2,6,13,8.015736871654193,medium
pay116872,cus1769,mer116,2025-02-20 12:02:00,214.68,debit_card,bank_c,subscription_saas,insufficient_funds,4,0.6202,1,0.0,0.1385,0.1924,0.3875,0.2223,0.4024,0,12,3,20,5.373795827723942,small
pay113629,cus2829,mer30,2025-04-01 07:48:00,480.1,upi,bank_g,ecommerce,upi_server_busy,2,0.9001,1,0.0,0.1835,0.7375,0.3765,0.84,0.2403,0,7,1,1,6.176075148705408,small
pay112335,cus3287,mer58,2025-03-24 20:05:00,252.64,upi,bank_j,utility_bills,duplicate_payment_block,4,0.1872,0,,0.2293,0.0,0.1611,0.0,0.0,0,20,0,24,5.535915938831831,small
pay101905,cus3323,mer118,2025-02-14 01:31:00,740.6,debit_card,bank_d,subscription_saas,insufficient_funds,2,0.4977,1,0.0,0.3216,0.0135,0.6788,0.0765,0.1281,0,1,4,14,6.608810014251645,medium
pay119217,cus448,mer65,2025-06-26 15:32:00,500.91,credit_card,bank_j,subscription_saas,bank_server_timeout,3,0.7896,1,0.0,0.3811,0.62,0.6394,0.7234,0.4322,0,15,3,26,6.218420820750109,medium
pay100793,cus2385,mer66,2025-05-29 13:44:00,1131.98,upi,bank_a,subscription_saas,bank_server_timeout,1,0.76,0,,0.2771,0.53,0.2905,0.0,0.239,0,13,3,29,7.032606608621542,medium
pay107433,cus3570,mer42,2025-05-12 10:45:00,148.99,upi,bank_f,food_delivery,issuer_decline,4,0.509,1,0.0,0.0736,0.0189,0.0,0.208,0.0,0,10,0,12,5.010568625207268,small
pay108141,cus1032,mer76,2025-03-12 17:09:00,116.45,netbanking,bank_b,food_delivery,bank_server_timeout,2,0.8349,1,0.0,0.2046,0.1835,0.4789,0.8777,0.4729,0,17,2,12,4.7660127111049215,small
pay104308,cus3019,mer14,2025-05-25 12:19:00,857.77,upi,bank_j,ecommerce,insufficient_funds,4,0.4847,1,1.0,0.3384,0.416,0.4265,0.1907,0.3417,1,12,6,25,6.75550113293057,medium
pay109776,cus674,mer24,2025-06-01 16:55:00,1199.44,upi,bank_g,subscription_saas,account_blocked,3,0.0662,0,,0.3488,0.2233,0.0582,0.0,0.2078,1,16,6,1,7.090443435236963,medium
pay103919,cus3890,mer60,2025-04-21 11:44:00,268.92,credit_card,bank_e,utility_bills,insufficient_funds,1,0.4406,0,,0.1145,0.0185,0.6458,0.0579,0.4978,0,11,0,21,5.598125618797658,small
pay103910,cus471,mer72,2025-02-11 20:56:00,2323.57,upi,bank_d,ecommerce,issuer_decline,3,0.4348,0,,0.532,0.355,0.2649,0.136,0.1632,0,20,1,11,7.751290354680234,medium
pay102889,cus2056,mer62,2025-02-05 02:56:00,3699.17,debit_card,bank_h,ecommerce,insufficient_funds,3,0.4499,1,0.0,0.4371,0.2821,0.8805,0.1955,0.5047,0,2,2,5,8.216134043522779,medium
pay111761,cus2259,mer47,2025-02-26 01:56:00,377.43,upi,bank_c,subscription_saas,network_timeout,1,0.6886,0,,0.1569,0.5579,0.1254,0.0467,0.3986,0,1,2,26,5.936031115219069,small
pay116748,cus807,mer20,2025-02-15 20:31:00,4190.24,upi,bank_j,education_fees,insufficient_funds,4,0.5352,0,,0.6049,0.3091,0.4096,0.36,0.3213,1,20,5,15,8.340751911854538,medium
pay112714,cus2219,mer77,2025-03-17 18:23:00,1498.86,debit_card,bank_f,subscription_saas,insufficient_funds,3,0.4462,0,,0.2984,0.278,0.4172,0.2116,0.5112,0,18,0,17,7.3131270494011416,medium
pay112886,cus2455,mer27,2025-05-25 04:11:00,2398.93,upi,bank_b,education_fees,bank_server_timeout,3,0.8052,0,,0.4027,0.4984,0.6206,0.8239,0.3371,1,4,6,25,7.783194849244015,medium
pay104393,cus3244,mer60,2025-01-13 03:43:00,1107.1,debit_card,bank_e,education_fees,otp_expired,2,0.6911,0,,0.2732,0.5095,0.3699,0.0186,0.1497,0,3,0,13,7.01040211594228,medium
pay110510,cus991,mer71,2025-04-16 16:10:00,3516.36,upi,bank_b,ecommerce,bank_server_timeout,1,0.7646,1,1.0,0.324,0.9363,0.3379,0.0,0.1637,0,16,2,16,8.165465987201438,medium
pay101734,cus1486,mer26,2025-06-05 00:23:00,2067.77,netbanking,bank_c,food_delivery,upi_server_busy,2,0.8075,1,1.0,0.254,0.6654,0.3764,0.7087,0.4102,0,0,3,5,7.634709506752357,medium
pay115483,cus1728,mer48,2025-03-24 09:53:00,1583.43,upi,bank_f,travel,insufficient_funds,2,0.5241,1,0.0,0.2728,0.2724,0.6951,0.228,0.3588,0,9,0,24,7.367980000180975,medium
pay113235,cus3930,mer106,2025-06-03 07:08:00,670.14,credit_card,bank_c,education_fees,account_blocked,2,0.0871,1,0.0,0.1782,0.0,0.0459,0.0225,0.0,0,7,1,3,6.508977759023789,medium
pay102640,cus441,mer43,2025-02-13 02:34:00,1502.63,upi,bank_h,travel,card_expired,3,0.0498,0,,0.3727,0.0,0.0,0.0,0.0843,0,2,3,13,7.315637463605906,medium
pay105900,cus3029,mer36,2025-06-17 09:50:00,273.38,upi,bank_g,education_fees,network_timeout,2,0.8807,1,1.0,0.2335,0.7254,0.2615,0.1873,0.1705,0,9,1,17,5.614514006898019,small
pay113914,cus882,mer111,2025-06-24 11:27:00,5760.41,netbanking,bank_e,ecommerce,otp_expired,2,0.5797,1,0.0,0.4841,0.3475,0.5935,0.0,0.2778,0,11,1,24,8.658937515400012,large
pay104117,cus498,mer101,2025-01-24 13:34:00,238.13,debit_card,bank_b,education_fees,insufficient_funds,1,0.5211,0,,0.0972,0.2384,0.3803,0.0,0.088,0,13,4,24,5.477007337107941,small
pay103142,cus2960,mer94,2025-03-23 05:51:00,983.94,credit_card,bank_e,food_delivery,upi_server_busy,2,0.8214,1,0.0,0.3382,0.7027,0.2964,0.8059,0.4157,1,5,6,23,6.89258072561119,medium
pay111953,cus3884,mer2,2025-05-17 00:37:00,372.72,upi,bank_a,ecommerce,otp_expired,2,0.5966,1,0.0,0.1858,0.4713,0.2593,0.4117,0.387,1,0,5,17,5.923506853924755,small
pay118079,cus3870,mer111,2025-01-08 23:50:00,3244.28,upi,bank_b,food_delivery,upi_server_busy,3,0.8613,1,1.0,0.2766,0.7271,0.2462,0.7421,0.4009,0,23,2,8,8.084956912010478,medium
pay116635,cus1508,mer53,2025-06-06 15:52:00,542.06,credit_card,bank_a,travel,network_timeout,2,0.737,1,1.0,0.1692,0.8084,0.2403,0.4638,0.4298,0,15,4,6,6.2972198110671345,medium
pay103150,cus2210,mer42,2025-05-09 07:51:00,528.47,credit_card,bank_a,ecommerce,network_timeout,4,0.7971,1,1.0,0.1318,0.5811,0.4027,0.2033,0.3378,0,7,4,9,6.271876506212584,medium
pay109087,cus3219,mer71,2025-03-30 19:48:00,551.46,upi,bank_a,education_fees,bank_server_timeout,1,0.7569,0,,0.1902,0.5192,0.2914,0.0,0.2015,1,19,6,30,6.314381032580987,medium
pay110881,cus2592,mer63,2025-01-24 05:59:00,50.0,credit_card,bank_j,subscription_saas,insufficient_funds,2,0.5426,0,,0.33,0.2574,0.7861,0.1518,0.2607,0,5,4,24,3.9318256327243257,small
pay117960,cus3092,mer109,2025-05-21 05:13:00,133.33,netbanking,bank_a,subscription_saas,issuer_decline,1,0.531,1,0.0,0.1507,0.0108,0.0909,0.0278,0.1399,0,5,2,21,4.900299459074922,small
pay102402,cus1244,mer26,2025-05-15 06:22:00,883.27,upi,bank_g,utility_bills,bank_server_timeout,4,0.8176,1,1.0,0.2735,0.8815,0.5485,0.8693,0.3855,0,6,3,15,6.784762445867691,medium
pay105523,cus1603,mer51,2025-06-15 10:34:00,398.89,debit_card,bank_f,food_delivery,network_timeout,3,0.6496,1,1.0,0.1366,0.3986,0.3941,0.4413,0.3419,1,10,6,15,5.9911895092885485,small
pay104328,cus1387,mer50,2025-01-09 16:33:00,779.7,upi,bank_b,ecommerce,network_timeout,3,0.7598,1,1.0,0.8614,0.5757,0.3583,0.565,0.0923,0,16,3,9,6.6601909531262455,medium
pay106688,cus2338,mer33,2025-05-06 18:33:00,518.3,debit_card,bank_h,utility_bills,insufficient_funds,2,0.5717,0,,0.1557,0.1316,0.5276,0.1027,0.3088,0,18,1,6,6.252481750850273,medium
pay116609,cus1525,mer38,2025-05-16 10:09:00,770.98,upi,bank_c,travel,upi_server_busy,4,0.8133,1,1.0,0.2711,0.7547,0.1957,0.7577,0.2932,0,10,4,16,6.648958642953439,medium
pay115990,cus447,mer78,2025-01-22 11:38:00,496.41,debit_card,bank_g,ecommerce,account_blocked,1,0.0732,0,,0.1236,0.0,0.1619,0.0634,0.0,0,11,2,22,6.2094146357108375,small
pay106815,cus2751,mer22,2025-02-15 07:23:00,82.55,credit_card,bank_j,education_fees,account_blocked,3,0.0118,0,,0.3365,0.0611,0.0,0.0,0.0,1,7,5,15,4.425445255041403,small
pay112279,cus3748,mer43,2025-03-22 02:33:00,2539.97,credit_card,bank_b,utility_bills,upi_server_busy,1,0.8928,1,1.0,0.3807,0.9059,0.5362,0.0929,0.5747,1,2,5,22,7.840301176875025,medium
pay119923,cus3094,mer99,2025-04-11 06:42:00,1288.35,credit_card,bank_j,education_fees,card_expired,3,0.0169,0,,0.3638,0.0,0.122,0.0,0.0,0,6,4,11,7.16189349439857,medium
pay104019,cus3756,mer84,2025-05-04 18:09:00,76.4,debit_card,bank_a,food_delivery,bank_server_timeout,3,0.8174,0,,0.1082,0.4816,0.4026,0.5987,0.3785,1,18,6,4,4.3489867805956814,small
pay113829,cus2835,mer41,2025-05-15 22:51:00,587.59,upi,bank_c,utility_bills,network_timeout,3,0.747,1,0.0,0.2541,0.597,0.3895,0.4444,0.3863,0,22,3,15,6.377729846188519,medium
pay110097,cus3964,mer90,2025-01-29 15:23:00,744.2,upi,bank_d,ecommerce,bank_server_timeout,3,0.8086,1,1.0,0.3744,0.6822,0.4558,0.6993,0.6096,0,15,2,29,6.613652638727434,medium
pay108887,cus2735,mer36,2025-06-14 03:48:00,105.04,debit_card,bank_c,education_fees,upi_server_busy,4,0.7982,0,,0.0806,0.6115,0.3596,0.9536,0.1755,1,3,5,14,4.663816381420824,small
pay115680,cus3420,mer32,2025-06-16 08:42:00,192.29,upi,bank_f,utility_bills,upi_server_busy,2,0.7628,1,0.0,0.2634,0.8385,0.4351,0.7091,0.3516,0,8,0,16,5.264191651818661,small
pay117495,cus1946,mer100,2025-06-04 04:29:00,168.35,upi,bank_c,utility_bills,issuer_decline,4,0.4396,1,0.0,0.168,0.1633,0.1328,0.3393,0.2355,0,4,2,4,5.13196757926378,small
pay102595,cus177,mer70,2025-01-30 21:23:00,7239.44,netbanking,bank_j,ecommerce,bank_server_timeout,2,0.7311,0,,0.6403,0.4985,0.1751,0.6978,0.2519,0,21,3,30,8.887437257013792,large
pay109794,cus204,mer108,2025-06-27 16:47:00,267.22,upi,bank_e,education_fees,card_expired,4,0.0,0,,0.233,0.0987,0.0384,0.1727,0.0,0,16,4,27,5.591807539282795,small
pay118744,cus2840,mer11,2025-01-18 18:03:00,2064.54,upi,bank_d,food_delivery,insufficient_funds,4,0.4843,0,,0.5434,0.4412,0.3443,0.2873,0.3619,1,18,5,18,7.633146972420305,medium
pay113596,cus3164,mer114,2025-01-21 15:32:00,317.34,upi,bank_j,food_delivery,network_timeout,3,0.7294,1,1.0,0.2943,0.9281,0.364,0.4146,0.1246,0,15,1,21,5.763119994001708,small
pay108936,cus3751,mer69,2025-06-29 20:13:00,248.52,credit_card,bank_f,subscription_saas,bank_server_timeout,4,0.8971,1,1.0,0.2993,0.3713,0.1748,0.7358,0.3247,1,20,6,29,5.519539072299548,small
pay104388,cus1576,mer75,2025-03-02 15:33:00,297.15,upi,bank_d,education_fees,issuer_decline,2,0.4054,1,0.0,0.2775,0.3452,0.208,0.0553,0.1635,1,15,6,2,5.697596715569115,small
pay117196,cus2253,mer24,2025-04-29 13:41:00,194.5,debit_card,bank_g,food_delivery,otp_expired,1,0.6763,0,,0.0638,0.1396,0.2091,0.1008,0.2821,0,13,1,29,5.27556037942542,small
pay104765,cus72,mer99,2025-01-28 02:35:00,867.64,upi,bank_a,food_delivery,issuer_decline,2,0.401,0,,0.2259,0.1784,0.1935,0.0617,0.1094,0,2,1,28,6.766928770157141,medium
pay110671,cus2162,mer111,2025-05-20 14:37:00,781.89,netbanking,bank_d,education_fees,network_timeout,2,0.7629,1,0.0,0.2585,0.3153,0.1438,0.3938,0.0468,0,14,1,20,6.662992200808918,medium
pay103259,cus1729,mer50,2025-03-15 19:25:00,661.44,upi,bank_g,subscription_saas,otp_expired,1,0.4816,0,,0.1932,0.0,0.3917,0.0326,0.4308,1,19,5,15,6.49592998772129,medium
pay113144,cus1838,mer72,2025-06-11 18:26:00,517.47,upi,bank_a,subscription_saas,network_timeout,4,0.7323,1,0.0,0.1672,0.6343,0.1778,0.6078,0.2003,0,18,2,11,6.250882166786416,medium
pay115832,cus3207,mer14,2025-05-10 13:48:00,4144.96,upi,bank_b,education_fees,bank_server_timeout,1,0.8098,1,0.0,0.3415,0.4443,0.1877,0.0,0.3473,1,13,5,10,8.32988964509583,medium
pay110181,cus2335,mer11,2025-03-16 04:50:00,1078.64,credit_card,bank_h,education_fees,account_blocked,4,0.0,0,,0.3387,0.0,0.0493,0.0,0.0,1,4,6,16,6.984382931217028,medium
pay105642,cus2131,mer52,2025-05-02 11:39:00,710.5,upi,bank_h,education_fees,bank_server_timeout,3,0.791,0,,0.1874,0.3667,0.4555,0.6939,0.4646,0,11,4,2,6.567375417529907,medium
pay106042,cus1762,mer98,2025-03-05 02:24:00,2853.53,upi,bank_b,subscription_saas,insufficient_funds,4,0.5117,0,,0.4519,0.3199,0.7706,0.2575,0.525,0,2,2,5,7.95666248507058,medium
pay116792,cus840,mer63,2025-04-30 22:14:00,658.37,upi,bank_c,subscription_saas,bank_server_timeout,2,0.8178,1,1.0,0.2101,0.6649,0.3621,0.5274,0.0612,0,22,2,30,6.491284833697292,medium
pay107938,cus491,mer42,2025-01-13 12:52:00,3933.38,credit_card,bank_e,food_delivery,issuer_decline,1,0.5014,0,,0.3374,0.1909,0.1831,0.0491,0.2504,0,12,0,13,8.277508588081785,medium
pay112428,cus3767,mer72,2025-06-12 12:35:00,624.61,credit_card,bank_h,ecommerce,issuer_decline,2,0.4429,0,,0.1411,0.306,0.3657,0.4091,0.1341,0,12,3,12,6.43872717375808,medium
pay115814,cus1489,mer74,2025-06-21 14:32:00,50.0,upi,bank_d,food_delivery,bank_server_timeout,4,0.7435,1,1.0,0.3021,0.6084,0.5737,0.6316,0.2282,1,14,5,21,3.9318256327243257,small
pay108290,cus514,mer9,2025-03-18 17:12:00,204.53,upi,bank_e,education_fees,issuer_decline,2,0.4347,0,,0.0313,0.0,0.1408,0.1178,0.1854,0,17,1,18,5.325592008682918,small
pay108424,cus2653,mer53,2025-01-12 21:11:00,277.29,upi,bank_i,education_fees,insufficient_funds,4,0.5205,0,,0.1329,0.2552,0.3679,0.315,0.3861,1,21,6,12,5.62866373543926,small
pay110778,cus848,mer100,2025-02-22 00:27:00,4282.25,credit_card,bank_j,utility_bills,upi_server_busy,3,0.8708,1,1.0,0.4179,0.8276,0.3562,0.7026,0.4108,1,0,5,22,8.362467346213082,medium
pay116047,cus2546,mer66,2025-03-16 08:56:00,132.61,debit_card,bank_b,ecommerce,insufficient_funds,1,0.4214,0,,0.1109,0.1893,0.7226,0.0,0.3201,1,8,6,16,4.894925108600803,small
pay112798,cus1985,mer59,2025-04-08 02:23:00,403.07,upi,bank_a,food_delivery,issuer_decline,1,0.4909,1,1.0,0.0907,0.1586,0.379,0.0888,0.1727,0,2,1,8,6.001588130278833,small
pay111257,cus3886,mer56,2025-01-11 14:46:00,331.3,upi,bank_c,utility_bills,card_expired,2,0.0,0,,0.2265,0.0754,0.0,0.0699,0.0496,1,14,5,11,5.806038175360548,small
pay112480,cus2710,mer109,2025-06-23 19:46:00,585.76,upi,bank_c,ecommerce,issuer_decline,1,0.5018,1,1.0,0.165,0.2975,0.2077,0.1847,0.1461,0,19,0,23,6.374615877619562,medium
pay105216,cus213,mer99,2025-05-22 14:06:00,66.97,credit_card,bank_c,subscription_saas,bank_server_timeout,1,0.745,1,0.0,0.1786,0.9032,0.6207,0.1675,0.3921,0,14,3,22,4.219066431358547,small
pay112673,cus3013,mer28,2025-03-18 22:28:00,283.56,upi,bank_h,subscription_saas,insufficient_funds,3,0.4763,1,0.0,0.2206,0.1216,0.6391,0.4636,0.407,0,22,1,18,5.6509441276402,small
pay101408,cus2347,mer111,2025-01-01 06:37:00,676.53,upi,bank_i,utility_bills,bank_server_timeout,3,0.773,1,1.0,0.2351,0.7571,0.4454,0.6181,0.3054,0,6,2,1,6.51845383221631,medium
pay107213,cus1332,mer48,2025-01-26 18:36:00,437.66,upi,bank_h,food_delivery,bank_server_timeout,2,0.7812,1,0.0,0.224,0.5912,0.5119,0.7997,0.3456,1,18,6,26,6.0837246255332795,small
pay113233,cus3317,mer82,2025-03-16 03:31:00,1203.63,credit_card,bank_h,education_fees,duplicate_payment_block,3,0.3591,0,,0.2456,0.0,0.1831,0.0,0.0,1,3,6,16,7.093927744832133,medium
pay110330,cus2500,mer37,2025-02-25 10:43:00,756.63,upi,bank_g,food_delivery,bank_server_timeout,2,0.7835,1,1.0,0.1258,0.595,0.4087,0.8315,0.3448,0,10,1,25,6.6301951398206995,medium
pay111427,cus3876,mer86,2025-05-04 11:44:00,2376.99,netbanking,bank_c,ecommerce,otp_expired,3,0.5962,1,0.0,0.315,0.4241,0.4731,0.2065,0.6279,1,11,6,4,7.774010872027419,medium
pay105312,cus2733,mer72,2025-02-07 13:33:00,485.01,debit_card,bank_e,utility_bills,bank_server_timeout,2,0.8021,1,1.0,0.1355,0.5515,0.4151,0.6238,0.2816,0,13,4,7,6.186229199820495,small
pay101090,cus3108,mer9,2025-04-01 12:32:00,6897.4,upi,bank_f,education_fees,network_timeout,1,0.8085,1,1.0,0.4215,0.5685,0.1599,0.0006,0.2692,0,12,1,1,8.839044779638115,large
pay118313,cus3312,mer10,2025-03-25 01:56:00,332.52,netbanking,bank_d,utility_bills,account_blocked,4,0.0558,0,,0.3549,0.0,0.0,0.0,0.066,0,1,1,25,5.809702833572541,small
pay103610,cus1265,mer112,2025-04-11 17:19:00,101.47,upi,bank_j,subscription_saas,bank_server_timeout,2,0.7929,1,1.0,0.2656,0.7357,0.0596,0.7156,0.3784,0,17,4,11,4.629570072811626,small
pay118516,cus616,mer102,2025-02-18 15:35:00,701.05,credit_card,bank_f,food_delivery,otp_expired,4,0.6144,1,0.0,0.1806,0.5215,0.3514,0.2278,0.3469,0,15,1,18,6.554004626560651,medium
pay116465,cus3684,mer77,2025-06-16 07:09:00,3239.49,credit_card,bank_i,education_fees,network_timeout,2,0.7819,1,0.0,0.2908,0.4311,0.3044,0.4595,0.1277,0,7,0,16,8.083479831919481,medium
pay118796,cus3664,mer80,2025-01-03 00:32:00,3223.23,upi,bank_f,food_delivery,upi_server_busy,1,0.8871,1,1.0,0.3231,0.8396,0.446,0.0,0.3591,0,0,4,3,8.078449441032317,medium
pay109067,cus51,mer85,2025-03-28 16:00:00,479.75,credit_card,bank_g,ecommerce,upi_server_busy,4,0.7896,1,1.0,0.1505,0.9648,0.3246,0.6713,0.2775,0,16,4,28,6.175347384468889,small
pay118404,cus1782,mer6,2025-05-15 04:37:00,1265.26,upi,bank_j,education_fees,bank_server_timeout,4,0.8331,0,,0.5183,0.7074,0.3829,0.6266,0.2224,0,4,3,15,7.143822952866359,medium
pay102476,cus3845,mer20,2025-04-04 20:38:00,283.37,debit_card,bank_f,education_fees,bank_server_timeout,1,0.777,1,1.0,0.0793,0.5708,0.5182,0.2439,0.2513,0,20,4,4,5.65027620713306,small
pay114172,cus2957,mer109,2025-01-31 07:41:00,1557.78,upi,bank_h,ecommerce,network_timeout,2,0.7878,1,1.0,0.2584,0.8986,0.1981,0.3932,0.2262,0,7,4,31,7.3516587429998985,medium
pay106784,cus3329,mer73,2025-02-13 07:29:00,604.26,debit_card,bank_g,food_delivery,bank_server_timeout,4,0.8818,1,0.0,0.2389,0.6976,0.5393,0.6798,0.3338,0,7,3,13,6.405658117779986,medium
pay115239,cus489,mer24,2025-06-02 00:29:00,84.02,credit_card,bank_h,travel,upi_server_busy,3,0.8443,0,,0.1291,0.6936,0.4185,0.5898,0.4029,0,0,0,2,4.442886522930644,small
pay112698,cus1148,mer12,2025-05-14 03:15:00,2324.07,netbanking,bank_g,food_delivery,otp_expired,4,0.6459,1,0.0,0.314,0.4099,0.348,0.2686,0.7841,0,3,2,14,7.751505425095116,medium
pay111543,cus3161,mer58,2025-06-07 15:39:00,9051.37,upi,bank_h,subscription_saas,insufficient_funds,1,0.4438,0,,0.5151,0.3955,0.535,0.0752,0.3969,1,15,5,7,9.110781880862834,large
pay114182,cus987,mer41,2025-05-09 07:54:00,1721.38,credit_card,bank_j,food_delivery,insufficient_funds,4,0.4456,0,,0.4726,0.0134,0.5388,0.1174,0.3359,0,7,4,9,7.451462334278139,medium
pay114813,cus316,mer1,2025-06-22 16:37:00,148.55,credit_card,bank_g,food_delivery,insufficient_funds,4,0.4614,0,,0.1515,0.2784,0.4707,0.2245,0.5436,1,16,6,22,5.007630785075957,small
pay108675,cus372,mer36,2025-01-05 11:46:00,351.34,debit_card,bank_j,food_delivery,bank_server_timeout,4,0.7781,1,0.0,0.2004,0.6668,0.3194,0.6353,0.2933,1,11,6,5,5.864596618498994,small
pay106377,cus2068,mer8,2025-01-26 19:03:00,8489.79,upi,bank_e,food_delivery,upi_server_busy,1,0.7074,0,,0.5299,0.5206,0.2351,0.0,0.44,1,19,6,26,9.046737325624271,large
pay104722,cus1454,mer20,2025-06-20 02:26:00,2308.48,debit_card,bank_h,ecommerce,bank_server_timeout,2,0.7082,1,0.0,0.3269,0.4726,0.5305,0.5899,0.3289,0,2,4,20,7.744777669950071,medium
pay116474,cus3288,mer106,2025-02-27 22:39:00,1825.11,upi,bank_g,ecommerce,issuer_decline,4,0.4271,0,,0.3182,0.2607,0.2293,0.1812,0.3091,0,22,3,27,7.509943300304355,medium
pay105070,cus3227,mer4,2025-06-13 15:58:00,54.42,credit_card,bank_e,food_delivery,account_blocked,1,0.0414,0,,0.1777,0.0,0.0,0.0,0.0847,0,15,4,13,4.014940539434832,small
pay104898,cus876,mer53,2025-05-17 05:39:00,783.37,debit_card,bank_j,ecommerce,issuer_decline,1,0.4102,1,0.0,0.456,0.1947,0.2441,0.0,0.2864,1,5,5,17,6.664880847797839,medium
pay100619,cus202,mer120,2025-01-26 03:48:00,1052.38,upi,bank_j,food_delivery,insufficient_funds,3,0.4714,1,1.0,0.3457,0.3512,0.675,0.1894,0.3511,1,3,6,26,6.959759320728932,medium
pay101701,cus2265,mer25,2025-02-02 02:52:00,648.18,upi,bank_g,food_delivery,bank_server_timeout,2,0.812,1,1.0,0.2423,0.6816,0.4727,0.6092,0.4433,1,2,6,2,6.475710028018628,medium
pay102955,cus414,mer16,2025-06-29 01:37:00,98.53,upi,bank_c,education_fees,upi_server_busy,4,0.8656,1,1.0,0.1836,0.4313,0.2867,0.466,0.6376,1,1,6,29,4.600459106257972,small
pay102950,cus826,mer47,2025-01-06 15:58:00,2313.77,upi,bank_e,utility_bills,issuer_decline,3,0.5146,0,,0.3492,0.2364,0.1355,0.271,0.087,0,15,0,6,7.747065609532757,medium
pay118872,cus1779,mer118,2025-06-12 14:10:00,443.63,upi,bank_g,food_delivery,bank_server_timeout,2,0.8062,1,1.0,0.1439,0.6549,0.7427,0.5901,0.3288,0,14,3,12,6.097242475636933,small
pay118139,cus2724,mer115,2025-03-04 11:20:00,512.1,upi,bank_j,travel,network_timeout,2,0.7892,1,0.0,0.3606,0.7616,0.2515,0.377,0.2618,0,11,1,4,6.240470757947919,medium
pay106973,cus1225,mer78,2025-05-02 18:01:00,778.57,netbanking,bank_h,food_delivery,network_timeout,1,0.7119,0,,0.2361,0.2496,0.1887,0.117,0.2849,0,18,4,2,6.658742485620535,medium
pay101194,cus2789,mer59,2025-04-05 15:34:00,1166.01,debit_card,bank_b,utility_bills,network_timeout,2,0.7217,1,1.0,0.1299,0.498,0.528,0.398,0.3363,1,15,5,5,7.062200201230134,medium
pay105309,cus2858,mer35,2025-03-23 12:24:00,534.0,debit_card,bank_j,food_delivery,issuer_decline,3,0.47,0,,0.4242,0.4328,0.1903,0.2398,0.2249,1,12,6,23,6.282266746896006,medium
pay118779,cus3625,mer117,2025-01-03 07:50:00,788.17,upi,bank_g,travel,network_timeout,3,0.754,1,1.0,0.1252,0.6958,0.2825,0.2816,0.3966,0,7,4,3,6.670981760248039,medium
pay103869,cus2175,mer68,2025-05-09 02:34:00,581.95,upi,bank_f,travel,insufficient_funds,3,0.5052,0,,0.1797,0.1816,0.619,0.182,0.2505,0,2,4,9,6.3681014193793,medium
pay108797,cus3257,mer80,2025-01-29 06:17:00,320.96,netbanking,bank_g,education_fees,bank_server_timeout,2,0.7355,1,0.0,0.2039,0.5556,0.5242,0.6483,0.2874,0,6,2,29,5.774427314225533,small
pay106460,cus2129,mer78,2025-01-31 06:02:00,280.61,credit_card,bank_j,education_fees,bank_server_timeout,1,0.7762,1,1.0,0.4196,0.7024,0.5541,0.3049,0.411,0,6,4,31,5.64052313501701,small
pay102236,cus3888,mer44,2025-02-14 21:34:00,495.26,upi,bank_b,food_delivery,account_blocked,2,0.0302,0,,0.0798,0.0492,0.0146,0.1423,0.1378,0,21,4,14,6.2070999829318705,small
pay100321,cus3205,mer46,2025-01-20 09:26:00,785.08,upi,bank_e,ecommerce,insufficient_funds,2,0.4729,0,,0.2343,0.4502,0.6616,0.0,0.267,0,9,0,20,6.667058568420338,medium
pay104275,cus2096,mer35,2025-05-20 07:25:00,690.26,debit_card,bank_j,education_fees,upi_server_busy,2,0.9344,1,1.0,0.3296,0.6791,0.2913,0.657,0.2621,0,7,1,20,6.538516019278017,medium
pay102100,cus514,mer106,2025-06-14 09:05:00,93.62,upi,bank_g,education_fees,insufficient_funds,2,0.5257,1,0.0,0.2346,0.3121,0.6175,0.1384,0.404,1,9,5,14,4.549868870203002,small
pay108651,cus2584,mer109,2025-04-10 04:10:00,164.77,credit_card,bank_g,ecommerce,insufficient_funds,3,0.446,1,0.0,0.1166,0.267,0.738,0.4482,0.5255,0,4,3,10,5.110601285436775,small
pay102433,cus3957,mer87,2025-02-26 15:43:00,1294.64,debit_card,bank_b,subscription_saas,network_timeout,4,0.8121,0,,0.3506,0.7054,0.1808,0.4745,0.4236,0,15,2,26,7.166760060547049,medium
pay106211,cus3358,mer47,2025-05-02 16:24:00,210.9,upi,bank_g,travel,insufficient_funds,2,0.4536,0,,0.1963,0.2133,0.9077,0.1509,0.1682,0,16,4,2,5.356114465274254,small
pay104674,cus887,mer37,2025-05-30 20:14:00,620.34,upi,bank_e,utility_bills,network_timeout,2,0.6954,1,1.0,0.1999,0.4381,0.034,0.6318,0.3156,0,20,4,30,6.431878436133599,medium
pay103234,cus202,mer109,2025-04-13 23:02:00,3759.2,upi,bank_a,ecommerce,upi_server_busy,4,0.8596,1,1.0,0.3904,0.8385,0.294,0.5829,0.4666,1,23,6,13,8.232227426458685,medium
pay111227,cus233,mer119,2025-04-28 07:22:00,1545.49,upi,bank_b,utility_bills,otp_expired,3,0.6566,1,1.0,0.1932,0.6317,0.6229,0.1516,0.2137,0,7,0,28,7.343743125890186,medium
pay102130,cus3668,mer66,2025-05-10 05:45:00,50.0,upi,bank_c,food_delivery,bank_server_timeout,4,0.8368,0,,0.1539,0.9876,0.6542,0.8815,0.1811,1,5,5,10,3.9318256327243257,small
pay103479,cus1425,mer79,2025-05-21 06:27:00,1413.69,upi,bank_a,education_fees,bank_server_timeout,3,0.7799,1,1.0,0.831,0.7712,0.52,0.6961,0.5112,0,6,2,21,7.254665704803446,medium
pay109939,cus3688,mer68,2025-04-22 19:44:00,1027.72,netbanking,bank_i,food_delivery,bank_server_timeout,4,0.915,1,0.0,0.2475,0.5797,0.5316,0.7339,0.1823,0,19,1,22,6.936070589962184,medium
pay115843,cus3912,mer25,2025-03-12 23:16:00,3204.47,credit_card,bank_j,ecommerce,issuer_decline,3,0.4655,0,,0.5741,0.4067,0.0,0.102,0.1609,0,23,2,12,8.072614004469152,medium
pay117623,cus287,mer48,2025-06-28 14:23:00,5696.17,upi,bank_b,ecommerce,issuer_decline,1,0.4297,0,,0.4186,0.5667,0.3389,0.0177,0.3795,1,14,5,28,8.647724839301992,large
pay106347,cus94,mer106,2025-06-27 05:25:00,1435.43,netbanking,bank_j,travel,card_expired,3,0.1055,0,,0.4278,0.0,0.0,0.0,0.0,0,5,4,27,7.2699161476810295,medium
pay100780,cus2454,mer72,2025-06-08 00:41:00,7554.63,debit_card,bank_c,ecommerce,issuer_decline,2,0.4711,0,,1.0,0.1256,0.1735,0.1828,0.1194,1,0,6,8,8.930048259714662,large
pay106970,cus85,mer76,2025-02-05 20:00:00,251.45,netbanking,bank_b,food_delivery,network_timeout,2,0.7817,1,0.0,0.1081,0.488,0.288,0.5047,0.2549,0,20,2,5,5.531213209304925,small
pay116847,cus2863,mer17,2025-06-24 00:08:00,888.74,upi,bank_a,utility_bills,issuer_decline,4,0.4953,0,,0.2586,0.2755,0.0688,0.321,0.1972,0,0,1,24,6.790929285215032,medium
pay107546,cus270,mer86,2025-04-30 02:12:00,770.33,credit_card,bank_c,food_delivery,otp_expired,4,0.5819,0,,0.2837,0.2707,0.2518,0.6207,0.4526,0,2,2,30,6.648116297554999,medium
pay112675,cus786,mer75,2025-03-02 15:37:00,908.24,upi,bank_b,education_fees,upi_server_busy,2,0.8342,0,,0.355,0.86,0.3494,0.6693,0.4147,1,15,6,2,6.812609085731283,medium
pay100350,cus552,mer29,2025-04-06 23:14:00,305.52,upi,bank_e,food_delivery,issuer_decline,1,0.4469,1,0.0,0.1258,0.1651,0.2562,0.031,0.1959,1,23,6,6,5.725283006102203,small
pay113325,cus3130,mer30,2025-01-25 10:35:00,905.74,netbanking,bank_h,education_fees,card_expired,1,0.0,0,,0.227,0.2163,0.0542,0.2086,0.0973,1,10,5,25,6.809855749704074,medium
pay105226,cus245,mer65,2025-02-26 01:37:00,5509.06,credit_card,bank_j,utility_bills,bank_server_timeout,4,0.778,1,0.0,0.524,0.8245,0.4462,0.6308,0.2546,0,1,2,26,8.614330791379869,large
pay115846,cus2064,mer120,2025-06-19 14:36:00,2154.26,credit_card,bank_c,utility_bills,bank_server_timeout,4,0.778,1,1.0,0.3481,0.9555,0.5797,0.9691,0.7384,0,14,3,19,7.675666644912236,medium
pay101816,cus318,mer20,2025-02-12 03:01:00,456.6,upi,bank_f,food_delivery,insufficient_funds,4,0.4495,0,,0.3077,0.3194,0.6798,0.0685,0.1118,0,3,2,12,6.125995440065588,small
pay117562,cus425,mer13,2025-03-14 04:27:00,512.5,debit_card,bank_c,food_delivery,account_blocked,3,0.0154,0,,0.1811,0.0918,0.0,0.0,0.0,0,4,4,14,6.241250029368613,medium
pay102601,cus890,mer119,2025-02-08 14:48:00,555.71,netbanking,bank_d,ecommerce,network_timeout,1,0.7014,0,,0.8826,0.4889,0.2389,0.0,0.3867,1,14,5,8,6.322044458024357,medium
pay109841,cus3929,mer61,2025-03-12 03:23:00,6719.65,netbanking,bank_i,education_fees,card_expired,3,0.0503,0,,0.4447,0.0,0.1214,0.0,0.0183,0,3,2,12,8.812940155029995,large
pay113713,cus1487,mer79,2025-02-12 00:10:00,135.76,upi,bank_a,utility_bills,bank_server_timeout,2,0.8464,1,1.0,0.1739,0.8146,0.575,0.7249,0.449,0,0,2,12,4.918227564771101,small
pay111341,cus1699,mer96,2025-04-21 17:37:00,2063.7,credit_card,bank_a,utility_bills,bank_server_timeout,3,0.7989,1,0.0,0.4229,0.4979,0.2574,0.4328,0.4126,0,17,0,21,7.632740216390833,medium
pay114584,cus3846,mer29,2025-01-24 08:56:00,157.38,netbanking,bank_d,subscription_saas,insufficient_funds,3,0.4766,0,,0.2936,0.3326,0.3944,0.255,0.2618,0,8,4,24,5.064997208782266,small
pay105490,cus2133,mer39,2025-03-27 06:57:00,1054.28,upi,bank_g,travel,insufficient_funds,1,0.504,1,0.0,0.1696,0.2408,0.5544,0.0,0.2778,0,6,3,27,6.9615614135406645,medium
pay105246,cus3014,mer62,2025-04-16 04:04:00,704.01,upi,bank_h,utility_bills,account_blocked,3,0.0533,0,,0.1663,0.053,0.0,0.0,0.0,0,4,2,16,6.558211987108834,medium
pay110158,cus3230,mer90,2025-06-14 13:37:00,8450.27,credit_card,bank_i,utility_bills,network_timeout,4,0.8061,1,1.0,0.5125,0.4865,0.0721,0.2577,0.3144,1,13,5,14,9.042072004915918,large
pay103562,cus3684,mer30,2025-03-17 17:28:00,79.27,upi,bank_e,education_fees,issuer_decline,3,0.4311,1,0.0,0.1553,0.1971,0.2967,0.1637,0.2452,0,17,0,17,4.385395952143486,small
pay104565,cus916,mer56,2025-03-03 00:35:00,335.08,debit_card,bank_e,utility_bills,card_expired,4,0.0902,0,,0.6935,0.0,0.0483,0.0,0.0,0,0,0,3,5.817349226861126,small
pay118625,cus829,mer2,2025-02-15 17:24:00,1336.14,upi,bank_g,food_delivery,bank_server_timeout,2,0.8495,0,,0.2848,0.6665,0.2967,0.5512,0.2838,1,17,5,15,7.198288283661905,medium
pay108307,cus2607,mer45,2025-03-27 07:37:00,126.05,upi,bank_f,ecommerce,insufficient_funds,3,0.5308,1,0.0,0.1263,0.1904,0.6926,0.2465,0.3163,0,7,3,27,4.8445807097661735,small
pay100724,cus1800,mer64,2025-05-22 11:20:00,1368.7,netbanking,bank_b,ecommerce,issuer_decline,3,0.5238,1,0.0,0.3961,0.1765,0.0351,0.3418,0.1378,0,11,3,22,7.222347016740776,medium
pay119018,cus2848,mer66,2025-01-16 16:02:00,257.66,upi,bank_h,ecommerce,network_timeout,2,0.7654,1,1.0,0.2186,0.6156,0.256,0.5633,0.6312,0,16,3,16,5.5555144579870985,small
pay105358,cus1713,mer13,2025-01-12 20:54:00,50.0,upi,bank_g,travel,insufficient_funds,1,0.4065,0,,0.1511,0.1083,0.5717,0.056,0.5231,1,20,6,12,3.9318256327243257,small
pay104685,cus3294,mer32,2025-05-12 00:27:00,68.19,upi,bank_f,travel,issuer_decline,3,0.4482,1,0.0,0.0516,0.0468,0.2625,0.0527,0.2914,0,0,0,12,4.23685634351072,small
pay109018,cus3150,mer62,2025-01-23 08:05:00,549.39,upi,bank_b,education_fees,upi_server_busy,1,0.7936,0,,0.2539,0.6824,0.4032,0.0,0.3802,0,8,3,23,6.310627117849432,medium
pay112812,cus1291,mer44,2025-04-25 10:09:00,5837.16,debit_card,bank_a,ecommerce,card_expired,1,0.0,0,,0.5286,0.0,0.0,0.1081,0.0489,0,10,4,25,8.672170957684617,large
pay103337,cus1307,mer36,2025-01-10 02:18:00,1380.7,debit_card,bank_f,utility_bills,issuer_decline,3,0.505,1,0.0,0.2319,0.2071,0.259,0.1815,0.0,0,2,4,10,7.231069904062624,medium
pay118775,cus144,mer6,2025-05-28 04:43:00,50.0,upi,bank_i,ecommerce,network_timeout,4,0.8272,1,1.0,0.1524,0.4903,0.3816,0.4242,0.2413,0,4,2,28,3.9318256327243257,small
pay116667,cus3414,mer8,2025-04-16 05:25:00,391.05,upi,bank_f,education_fees,upi_server_busy,3,0.864,1,1.0,0.2668,0.6602,0.3268,0.3748,0.4371,0,5,2,16,5.971389382676931,small
pay110621,cus2840,mer69,2025-03-18 13:48:00,6047.29,debit_card,bank_b,ecommerce,issuer_decline,1,0.4274,0,,0.4144,0.3429,0.0795,0.18,0.2201,0,13,1,18,8.707530866445266,large
pay107635,cus1977,mer114,2025-02-20 08:51:00,206.3,upi,bank_e,travel,otp_expired,2,0.6168,1,0.0,0.0759,0.4298,0.3553,0.0,0.3604,0,8,3,20,5.334167019441734,small
pay118074,cus3477,mer40,2025-03-01 04:49:00,567.91,upi,bank_b,education_fees,insufficient_funds,1,0.4564,0,,0.1544,0.1321,0.8935,0.0019,0.3319,1,4,5,1,6.343722249383799,medium
pay118134,cus3648,mer119,2025-03-01 10:05:00,783.77,credit_card,bank_a,education_fees,issuer_decline,4,0.4745,1,0.0,0.1813,0.271,0.2521,0.3948,0.1269,1,10,5,1,6.665390681220815,medium
pay112175,cus1267,mer54,2025-02-13 11:19:00,50.0,credit_card,bank_e,utility_bills,bank_server_timeout,4,0.8019,1,1.0,0.1961,0.6778,0.3153,0.9287,0.5354,0,11,3,13,3.9318256327243257,small
pay105268,cus863,mer21,2025-05-06 19:29:00,596.28,upi,bank_b,food_delivery,insufficient_funds,2,0.5352,1,0.0,0.1699,0.0984,0.6059,0.219,0.5656,0,19,1,6,6.392386015166274,medium
pay100307,cus3852,mer108,2025-04-10 17:26:00,494.66,debit_card,bank_d,ecommerce,insufficient_funds,1,0.5031,1,0.0,0.3596,0.1068,0.396,0.1531,0.3339,0,17,3,10,6.205890207802469,small
pay102404,cus2193,mer69,2025-03-11 02:41:00,341.98,debit_card,bank_j,food_delivery,account_blocked,4,0.0,0,,0.3421,0.0,0.0,0.1735,0.1131,0,2,1,11,5.837672136428001,small
pay104428,cus3979,mer69,2025-05-19 18:11:00,4067.58,debit_card,bank_h,travel,insufficient_funds,3,0.4852,0,,0.3241,0.1417,0.6684,0.1204,0.4949,0,18,0,19,8.311049323209952,medium
pay119252,cus3154,mer109,2025-06-19 04:24:00,1011.12,credit_card,bank_a,food_delivery,bank_server_timeout,3,0.6957,0,,0.2619,0.8421,0.4306,0.6651,0.2056,0,4,3,19,6.919802419892804,medium
pay118393,cus1825,mer54,2025-04-12 18:30:00,218.91,debit_card,bank_d,utility_bills,insufficient_funds,4,0.5441,1,1.0,0.3194,0.1645,0.5024,0.0946,0.419,1,18,5,12,5.393218371742757,small
pay104709,cus455,mer105,2025-03-18 17:22:00,7838.95,upi,bank_c,food_delivery,otp_expired,3,0.6211,0,,0.3754,0.1754,0.3969,0.2171,0.3861,0,17,1,18,8.966987735773097,large
pay112322,cus884,mer110,2025-01-02 00:58:00,1135.71,upi,bank_f,ecommerce,upi_server_busy,4,0.8939,1,1.0,0.2592,0.6798,0.4091,0.7472,0.4057,0,0,3,2,7.035893404049939,medium
pay118998,cus1722,mer21,2025-03-16 12:34:00,801.95,credit_card,bank_f,subscription_saas,insufficient_funds,1,0.3842,1,0.0,0.2343,0.3048,0.4786,0.1016,0.3702,1,12,6,16,6.6882924455075,medium
pay118115,cus3442,mer31,2025-06-29 02:04:00,211.67,upi,bank_c,subscription_saas,insufficient_funds,4,0.4652,1,0.0,0.0633,0.319,0.7,0.1755,0.4597,1,2,6,29,5.359741668535036,small
pay113410,cus1035,mer75,2025-06-10 06:46:00,200.96,upi,bank_i,food_delivery,issuer_decline,2,0.4314,1,0.0,0.1355,0.27,0.1498,0.3296,0.2719,0,6,1,10,5.308069657990715,small
pay117624,cus820,mer69,2025-03-04 06:09:00,632.19,credit_card,bank_b,food_delivery,issuer_decline,1,0.491,1,0.0,0.1698,0.2365,0.1716,0.1617,0.1676,0,6,1,4,6.450770535083666,medium
pay110553,cus876,mer99,2025-04-14 22:06:00,420.85,upi,bank_c,utility_bills,bank_server_timeout,3,0.764,1,1.0,0.1431,0.8099,0.5419,0.6996,0.3173,0,22,0,14,6.044649800611635,small
pay109030,cus3229,mer91,2025-02-11 04:49:00,307.42,credit_card,bank_i,ecommerce,insufficient_funds,1,0.5054,1,0.0,0.1473,0.1554,0.3683,0.0,0.1867,0,4,1,11,5.731462490429511,small
pay110522,cus1093,mer94,2025-03-01 10:30:00,188.48,upi,bank_j,food_delivery,issuer_decline,4,0.4179,1,0.0,0.2991,0.048,0.3182,0.2638,0.1667,1,10,5,1,5.244283478055551,small
pay113799,cus2632,mer65,2025-06-20 13:06:00,393.76,debit_card,bank_d,ecommerce,bank_server_timeout,2,0.8435,1,1.0,0.2288,0.6881,0.3931,0.7212,0.1593,0,13,4,20,5.978277985303807,small
pay104732,cus1156,mer73,2025-05-18 09:03:00,61.68,credit_card,bank_b,food_delivery,issuer_decline,4,0.4299,0,,0.0595,0.2356,0.3196,0.0889,0.0935,1,9,6,18,4.13804241748782,small
pay102824,cus1867,mer90,2025-04-22 10:34:00,154.97,credit_card,bank_b,food_delivery,network_timeout,1,0.843,1,0.0,0.1898,0.5836,0.2026,0.1261,0.1958,0,10,1,22,5.049663681063734,small
pay118700,cus2879,mer72,2025-01-12 12:25:00,1411.04,credit_card,bank_d,food_delivery,insufficient_funds,4,0.4741,0,,0.5262,0.213,0.4332,0.2014,0.2993,1,12,6,12,7.2527907462638375,medium
pay117219,cus1956,mer19,2025-01-30 05:26:00,320.14,upi,bank_e,subscription_saas,upi_server_busy,1,0.9442,1,1.0,0.1476,0.9225,0.4686,0.0663,0.4118,0,5,3,30,5.771877165121539,small
pay114246,cus2004,mer23,2025-04-14 18:27:00,128.88,credit_card,bank_a,travel,bank_server_timeout,3,0.779,1,1.0,0.1672,0.6431,0.3685,0.4386,0.4535,0,18,0,14,4.866610947234645,small
pay101084,cus108,mer64,2025-02-06 02:04:00,2760.97,netbanking,bank_g,ecommerce,bank_server_timeout,3,0.8223,0,,0.3429,0.6574,0.4991,0.8706,0.3495,0,2,3,6,7.923699472215825,medium
pay117086,cus998,mer113,2025-06-24 18:10:00,232.56,upi,bank_c,travel,issuer_decline,3,0.5342,0,,0.2583,0.1746,0.1195,0.2119,0.0,0,18,1,24,5.453439003415337,small
pay106653,cus2109,mer99,2025-03-15 04:05:00,481.11,upi,bank_e,food_delivery,network_timeout,1,0.7442,1,1.0,0.2062,0.7059,0.1089,0.0,0.1102,1,4,5,15,6.178172303780978,small
pay109609,cus839,mer114,2025-05-27 15:50:00,1006.45,upi,bank_c,utility_bills,account_blocked,4,0.087,0,,0.3368,0.0671,0.0753,0.0832,0.0,0,15,1,27,6.915177664797775,medium
pay102282,cus2769,mer73,2025-02-28 06:35:00,680.43,upi,bank_j,subscription_saas,bank_server_timeout,4,0.8094,1,0.0,0.3685,0.8494,0.5106,0.5464,0.3136,0,6,4,28,6.524193531260934,medium
pay108917,cus566,mer84,2025-01-09 02:08:00,1473.27,upi,bank_b,travel,issuer_decline,2,0.4471,1,1.0,0.3233,0.128,0.2748,0.2775,0.0269,0,2,3,9,7.295918231008705,medium
pay117646,cus1432,mer26,2025-05-16 12:56:00,147.2,upi,bank_f,ecommerce,insufficient_funds,3,0.5904,1,0.0,0.2549,0.1612,0.4981,0.3781,0.2958,0,12,4,16,4.998562712861986,small
pay104390,cus2769,mer116,2025-02-02 12:21:00,475.73,upi,bank_d,travel,insufficient_funds,4,0.534,0,,0.2954,0.1309,0.8792,0.2591,0.428,1,12,6,2,6.166950292892655,small
pay117932,cus671,mer47,2025-06-19 03:17:00,2078.57,upi,bank_f,education_fees,card_expired,2,0.055,0,,0.3168,0.0987,0.0,0.0,0.1226,0,3,3,19,7.639916420554382,medium
pay107048,cus3723,mer23,2025-05-24 21:28:00,662.01,upi,bank_f,food_delivery,insufficient_funds,3,0.5469,1,0.0,0.1674,0.1608,0.3874,0.2744,0.2685,1,21,5,24,6.496790073028375,medium
pay116604,cus3798,mer84,2025-06-19 02:50:00,1441.65,credit_card,bank_a,food_delivery,duplicate_payment_block,2,0.2083,0,,0.2934,0.0735,0.3253,0.0251,0.1058,0,2,3,19,7.2742369791112536,medium
pay108791,cus1115,mer71,2025-03-21 00:54:00,436.53,debit_card,bank_a,ecommerce,upi_server_busy,1,0.8022,0,,0.1497,0.6466,0.2595,0.1331,0.4543,0,0,4,21,6.081145274875327,small
pay116354,cus3001,mer41,2025-02-13 04:47:00,155.58,upi,bank_d,ecommerce,insufficient_funds,3,0.5757,1,1.0,0.3712,0.483,0.6731,0.025,0.4664,0,4,3,13,5.053567061479768,small
pay115034,cus3066,mer25,2025-03-26 00:18:00,157.34,debit_card,bank_j,food_delivery,insufficient_funds,3,0.4844,0,,0.3136,0.2498,0.5604,0.0871,0.5922,0,0,2,26,5.064744619743288,small
pay104486,cus948,mer25,2025-04-08 19:27:00,654.95,credit_card,bank_h,subscription_saas,issuer_decline,3,0.5023,1,0.0,0.1327,0.0,0.2711,0.075,0.0,0,19,1,8,6.4860845665270395,medium
pay108011,cus489,mer65,2025-02-03 03:29:00,216.37,upi,bank_i,food_delivery,upi_server_busy,3,0.9023,1,1.0,0.103,0.7477,0.4571,0.6312,0.4027,0,3,0,3,5.381600970684774,small
pay105895,cus1068,mer68,2025-05-24 16:53:00,2331.39,upi,bank_f,utility_bills,insufficient_funds,1,0.5249,0,,0.1903,0.4751,0.7388,0.1185,0.371,1,16,5,24,7.754648771909553,medium
pay114834,cus1003,mer102,2025-01-21 17:18:00,114.92,debit_card,bank_f,ecommerce,issuer_decline,1,0.5297,1,0.0,0.1687,0.0,0.1502,0.1043,0.0952,0,17,1,21,4.752900298012427,small
pay107763,cus554,mer40,2025-06-14 15:05:00,10546.03,upi,bank_g,food_delivery,bank_server_timeout,4,0.7279,1,0.0,0.4229,0.7793,0.5771,0.6901,0.4542,1,15,5,14,9.263599582683302,large
pay101952,cus2659,mer10,2025-01-13 21:59:00,93.39,netbanking,bank_j,ecommerce,insufficient_funds,4,0.5577,1,1.0,0.352,0.1661,0.3563,0.1711,0.0479,0,21,0,13,4.547435135336853,small
pay119436,cus3349,mer68,2025-06-02 07:34:00,2060.21,debit_card,bank_f,food_delivery,otp_expired,1,0.5388,0,,0.3318,0.0385,0.482,0.0894,0.3022,0,7,0,2,7.631048467985091,medium
pay118501,cus869,mer62,2025-02-13 12:03:00,911.07,debit_card,bank_h,food_delivery,upi_server_busy,1,0.8571,1,1.0,0.1085,0.626,0.1368,0.0928,0.5009,0,12,3,13,6.815716741514829,medium
pay116314,cus3024,mer109,2025-04-24 18:48:00,256.66,credit_card,bank_h,subscription_saas,otp_expired,4,0.7034,1,1.0,0.0783,0.2959,0.4322,0.1517,0.2483,0,18,3,24,5.551640886363379,small
pay103084,cus1860,mer103,2025-03-03 03:11:00,2055.97,debit_card,bank_d,travel,otp_expired,3,0.6484,1,0.0,0.4262,0.3975,0.5481,0.219,0.3468,0,3,0,3,7.628989305200469,medium
pay111658,cus422,mer32,2025-04-04 05:40:00,907.47,credit_card,bank_j,travel,insufficient_funds,4,0.4039,1,0.0,0.3804,0.2885,0.7959,0.0,0.4796,0,5,4,4,6.811761865827054,medium
pay113924,cus3034,mer77,2025-05-21 10:23:00,387.65,debit_card,bank_i,utility_bills,insufficient_funds,2,0.4873,0,,0.1906,0.0985,0.6184,0.0005,0.2952,0,10,2,21,5.962679195676229,small
pay116961,cus3949,mer1,2025-01-04 11:01:00,3812.54,upi,bank_g,food_delivery,otp_expired,4,0.6067,0,,0.4687,0.2835,0.3371,0.1229,0.3111,1,11,5,4,8.246313170601335,medium
pay109329,cus2136,mer117,2025-04-15 06:23:00,1586.65,debit_card,bank_c,ecommerce,issuer_decline,2,0.4918,1,0.0,0.221,0.2602,0.1531,0.1844,0.0,0,6,1,15,7.370010214492096,medium
pay118429,cus1109,mer25,2025-01-02 03:29:00,527.15,upi,bank_d,ecommerce,issuer_decline,1,0.4411,1,1.0,0.2994,0.3003,0.4861,0.0,0.1407,0,3,3,2,6.269380334269171,medium
pay102269,cus3634,mer103,2025-06-25 19:12:00,736.32,credit_card,bank_h,ecommerce,card_expired,4,0.1215,1,0.0,0.1352,0.0555,0.0,0.0266,0.0,0,19,2,25,6.603021990627973,medium
pay119762,cus737,mer47,2025-01-23 01:49:00,2253.7,upi,bank_a,ecommerce,insufficient_funds,4,0.5977,1,0.0,0.9385,0.1303,0.6001,0.1672,0.1519,0,1,3,23,7.720772205392467,medium
pay109095,cus1923,mer96,2025-02-15 09:43:00,14466.99,upi,bank_a,travel,bank_server_timeout,2,0.8126,0,,0.5545,0.8282,0.5881,0.6023,0.393,1,9,5,15,9.579693901891213,large
pay119513,cus1973,mer31,2025-01-10 16:34:00,657.88,upi,bank_e,travel,upi_server_busy,1,0.8765,1,1.0,0.2608,0.7115,0.3455,0.0,0.4597,0,16,4,10,6.490541423839424,medium
pay108802,cus3347,mer66,2025-05-21 04:30:00,4634.63,upi,bank_c,education_fees,otp_expired,2,0.6804,0,,0.4884,0.1312,0.5377,0.2108,0.2915,0,4,2,21,8.44152739109345,medium
pay100486,cus748,mer40,2025-03-02 03:56:00,1618.06,upi,bank_b,food_delivery,duplicate_payment_block,4,0.2519,0,,0.3865,0.0134,0.2124,0.0,0.0,1,3,6,2,7.3896010129044605,medium
pay106897,cus2221,mer73,2025-03-01 01:24:00,867.7,netbanking,bank_d,subscription_saas,otp_expired,1,0.5482,1,1.0,0.3393,0.2579,0.4132,0.0,0.2356,1,1,5,1,6.766997841265875,medium
pay107518,cus2979,mer48,2025-02-12 13:54:00,180.85,credit_card,bank_b,food_delivery,insufficient_funds,4,0.4705,0,,0.1178,0.2025,0.635,0.2373,0.3335,0,13,2,12,5.203182171432998,small
pay103711,cus391,mer32,2025-06-29 18:57:00,423.78,netbanking,bank_j,utility_bills,bank_server_timeout,3,0.7734,1,0.0,0.3221,0.576,0.3015,0.651,0.3195,1,18,6,29,6.0515713878401005,small
pay103708,cus987,mer53,2025-03-30 13:50:00,273.13,upi,bank_b,food_delivery,issuer_decline,1,0.4403,0,,0.207,0.2647,0.2289,0.0,0.1564,1,13,6,30,5.613602446425789,small
pay118238,cus2602,mer75,2025-05-27 22:22:00,1739.8,debit_card,bank_h,education_fees,card_expired,3,0.0813,0,,0.3251,0.1751,0.0,0.2521,0.0,0,22,1,27,7.462100056661623,medium
pay104932,cus317,mer23,2025-06-11 21:32:00,1755.96,upi,bank_j,ecommerce,upi_server_busy,2,0.8752,0,,1.0,0.5327,0.1268,0.5574,0.4335,0,21,2,11,7.471340321849403,medium
pay102051,cus2195,mer113,2025-02-24 10:43:00,1862.99,upi,bank_g,utility_bills,issuer_decline,3,0.434,1,0.0,0.3596,0.148,0.1989,0.1517,0.0095,0,10,0,24,7.530474630424279,medium
pay108519,cus1814,mer27,2025-02-20 05:19:00,1736.51,upi,bank_a,utility_bills,upi_server_busy,3,0.7925,1,1.0,0.2206,0.9022,0.3944,0.6039,0.2884,0,5,3,20,7.460208332818069,medium
pay107843,cus3707,mer115,2025-06-06 00:46:00,189.89,credit_card,bank_i,food_delivery,bank_server_timeout,3,0.774,1,1.0,0.2567,0.6929,0.3122,0.451,0.2517,0,0,4,6,5.2516973459128105,small
pay108947,cus1873,mer21,2025-01-08 06:57:00,389.03,debit_card,bank_h,ecommerce,upi_server_busy,1,0.8616,1,1.0,0.1058,0.7069,0.465,0.1512,0.4037,0,6,2,8,5.966223659242187,small
pay117486,cus3561,mer63,2025-05-12 14:52:00,1211.02,debit_card,bank_d,subscription_saas,insufficient_funds,3,0.5242,0,,0.5003,0.1605,0.5553,0.0,0.3213,0,14,0,12,7.100043668143274,medium
pay101104,cus1788,mer51,2025-02-25 03:24:00,1248.42,upi,bank_e,ecommerce,issuer_decline,2,0.4139,0,,0.2456,0.2576,0.3244,0.1444,0.0728,0,3,1,25,7.130434722615036,medium
pay117710,cus1227,mer56,2025-04-19 18:09:00,894.09,upi,bank_e,travel,network_timeout,4,0.7094,1,1.0,0.2041,0.6303,0.2213,0.5608,0.0675,1,18,5,19,6.796924271878391,medium
pay116685,cus3688,mer97,2025-05-01 22:21:00,1895.42,debit_card,bank_b,education_fees,upi_server_busy,1,0.8293,1,0.0,0.3295,0.5789,0.3126,0.0211,0.3935,0,22,3,1,7.5477231772706,medium
pay101606,cus2784,mer30,2025-01-27 15:06:00,216.9,upi,bank_d,food_delivery,insufficient_funds,2,0.4768,1,0.0,0.3764,0.4747,0.6348,0.1641,0.3983,0,15,0,27,5.384036241950574,small
pay111999,cus1847,mer87,2025-05-28 09:25:00,50.0,upi,bank_g,education_fees,insufficient_funds,3,0.5353,0,,0.2064,0.158,0.4096,0.3182,0.2483,0,9,2,28,3.9318256327243257,small
pay103936,cus2110,mer8,2025-04-05 07:01:00,855.33,upi,bank_g,food_delivery,upi_server_busy,4,0.7643,1,1.0,0.2167,0.9711,0.4411,0.5945,0.2994,1,7,5,5,6.752655815868997,medium
pay102850,cus884,mer116,2025-02-05 01:53:00,747.53,netbanking,bank_g,food_delivery,upi_server_busy,4,0.8256,1,1.0,0.299,0.6799,0.2424,0.6663,0.349,0,1,2,5,6.618111283216815,medium
pay116352,cus3939,mer4,2025-05-04 08:36:00,923.03,credit_card,bank_a,food_delivery,bank_server_timeout,1,0.7418,1,1.0,0.1964,0.7349,0.6182,0.0,0.2584,1,8,6,4,6.828744538647093,medium
pay101335,cus261,mer105,2025-06-29 18:35:00,1819.57,upi,bank_g,education_fees,insufficient_funds,1,0.4486,1,0.0,0.2221,0.0426,0.4003,0.1443,0.3595,1,18,6,29,7.5069049178512754,medium
pay103783,cus807,mer86,2025-05-17 16:21:00,592.04,credit_card,bank_h,subscription_saas,bank_server_timeout,3,0.8218,0,,0.159,0.6283,0.3071,0.768,0.1874,1,16,5,17,6.385261850348464,medium
pay100741,cus513,mer78,2025-05-18 06:09:00,856.2,upi,bank_e,ecommerce,network_timeout,4,0.7275,0,,0.2046,0.6143,0.2184,0.4093,0.1926,1,6,6,18,6.753671263599422,medium
pay117310,cus1745,mer4,2025-02-24 01:02:00,116.11,upi,bank_h,education_fees,bank_server_timeout,3,0.7686,1,1.0,0.0858,0.533,0.6052,0.6053,0.2384,0,1,0,24,4.763113664054046,small
pay109858,cus847,mer4,2025-03-07 04:26:00,814.82,upi,bank_d,utility_bills,duplicate_payment_block,4,0.1953,0,,0.3495,0.1898,0.1737,0.0,0.2236,0,4,4,7,6.70419374239565,medium
pay118686,cus433,mer71,2025-03-05 09:11:00,502.85,credit_card,bank_c,food_delivery,network_timeout,3,0.8298,1,1.0,0.1593,0.5527,0.4239,0.4745,0.4203,0,9,2,5,6.222278604726411,medium
pay118088,cus1294,mer42,2025-01-03 17:10:00,50.0,upi,bank_e,food_delivery,issuer_decline,4,0.5194,1,0.0,0.2084,0.0731,0.2463,0.0938,0.2041,0,17,4,3,3.9318256327243257,small
pay104724,cus1607,mer59,2025-02-22 07:10:00,200.99,credit_card,bank_g,ecommerce,insufficient_funds,1,0.5051,0,,0.1775,0.0657,0.4163,0.0,0.4039,1,7,5,22,5.308218191225299,small
pay106887,cus191,mer92,2025-03-07 14:02:00,1913.56,upi,bank_c,education_fees,upi_server_busy,2,0.805,1,0.0,0.2189,0.6624,0.3027,0.4996,0.4456,0,14,4,7,7.557243110201667,medium
pay119648,cus1400,mer19,2025-03-11 10:55:00,961.71,credit_card,bank_a,ecommerce,insufficient_funds,4,0.5466,0,,0.2744,0.0723,0.4241,0.3401,0.3341,0,10,1,11,6.86975222418193,medium
pay115190,cus3962,mer99,2025-06-20 08:24:00,595.86,upi,bank_e,ecommerce,insufficient_funds,2,0.4925,1,0.0,0.1615,0.3642,0.5852,0.243,0.507,0,8,4,20,6.391682580029157,medium
pay101679,cus2841,mer21,2025-04-03 15:00:00,484.15,upi,bank_e,travel,duplicate_payment_block,3,0.215,0,,0.2302,0.0,0.2765,0.1251,0.0863,0,15,3,3,6.184458121471309,small
pay101889,cus3290,mer22,2025-03-22 23:23:00,1550.19,upi,bank_i,ecommerce,bank_server_timeout,2,0.7362,1,1.0,0.22,0.8848,0.4369,0.6721,0.4745,1,23,5,22,7.346777657285693,medium
pay106367,cus2871,mer38,2025-02-01 06:43:00,1469.22,upi,bank_e,subscription_saas,duplicate_payment_block,2,0.3116,0,,0.2887,0.0,0.0,0.0,0.102,1,6,5,1,7.293167328438807,medium
pay103819,cus2952,mer3,2025-06-10 18:00:00,3071.6,netbanking,bank_j,food_delivery,issuer_decline,3,0.4814,1,0.0,0.46,0.1771,0.0258,0.2744,0.0411,0,18,1,10,8.03027938769656,medium
pay114054,cus3353,mer35,2025-01-15 09:13:00,2211.54,upi,bank_e,utility_bills,card_expired,2,0.0693,0,,0.2822,0.199,0.0195,0.034,0.0176,0,9,2,15,7.701896455814705,medium
pay108540,cus3123,mer23,2025-04-02 06:32:00,285.31,debit_card,bank_e,food_delivery,otp_expired,1,0.6574,1,1.0,0.1954,0.5003,0.3212,0.0,0.1628,0,6,2,2,5.657075139890874,small
pay117382,cus1350,mer29,2025-04-13 14:52:00,341.44,credit_card,bank_f,utility_bills,bank_server_timeout,3,0.7951,1,1.0,0.1308,0.7408,0.4926,0.8755,0.4237,1,14,6,13,5.836096459874285,small
pay118650,cus2507,mer51,2025-05-15 09:51:00,1512.8,debit_card,bank_f,subscription_saas,upi_server_busy,2,0.8711,1,1.0,0.298,0.6748,0.3092,0.5534,0.2493,0,9,3,15,7.322378324875067,medium
pay114698,cus3208,mer39,2025-02-27 11:45:00,327.4,debit_card,bank_i,ecommerce,issuer_decline,3,0.4324,0,,0.2411,0.1095,0.3442,0.0242,0.1476,0,11,3,27,5.794232377578273,small
pay106482,cus3013,mer26,2025-06-20 07:31:00,67.91,upi,bank_j,travel,insufficient_funds,3,0.4945,1,0.0,0.3173,0.227,0.5658,0.3912,0.397,0,7,4,20,4.232801305369117,small
pay107933,cus3753,mer9,2025-03-31 15:13:00,1204.12,upi,bank_d,ecommerce,issuer_decline,2,0.422,0,,0.3046,0.4474,0.2793,0.0,0.0,0,15,0,31,7.094334426028733,medium
pay119264,cus1271,mer70,2025-02-11 15:48:00,624.79,credit_card,bank_h,utility_bills,account_blocked,4,0.036,0,,0.1242,0.1071,0.0231,0.0,0.1409,0,15,1,11,6.439014851560927,medium
pay108366,cus2221,mer38,2025-03-04 11:37:00,189.16,debit_card,bank_f,ecommerce,otp_expired,3,0.5524,1,0.0,0.1628,0.3263,0.315,0.2183,0.4309,0,11,1,4,5.247865823051939,small
pay110129,cus3352,mer57,2025-06-15 22:42:00,273.52,upi,bank_j,education_fees,bank_server_timeout,4,0.7558,1,0.0,0.3668,0.5314,0.6049,0.62,0.4051,1,22,6,15,5.615024118040433,small
pay114077,cus3763,mer21,2025-06-09 15:57:00,343.23,upi,bank_j,education_fees,issuer_decline,3,0.4168,0,,0.2612,0.3219,0.0721,0.3118,0.1687,0,15,0,9,5.841310038608051,small
pay111969,cus3071,mer119,2025-05-01 01:51:00,1974.99,upi,bank_g,ecommerce,insufficient_funds,3,0.4828,0,,0.3064,0.2579,0.8232,0.1173,0.387,0,1,3,1,7.5888248175662625,medium
pay115105,cus977,mer32,2025-02-23 16:47:00,234.69,credit_card,bank_f,food_delivery,issuer_decline,2,0.3808,1,0.0,0.2266,0.0877,0.271,0.1021,0.242,1,16,6,23,5.462517382228296,small
pay111836,cus2565,mer116,2025-05-24 06:10:00,296.16,credit_card,bank_g,education_fees,otp_expired,2,0.5016,0,,0.0789,0.2968,0.4335,0.292,0.3074,1,6,5,24,5.694270714283606,small
pay107259,cus1897,mer106,2025-02-04 03:48:00,50.0,debit_card,bank_c,education_fees,insufficient_funds,2,0.4524,1,0.0,0.06,0.2349,0.8287,0.2383,0.1958,0,3,1,4,3.9318256327243257,small
pay118958,cus196,mer27,2025-06-27 11:58:00,212.15,debit_card,bank_h,education_fees,insufficient_funds,3,0.4464,0,,0.1272,0.172,0.5371,0.0399,0.2273,0,11,4,27,5.361996143211219,small
pay104728,cus3175,mer109,2025-01-21 04:34:00,4310.78,upi,bank_f,travel,insufficient_funds,3,0.5743,1,1.0,0.2836,0.3696,0.6485,0.2195,0.3437,0,4,1,21,8.369106090879084,medium
pay102490,cus2557,mer106,2025-03-03 14:33:00,3534.5,upi,bank_g,ecommerce,insufficient_funds,3,0.4705,0,,0.4593,0.2273,0.748,0.2894,0.3046,0,14,0,3,8.170610011044296,medium
pay105943,cus3200,mer90,2025-04-28 03:31:00,1258.12,upi,bank_d,food_delivery,account_blocked,1,0.0486,0,,0.4206,0.0,0.0,0.0,0.0,0,3,0,28,7.138168343243345,medium
pay119880,cus425,mer22,2025-06-12 13:36:00,211.98,upi,bank_j,food_delivery,insufficient_funds,2,0.5802,1,0.0,0.3799,0.2374,0.5131,0.253,0.2017,0,13,3,12,5.361198264587237,small
pay103946,cus2020,mer11,2025-01-05 04:48:00,1052.05,upi,bank_g,travel,insufficient_funds,2,0.5671,0,,0.3193,0.2992,0.7682,0.2726,0.3662,1,4,6,5,6.959445994387492,medium
pay107063,cus1696,mer25,2025-01-03 23:14:00,3074.67,credit_card,bank_g,education_fees,upi_server_busy,4,0.734,1,0.0,0.4199,0.4915,0.1144,0.6806,0.1989,0,23,4,3,8.031278042685734,medium
pay119001,cus610,mer70,2025-05-05 08:30:00,3466.39,upi,bank_b,education_fees,duplicate_payment_block,3,0.3327,1,1.0,0.3579,0.2248,0.1251,0.1842,0.1149,0,8,0,5,8.151157428542321,medium
pay103030,cus979,mer41,2025-05-12 20:10:00,19699.94,upi,bank_g,food_delivery,issuer_decline,1,0.4948,1,0.0,0.2804,0.0,0.1604,0.1571,0.0471,0,20,0,12,9.88842162932376,large
pay107161,cus2178,mer49,2025-05-18 20:00:00,705.55,upi,bank_f,food_delivery,network_timeout,3,0.7002,0,,0.2746,0.7147,0.3274,0.2646,0.2811,1,20,6,18,6.5603939710287555,medium
pay103809,cus2278,mer71,2025-04-20 04:22:00,381.97,upi,bank_i,travel,bank_server_timeout,3,0.8567,1,1.0,0.1869,0.67,0.6279,0.6683,0.2443,1,4,6,20,5.947956657131048,small
pay100447,cus2559,mer106,2025-06-22 00:18:00,487.04,upi,bank_d,subscription_saas,bank_server_timeout,1,0.8125,1,1.0,0.3755,0.7862,0.5621,0.0377,0.4193,1,0,6,22,6.190397369707133,small
pay108121,cus3333,mer9,2025-06-24 00:40:00,11876.28,upi,bank_e,ecommerce,upi_server_busy,4,0.8021,1,0.0,0.4787,0.8031,0.2746,0.6607,0.2472,0,0,1,24,9.3823826104732,large
pay102186,cus2720,mer31,2025-02-24 23:15:00,746.2,upi,bank_b,food_delivery,upi_server_busy,3,0.9449,1,1.0,0.1493,0.8811,0.5311,0.6063,0.4371,0,23,0,24,6.616332886914633,medium
pay107354,cus3077,mer88,2025-06-16 12:51:00,135.85,netbanking,bank_d,utility_bills,issuer_decline,2,0.4813,0,,0.2582,0.2279,0.0,0.0376,0.0,0,12,0,16,4.918885435486688,small
pay114845,cus393,mer48,2025-02-20 21:29:00,1071.73,credit_card,bank_b,ecommerce,insufficient_funds,2,0.3884,0,,0.2681,0.1191,0.3265,0.2179,0.2797,0,21,3,20,6.977962080025035,medium
pay119730,cus3862,mer117,2025-03-18 05:39:00,2065.42,upi,bank_j,utility_bills,insufficient_funds,3,0.4959,0,,0.5146,0.0795,0.9786,0.3621,0.4205,0,5,1,18,7.633572920403008,medium
pay102384,cus2531,mer99,2025-02-03 01:19:00,123.93,upi,bank_j,food_delivery,bank_server_timeout,4,0.7263,1,1.0,0.9423,0.8301,0.4542,0.4571,0.3133,0,1,0,3,4.827753580443738,small
pay119504,cus3064,mer33,2025-02-27 18:24:00,501.7,debit_card,bank_h,food_delivery,issuer_decline,2,0.4821,0,,0.1774,0.2371,0.0,0.0971,0.0,0,18,3,27,6.21999357069853,medium
pay111648,cus350,mer88,2025-03-23 15:24:00,203.6,credit_card,bank_f,travel,network_timeout,4,0.7531,0,,0.0285,0.8019,0.1887,0.4645,0.4787,1,15,6,23,5.321056853517526,small
pay101793,cus2986,mer102,2025-02-20 01:27:00,261.21,debit_card,bank_f,food_delivery,network_timeout,1,0.7926,1,0.0,0.1214,0.7409,0.4587,0.0,0.2633,0,1,3,20,5.569145709427657,small
pay101790,cus2035,mer90,2025-04-16 03:47:00,1490.59,debit_card,bank_j,education_fees,bank_server_timeout,2,0.7878,1,1.0,0.5459,0.7736,0.4598,0.5081,0.2813,0,3,2,16,7.307597944071948,medium
pay109057,cus1817,mer92,2025-02-12 04:28:00,50.0,upi,bank_b,utility_bills,insufficient_funds,4,0.5287,1,0.0,0.1178,0.2838,0.708,0.0,0.2118,0,4,2,12,3.9318256327243257,small
pay112686,cus3680,mer12,2025-03-02 01:36:00,500.56,netbanking,bank_b,travel,upi_server_busy,1,0.8636,1,0.0,0.1048,0.5577,0.396,0.1594,0.5536,1,1,6,2,6.217723241322337,medium
pay112522,cus2032,mer14,2025-03-22 21:37:00,4414.67,upi,bank_g,food_delivery,otp_expired,1,0.5472,1,0.0,0.4058,0.3494,0.3842,0.0617,0.4032,1,21,5,22,8.392914856903767,medium
pay104793,cus2145,mer64,2025-02-16 08:54:00,88.7,upi,bank_j,travel,bank_server_timeout,3,0.8432,1,1.0,0.3588,0.8607,0.6066,0.5406,0.4514,1,8,6,16,4.49647076906475,small
pay117958,cus2428,mer46,2025-02-22 15:44:00,8809.22,upi,bank_j,utility_bills,bank_server_timeout,4,0.8613,1,1.0,0.6035,1.0,0.4428,0.5749,0.06,1,15,5,22,9.083667690241596,large
pay112169,cus3501,mer76,2025-01-18 05:41:00,1429.46,netbanking,bank_e,ecommerce,network_timeout,2,0.7481,1,1.0,0.2687,0.5172,0.0355,0.5325,0.1932,1,5,5,18,7.265751349848252,medium
pay113415,cus113,mer55,2025-04-06 16:26:00,13483.17,upi,bank_i,travel,insufficient_funds,2,0.4166,0,,0.4483,0.2171,0.534,0.1274,0.2579,1,16,6,6,9.509271683809333,large
pay119120,cus3490,mer41,2025-04-23 07:19:00,2217.07,netbanking,bank_e,travel,issuer_decline,3,0.446,0,,0.3097,0.0,0.1015,0.4129,0.1131,0,7,2,23,7.704392727376239,medium
pay107222,cus2177,mer4,2025-03-13 23:51:00,18727.73,upi,bank_i,food_delivery,issuer_decline,2,0.4162,1,0.0,0.3834,0.3041,0.4425,0.4198,0.0655,0,23,3,13,9.837813987479857,large
pay108390,cus3245,mer72,2025-06-28 13:00:00,1747.42,upi,bank_b,food_delivery,bank_server_timeout,3,0.8265,1,0.0,0.33,0.5881,0.5394,0.6036,0.2707,1,13,5,28,7.466467801953705,medium
pay103225,cus3714,mer70,2025-05-19 22:24:00,82.26,debit_card,bank_f,ecommerce,card_expired,3,0.0637,0,,0.0642,0.0138,0.067,0.0,0.1504,0,22,0,19,4.421968241766829,small
pay109820,cus3803,mer59,2025-05-24 19:50:00,1338.57,upi,bank_e,ecommerce,upi_server_busy,2,0.8211,1,0.0,0.3931,0.5352,0.3803,0.8246,0.6195,1,19,5,24,7.2001039459245835,medium
pay113716,cus3302,mer78,2025-04-18 19:14:00,92.41,credit_card,bank_d,education_fees,upi_server_busy,1,0.8042,1,1.0,0.3122,0.5526,0.1692,0.0537,0.4949,0,19,4,18,4.5369984058847574,small
pay117309,cus1083,mer52,2025-03-03 21:18:00,774.87,debit_card,bank_d,ecommerce,otp_expired,1,0.6124,0,,0.2948,0.2203,0.1923,0.0,0.3065,0,21,0,3,6.653984980376013,medium
pay109837,cus1485,mer49,2025-06-15 16:08:00,1052.29,upi,bank_g,travel,upi_server_busy,1,0.8366,1,1.0,0.2555,0.857,0.6013,0.0,0.4387,1,16,6,15,6.9596738778261,medium
pay118279,cus200,mer98,2025-01-27 05:56:00,1160.78,upi,bank_j,utility_bills,issuer_decline,1,0.4864,1,0.0,0.4121,0.2317,0.3382,0.3361,0.1147,0,5,0,27,7.057708590743362,medium
pay108344,cus1990,mer37,2025-02-24 03:56:00,1595.17,upi,bank_h,utility_bills,upi_server_busy,4,0.8121,1,1.0,0.17,1.0,0.4187,0.8376,0.469,0,3,0,24,7.375362288628024,medium
pay115506,cus212,mer30,2025-04-17 01:22:00,234.22,netbanking,bank_b,education_fees,insufficient_funds,3,0.5357,0,,0.1576,0.3706,0.3926,0.0658,0.3523,0,1,3,17,5.460521246422891,small
pay116284,cus651,mer34,2025-03-03 20:42:00,2538.09,upi,bank_a,ecommerce,bank_server_timeout,4,0.8101,1,0.0,0.4598,0.5859,0.2441,0.6678,0.3909,0,20,0,3,7.839561028102836,medium
pay106536,cus2786,mer110,2025-03-04 00:35:00,50.0,credit_card,bank_b,travel,bank_server_timeout,3,0.7771,1,1.0,0.1806,0.7532,0.4808,0.6533,0.4294,0,0,1,4,3.9318256327243257,small
pay106319,cus3212,mer36,2025-02-26 04:17:00,111.44,credit_card,bank_e,utility_bills,bank_server_timeout,3,0.8232,0,,0.1739,0.8327,0.4832,0.6468,0.4711,0,4,2,26,4.722419746038331,small
pay111864,cus2529,mer81,2025-06-03 17:42:00,1648.98,upi,bank_a,ecommerce,bank_server_timeout,4,0.7518,1,0.0,0.3965,0.6959,0.1708,0.7751,0.2993,0,17,1,3,7.408518445609043,medium
pay100660,cus3285,mer116,2025-02-01 19:25:00,1514.57,debit_card,bank_b,food_delivery,bank_server_timeout,2,0.7281,1,1.0,0.2815,0.2484,0.1949,0.8229,0.414,1,19,5,1,7.323546884807604,medium
pay103696,cus2217,mer93,2025-02-25 10:50:00,1990.64,upi,bank_f,food_delivery,network_timeout,2,0.7943,1,0.0,0.3375,0.4406,0.2464,0.4521,0.19,0,10,1,25,7.596713698920627,medium
pay100485,cus430,mer60,2025-02-11 21:00:00,114.22,upi,bank_b,subscription_saas,bank_server_timeout,4,0.9154,1,0.0,0.0581,0.4114,0.379,0.6142,0.4916,0,21,1,11,4.746843344304237,small
pay107295,cus3840,mer117,2025-03-12 01:55:00,1018.54,upi,bank_g,travel,upi_server_busy,1,0.8057,1,1.0,0.896,0.9439,0.3804,0.18,0.2711,0,1,2,12,6.927106824163919,medium
pay118383,cus134,mer36,2025-02-22 15:48:00,116.06,upi,bank_g,food_delivery,insufficient_funds,3,0.4375,0,,0.2025,0.3669,0.3467,0.3448,0.3107,1,15,5,22,4.7626866238630745,small
pay110944,cus1205,mer42,2025-04-19 18:28:00,263.27,debit_card,bank_g,travel,upi_server_busy,3,0.9434,1,0.0,0.1576,0.5492,0.3451,0.6336,0.2454,1,18,5,19,5.5769713077898135,small
pay116223,cus3272,mer45,2025-02-16 19:57:00,439.97,debit_card,bank_h,ecommerce,bank_server_timeout,3,0.7858,0,,0.1022,0.5448,0.2955,0.7789,0.4529,1,19,6,16,6.088976845922006,small
pay108429,cus2859,mer1,2025-04-13 03:49:00,122.37,debit_card,bank_f,food_delivery,insufficient_funds,4,0.5634,1,0.0,0.1543,0.396,0.6607,0.3035,0.4342,1,3,6,13,4.8151879700833735,small
pay115819,cus1793,mer13,2025-03-07 04:35:00,3594.66,debit_card,bank_i,ecommerce,network_timeout,2,0.7161,1,0.0,0.306,0.6441,0.2321,0.5217,0.1074,0,4,4,7,8.187482841621982,medium
pay109876,cus3016,mer103,2025-06-26 22:19:00,491.32,debit_card,bank_a,utility_bills,bank_server_timeout,1,0.8369,1,1.0,0.1679,0.5032,0.592,0.1554,0.354,0,22,3,26,6.199128911573732,small
pay102651,cus3343,mer65,2025-06-08 04:16:00,106.82,upi,bank_c,education_fees,bank_server_timeout,3,0.8759,1,0.0,0.2202,0.7257,0.4127,0.788,0.3684,1,4,6,8,4.680463170023523,small
pay116778,cus419,mer12,2025-04-16 09:50:00,3397.81,upi,bank_a,ecommerce,insufficient_funds,2,0.4874,1,0.0,0.3143,0.3677,0.5564,0.2893,0.4792,0,9,2,16,8.131180649339957,medium
pay107120,cus1325,mer78,2025-04-04 22:27:00,237.64,upi,bank_g,ecommerce,upi_server_busy,1,0.8439,1,0.0,0.1161,0.6979,0.3497,0.0268,0.293,0,22,4,4,5.474956140206493,small
pay117414,cus1202,mer69,2025-04-12 16:21:00,452.78,credit_card,bank_i,food_delivery,upi_server_busy,1,0.8384,1,1.0,0.2244,0.8088,0.4431,0.038,0.2817,1,16,5,12,6.117612499095993,small
pay115053,cus1717,mer76,2025-05-21 11:49:00,1769.39,upi,bank_h,education_fees,otp_expired,2,0.6085,0,,0.3217,0.3581,0.2825,0.2386,0.2345,0,11,2,21,7.478955140279857,medium
pay107692,cus2645,mer119,2025-03-09 08:02:00,119.72,debit_card,bank_a,education_fees,otp_expired,1,0.5824,1,1.0,0.1773,0.368,0.4584,0.0442,0.1378,1,8,6,9,4.793473814459594,small
pay118489,cus73,mer32,2025-03-09 07:42:00,966.75,upi,bank_h,food_delivery,bank_server_timeout,1,0.7908,1,1.0,0.1766,0.7575,0.5752,0.2196,0.3835,1,7,6,9,6.874973789457758,medium
pay109650,cus1393,mer109,2025-02-23 03:25:00,2392.11,upi,bank_c,travel,bank_server_timeout,4,0.7789,1,1.0,0.3818,0.8937,0.6966,0.7841,0.2456,1,3,6,23,7.780349054256836,medium
pay113208,cus2121,mer42,2025-05-29 09:31:00,3157.65,credit_card,bank_d,utility_bills,issuer_decline,4,0.5061,1,0.0,0.4851,0.2566,0.1955,0.1513,0.1824,0,9,3,29,8.057900000108676,medium
pay105926,cus861,mer73,2025-05-14 18:44:00,259.57,debit_card,bank_a,travel,upi_server_busy,3,0.8676,1,1.0,0.1631,0.6956,0.4724,0.808,0.2251,0,18,2,14,5.562871539107794,small
pay107552,cus1167,mer13,2025-03-31 22:36:00,1327.17,upi,bank_c,food_delivery,account_blocked,1,0.0591,0,,0.3337,0.0,0.0276,0.0471,0.0483,0,22,0,31,7.191557333891729,medium
pay116299,cus3809,mer84,2025-01-17 16:33:00,326.1,upi,bank_c,travel,bank_server_timeout,4,0.8303,1,0.0,0.108,0.5585,0.5753,0.5851,0.315,0,16,4,17,5.790265934544339,small
pay116004,cus2201,mer62,2025-06-21 02:16:00,2191.72,upi,bank_a,food_delivery,insufficient_funds,2,0.5383,0,,0.3366,0.2629,0.7373,0.0422,0.5546,1,2,5,21,7.692898061287665,medium
pay119220,cus135,mer20,2025-04-27 12:08:00,219.9,netbanking,bank_i,subscription_saas,bank_server_timeout,3,0.8155,1,0.0,0.1185,0.3987,0.1971,0.7972,0.3564,1,12,6,27,5.397710110426072,small
pay115122,cus2448,mer81,2025-01-14 05:40:00,716.51,netbanking,bank_d,food_delivery,bank_server_timeout,4,0.8202,1,1.0,0.3852,0.6849,0.1697,0.5571,0.2243,0,5,1,14,6.575786884818883,medium
pay105669,cus1028,mer25,2025-05-04 02:13:00,180.8,credit_card,bank_i,ecommerce,bank_server_timeout,3,0.7477,1,1.0,0.0989,0.8017,0.4463,0.8152,0.2855,1,2,6,4,5.202907181743378,small
pay116332,cus3284,mer6,2025-05-22 20:30:00,3252.5,netbanking,bank_h,ecommerce,issuer_decline,4,0.556,1,0.0,0.4505,0.385,0.0,0.2282,0.1506,0,20,3,22,8.087486618935039,medium
pay103606,cus3984,mer107,2025-02-28 22:33:00,905.63,netbanking,bank_g,utility_bills,upi_server_busy,4,0.8565,1,1.0,0.2204,0.7378,0.5907,0.6774,0.4588,0,22,4,28,6.809734428627697,medium
pay109019,cus11,mer52,2025-02-27 20:27:00,518.91,credit_card,bank_g,ecommerce,otp_expired,1,0.5781,1,0.0,0.1344,0.3115,0.2861,0.1556,0.6537,0,20,3,27,6.253655719672857,medium
pay102083,cus2890,mer50,2025-05-01 03:34:00,769.31,credit_card,bank_i,travel,network_timeout,1,0.8025,1,1.0,0.2128,0.6928,0.2918,0.0,0.3467,0,3,3,1,6.646793031229738,medium
pay102224,cus3241,mer10,2025-03-14 04:40:00,1126.96,upi,bank_e,subscription_saas,insufficient_funds,4,0.5606,0,,0.2524,0.3047,0.8156,0.1393,0.4983,0,4,4,14,7.028165970436341,medium
pay112490,cus1187,mer92,2025-04-01 20:14:00,1758.09,upi,bank_e,utility_bills,insufficient_funds,4,0.4042,1,1.0,0.359,0.1108,0.5513,0.2637,0.4726,0,20,1,1,7.472551908863558,medium
pay117785,cus2931,mer108,2025-05-16 08:35:00,360.27,upi,bank_g,education_fees,issuer_decline,3,0.3745,1,0.0,0.125,0.1633,0.2608,0.0342,0.0138,0,8,4,16,5.889625601215949,small
pay111181,cus3324,mer91,2025-03-18 19:28:00,1197.49,credit_card,bank_b,food_delivery,otp_expired,4,0.6937,0,,0.1345,0.2407,0.3989,0.2148,0.2097,0,19,1,18,7.088817710076593,medium
pay119327,cus768,mer99,2025-04-06 04:03:00,51.42,upi,bank_g,food_delivery,insufficient_funds,2,0.5791,1,0.0,0.1015,0.2969,0.7199,0.5726,0.4691,1,4,6,6,3.95928819789526,small
pay104189,cus2643,mer77,2025-06-12 00:24:00,2841.21,upi,bank_b,ecommerce,issuer_decline,2,0.4128,1,0.0,0.39,0.0478,0.2221,0.2626,0.0301,0,0,3,12,7.95233719755281,medium
pay113484,cus73,mer3,2025-02-24 21:56:00,640.85,debit_card,bank_i,ecommerce,account_blocked,1,0.079,0,,0.0618,0.0,0.0,0.1826,0.288,0,21,0,24,6.464354631530935,medium
pay100063,cus1328,mer91,2025-06-24 03:39:00,819.03,debit_card,bank_h,education_fees,upi_server_busy,4,0.8198,1,1.0,0.2073,0.727,0.1617,0.499,0.3071,0,3,1,24,6.709340924954924,medium
pay104420,cus1167,mer103,2025-05-10 21:01:00,9333.83,debit_card,bank_j,education_fees,insufficient_funds,4,0.5177,0,,0.6627,0.2437,0.4352,0.2505,0.2861,1,21,5,10,9.141507844776257,large
pay115096,cus295,mer2,2025-02-21 01:47:00,717.77,upi,bank_h,education_fees,insufficient_funds,3,0.4852,0,,0.1297,0.2461,0.6206,0.1076,0.6252,0,1,4,21,6.5775414178113785,medium
pay109385,cus3174,mer17,2025-05-11 20:43:00,6007.61,debit_card,bank_a,ecommerce,insufficient_funds,4,0.4104,1,0.0,0.3855,0.2088,0.3108,0.163,0.3144,1,20,6,11,8.700948719581628,large
pay105225,cus2533,mer97,2025-03-30 17:04:00,2641.2,upi,bank_a,utility_bills,bank_server_timeout,2,0.7232,0,,0.3509,0.6304,0.4211,0.6733,0.1711,1,17,6,30,7.879367182444254,medium
pay108466,cus1755,mer27,2025-03-13 12:55:00,4400.48,upi,bank_j,education_fees,otp_expired,3,0.5502,1,1.0,0.6028,0.4071,0.4457,0.1445,0.2837,0,12,3,13,8.38969612698515,medium
pay102977,cus3644,mer70,2025-06-11 09:59:00,338.13,upi,bank_b,education_fees,insufficient_funds,4,0.4128,1,0.0,0.064,0.2709,0.7661,0.2193,0.4544,0,9,2,11,5.826383514696429,small
pay114155,cus2489,mer12,2025-06-28 19:47:00,180.92,debit_card,bank_i,ecommerce,account_blocked,1,0.0,0,,0.1027,0.0281,0.0,0.0672,0.0651,1,19,5,28,5.203567030002226,small
pay103217,cus3716,mer100,2025-03-19 09:25:00,1378.88,debit_card,bank_f,food_delivery,upi_server_busy,2,0.8565,1,0.0,0.2821,0.6009,0.428,0.7384,0.4066,0,9,2,19,7.229751817848574,medium
pay105269,cus3516,mer111,2025-04-04 18:37:00,671.86,upi,bank_i,food_delivery,insufficient_funds,2,0.4311,1,0.0,0.2408,0.3788,0.582,0.3937,0.2163,0,18,4,4,6.511537284230636,medium
pay119905,cus3164,mer38,2025-05-30 01:28:00,106.97,netbanking,bank_h,ecommerce,duplicate_payment_block,3,0.3746,0,,0.195,0.0497,0.1525,0.1303,0.165,0,1,4,30,4.681853410759049,small
pay104605,cus1158,mer104,2025-03-26 21:29:00,4823.88,upi,bank_h,subscription_saas,bank_server_timeout,2,0.875,1,1.0,0.3637,0.7462,0.5394,0.6754,0.2084,0,21,2,26,8.48154114299749,medium
pay100458,cus3954,mer6,2025-06-01 08:14:00,2037.1,debit_card,bank_b,subscription_saas,bank_server_timeout,4,0.7669,0,,0.3028,0.6699,0.7032,0.7518,0.3971,1,8,6,1,7.619773280292334,medium
pay112940,cus2057,mer114,2025-05-24 19:42:00,75.51,upi,bank_g,utility_bills,insufficient_funds,2,0.5726,1,0.0,0.1441,0.3098,0.4372,0.2352,0.3272,1,19,5,24,4.3374214512437606,small
pay103183,cus1273,mer78,2025-01-11 10:19:00,357.93,debit_card,bank_e,food_delivery,issuer_decline,4,0.4647,0,,0.1929,0.163,0.1007,0.3664,0.0,1,10,5,11,5.8831273834035995,small
pay116627,cus2664,mer99,2025-02-25 11:52:00,1375.06,upi,bank_g,subscription_saas,upi_server_busy,2,0.8043,1,1.0,0.2178,0.5476,0.1406,0.5549,0.3861,0,11,1,25,7.226979622193797,medium
pay114646,cus1794,mer56,2025-06-24 04:24:00,18985.16,debit_card,bank_d,education_fees,network_timeout,4,0.7924,1,1.0,0.5361,0.5694,0.3677,0.2397,0.5103,0,4,1,24,9.851465571668427,large
pay116781,cus637,mer16,2025-05-01 10:25:00,223.78,upi,bank_b,food_delivery,insufficient_funds,2,0.5708,1,1.0,0.1265,0.1445,0.5406,0.0613,0.5647,0,10,3,1,5.415122146090121,small
pay109976,cus936,mer94,2025-02-06 10:33:00,366.86,upi,bank_i,utility_bills,bank_server_timeout,4,0.7816,1,0.0,0.1765,0.6136,0.2355,0.4757,0.4244,0,10,3,6,5.907702431002652,small
pay102248,cus1353,mer4,2025-01-29 00:44:00,209.41,upi,bank_h,food_delivery,network_timeout,2,0.7361,0,,0.1856,0.6914,0.0526,0.6833,0.1848,0,0,2,29,5.3490580082512205,small
pay113038,cus3048,mer42,2025-03-03 06:41:00,1481.41,upi,bank_j,utility_bills,card_expired,3,0.1352,0,,0.5162,0.0,0.1585,0.1239,0.0,0,6,0,3,7.30142442076599,medium
pay106244,cus256,mer44,2025-05-25 10:43:00,741.38,upi,bank_i,travel,upi_server_busy,4,0.776,1,0.0,0.2113,0.3461,0.3666,0.7487,0.3121,1,10,6,25,6.609861241453939,medium
pay119033,cus1147,mer57,2025-06-09 05:20:00,52.1,debit_card,bank_d,education_fees,upi_server_busy,2,0.8897,1,1.0,0.3976,0.8708,0.3176,0.6368,0.1396,0,5,0,9,3.9721769282478934,small
pay106054,cus1109,mer98,2025-06-02 22:59:00,962.28,netbanking,bank_c,ecommerce,bank_server_timeout,4,0.798,1,0.0,0.9,0.4953,0.5196,0.7735,0.0469,0,22,0,2,6.870344127583963,medium
pay106969,cus1326,mer12,2025-05-06 23:55:00,731.13,credit_card,bank_a,subscription_saas,issuer_decline,1,0.4158,0,,0.2372,0.1035,0.1753,0.0587,0.0875,0,23,1,6,6.595958093821491,medium
pay103093,cus2432,mer27,2025-02-13 08:48:00,1696.84,upi,bank_i,ecommerce,insufficient_funds,2,0.4275,1,1.0,0.2798,0.1843,0.6532,0.0915,0.5048,0,8,3,13,7.437112133927386,medium
pay115736,cus3494,mer57,2025-06-01 16:26:00,173.25,upi,bank_c,education_fees,bank_server_timeout,1,0.902,1,1.0,0.2607,0.7514,0.4925,0.1032,0.3367,1,16,6,1,5.160491049640633,small
pay105008,cus1790,mer92,2025-05-09 22:23:00,413.41,upi,bank_j,travel,insufficient_funds,3,0.426,0,,0.3092,0.3575,0.7358,0.0928,0.1962,0,22,4,9,6.02685582192825,small
pay118818,cus757,mer61,2025-06-11 02:53:00,7424.05,netbanking,bank_i,food_delivery,otp_expired,3,0.7208,1,1.0,0.4376,0.33,0.3432,0.2848,0.3804,0,2,2,11,8.912614697654961,large
pay113732,cus2894,mer62,2025-02-21 01:31:00,878.32,upi,bank_i,subscription_saas,insufficient_funds,1,0.4442,1,1.0,0.2604,0.1216,0.8243,0.0,0.5114,0,1,4,21,6.779148881491916,medium
pay117207,cus1610,mer64,2025-06-27 19:43:00,914.05,credit_card,bank_a,education_fees,bank_server_timeout,2,0.768,1,0.0,0.1859,0.385,0.3576,0.4863,0.1865,0,19,4,27,6.818978708591291,medium
pay105870,cus1445,mer49,2025-05-22 16:21:00,232.08,netbanking,bank_a,ecommerce,upi_server_busy,1,0.8344,1,1.0,0.7632,0.5547,0.2939,0.0,0.2304,0,16,3,22,5.451381742274873,small
pay114942,cus133,mer75,2025-06-27 21:49:00,464.37,upi,bank_e,food_delivery,insufficient_funds,4,0.4851,0,,0.1047,0.1689,0.4824,0.0,0.293,0,21,4,27,6.1428327881115266,small
pay108360,cus1009,mer54,2025-02-03 00:40:00,186.44,debit_card,bank_a,utility_bills,issuer_decline,1,0.4995,0,,0.2988,0.472,0.1867,0.0,0.0784,0,0,0,3,5.2334587941995405,small
pay116044,cus3090,mer51,2025-02-19 20:18:00,335.19,debit_card,bank_a,ecommerce,network_timeout,2,0.812,1,1.0,0.22,0.4927,0.168,0.412,0.3996,0,20,2,19,5.817676476332267,small
pay109081,cus1108,mer3,2025-01-09 18:14:00,271.33,debit_card,bank_d,food_delivery,insufficient_funds,3,0.5277,1,0.0,0.4201,0.1285,0.3962,0.3477,0.2967,0,18,3,9,5.607014566214904,small
pay106022,cus71,mer89,2025-02-27 03:24:00,250.56,debit_card,bank_f,travel,insufficient_funds,4,0.4789,1,1.0,0.0924,0.2525,0.8769,0.1524,0.5545,0,3,3,27,5.527681529675303,small
pay113471,cus2199,mer33,2025-06-25 20:41:00,1139.28,netbanking,bank_i,education_fees,insufficient_funds,1,0.439,1,1.0,0.3474,0.2255,0.4509,0.0556,0.4649,0,20,2,25,7.03902912526544,medium
pay104585,cus427,mer40,2025-04-20 21:27:00,108.41,debit_card,bank_i,subscription_saas,upi_server_busy,3,0.8878,0,,0.1926,0.6492,0.2919,0.6594,0.3604,1,21,6,20,4.695102293488699,small
pay115155,cus99,mer36,2025-01-06 01:11:00,474.03,upi,bank_j,subscription_saas,insufficient_funds,1,0.5143,0,,0.3536,0.352,0.8202,0.1687,0.56,0,1,0,6,6.163377959935002,small
pay117267,cus454,mer82,2025-04-25 16:18:00,334.07,netbanking,bank_g,food_delivery,bank_server_timeout,4,0.8404,1,0.0,0.8792,0.5353,0.4298,0.7107,0.2152,0,16,4,25,5.814339465220845,small
pay102793,cus153,mer59,2025-04-07 06:46:00,459.18,upi,bank_d,food_delivery,network_timeout,4,0.8027,0,,0.338,0.5202,0.3895,0.4072,0.2106,0,6,0,7,6.131617717291387,small
pay110481,cus3733,mer36,2025-01-25 23:13:00,5000.33,upi,bank_c,ecommerce,bank_server_timeout,1,0.806,0,,0.4645,0.7841,0.5162,0.0898,0.3293,1,23,5,25,8.51745915604451,large
pay109844,cus2224,mer6,2025-05-12 02:43:00,439.91,upi,bank_j,food_delivery,insufficient_funds,1,0.4776,1,0.0,0.3459,0.2266,0.5532,0.1421,0.4404,0,2,0,12,6.0888407729867025,small
pay103812,cus2967,mer7,2025-05-02 11:27:00,1436.07,debit_card,bank_d,subscription_saas,insufficient_funds,3,0.5205,1,0.0,0.4722,0.0283,0.8207,0.1537,0.5412,0,11,4,2,7.27036159748829,medium
pay108033,cus3361,mer44,2025-02-15 02:38:00,1701.18,upi,bank_b,utility_bills,otp_expired,3,0.6586,1,0.0,0.2196,0.5684,0.4698,0.1934,0.2791,1,2,5,15,7.439665061473189,medium
pay103835,cus3676,mer3,2025-05-11 11:13:00,331.61,credit_card,bank_f,ecommerce,insufficient_funds,2,0.5089,0,,0.1266,0.2426,0.5412,0.2822,0.4603,1,11,6,11,5.80697063245237,small
pay119987,cus3827,mer107,2025-03-11 14:04:00,585.47,netbanking,bank_e,education_fees,insufficient_funds,4,0.5231,0,,0.1226,0.2295,0.1392,0.17,0.404,0,14,1,11,6.374121515890138,medium
pay117401,cus1182,mer69,2025-02-19 17:39:00,172.04,debit_card,bank_f,food_delivery,bank_server_timeout,4,0.7989,1,0.0,0.192,0.5105,0.4511,0.7098,0.2642,0,17,2,19,5.153522781644804,small
pay115321,cus3656,mer119,2025-03-18 02:06:00,1488.68,debit_card,bank_i,food_delivery,issuer_decline,3,0.4607,1,0.0,0.2044,0.1924,0.2116,0.3331,0.0211,0,2,1,18,7.306316610773507,medium
pay102714,cus3912,mer105,2025-04-02 03:58:00,545.03,upi,bank_e,food_delivery,issuer_decline,4,0.5063,0,,0.1851,0.3017,0.2705,0.2431,0.1711,0,3,2,2,6.3026739192904255,medium
pay116795,cus1323,mer32,2025-05-17 05:10:00,93.39,upi,bank_a,subscription_saas,duplicate_payment_block,1,0.3185,0,,0.0529,0.099,0.136,0.0764,0.0541,1,5,5,17,4.547435135336853,small
pay103969,cus1084,mer104,2025-04-22 08:37:00,1488.11,credit_card,bank_b,food_delivery,issuer_decline,2,0.5467,0,,0.2854,0.0799,0.1992,0.2787,0.1485,0,8,1,22,7.305933905039328,medium
pay101259,cus1494,mer115,2025-05-25 08:54:00,402.48,debit_card,bank_g,education_fees,bank_server_timeout,4,0.8013,1,1.0,0.2814,0.7962,0.2033,0.6757,0.3668,1,8,6,25,6.000126920186634,small
pay108918,cus3674,mer96,2025-05-07 19:59:00,406.06,upi,bank_h,ecommerce,issuer_decline,1,0.4165,1,0.0,0.111,0.1214,0.2108,0.339,0.2946,0,19,2,7,6.008960594724733,small
pay103691,cus1068,mer100,2025-04-23 19:05:00,3876.18,upi,bank_i,food_delivery,network_timeout,2,0.7396,1,1.0,0.3773,0.844,0.1611,0.1152,0.3729,0,19,2,23,8.262863364243444,medium
pay114481,cus1376,mer72,2025-04-13 10:16:00,130.74,upi,bank_j,subscription_saas,insufficient_funds,1,0.5186,1,0.0,0.2632,0.2354,0.36,0.011,0.4719,1,10,6,13,4.880830283212547,small
pay101673,cus1105,mer76,2025-05-17 12:23:00,599.12,upi,bank_b,ecommerce,bank_server_timeout,1,0.797,0,,0.1532,0.4706,0.3851,0.2167,0.7034,1,12,5,17,6.397129635218812,medium
pay101533,cus209,mer8,2025-02-03 21:33:00,1681.21,upi,bank_f,food_delivery,insufficient_funds,1,0.5109,1,1.0,0.135,0.2544,0.699,0.1535,0.5352,0,21,0,3,7.42786368410703,medium
pay102211,cus665,mer30,2025-05-20 09:08:00,651.53,debit_card,bank_f,utility_bills,issuer_decline,1,0.4714,0,,0.2161,0.1581,0.121,0.0886,0.1421,0,9,1,20,6.480857115151433,medium
pay108769,cus1958,mer19,2025-06-01 13:32:00,1644.52,upi,bank_b,utility_bills,insufficient_funds,2,0.5558,1,0.0,0.1938,0.1064,0.4365,0.003,0.3334,1,13,6,1,7.405811722669908,medium
pay118852,cus2712,mer56,2025-04-09 12:46:00,422.29,credit_card,bank_i,food_delivery,duplicate_payment_block,2,0.3392,0,,0.0944,0.0476,0.0133,0.0517,0.0,0,12,2,9,6.048057523340435,small
pay106416,cus201,mer43,2025-02-08 01:41:00,1801.55,debit_card,bank_h,food_delivery,upi_server_busy,4,0.8659,0,,0.2908,0.6966,0.4201,0.6898,0.2438,1,1,5,8,7.4969576080254186,medium
pay114876,cus1840,mer26,2025-01-18 14:04:00,939.4,upi,bank_i,subscription_saas,insufficient_funds,3,0.4878,0,,0.2671,0.1627,0.4864,0.1965,0.3049,1,14,5,18,6.846305316665914,medium
pay114461,cus2169,mer16,2025-02-24 12:56:00,2725.88,upi,bank_i,food_delivery,upi_server_busy,4,0.8306,1,0.0,0.2332,0.5558,0.3609,0.4897,0.3859,0,12,0,24,7.910913377476927,medium
pay108944,cus3321,mer81,2025-01-04 10:50:00,1024.28,credit_card,bank_a,food_delivery,issuer_decline,4,0.4765,1,1.0,0.2536,0.1559,0.1017,0.1638,0.1603,1,10,5,4,6.932721024999885,medium
pay102508,cus1575,mer29,2025-03-15 07:39:00,273.08,debit_card,bank_b,food_delivery,bank_server_timeout,3,0.8626,1,0.0,0.1887,0.6545,0.5877,0.7788,0.4038,1,7,5,15,5.613420034575809,small
pay116720,cus3644,mer54,2025-05-25 16:56:00,141.92,upi,bank_c,food_delivery,bank_server_timeout,2,0.7236,1,1.0,0.1505,0.7632,0.4055,0.9801,0.3395,1,16,6,25,4.962285033155209,small
pay104818,cus3117,mer56,2025-04-07 03:40:00,705.56,upi,bank_e,subscription_saas,issuer_decline,2,0.4597,1,1.0,0.2846,0.4124,0.0,0.2233,0.0097,0,3,0,7,6.560408124208621,medium
pay113638,cus1936,mer60,2025-01-05 12:10:00,1000.98,credit_card,bank_j,travel,upi_server_busy,1,0.8616,0,,0.3817,0.7281,0.4224,0.0,0.5562,1,12,6,5,6.909733321365764,medium
pay106512,cus1179,mer77,2025-01-16 19:26:00,1298.86,credit_card,bank_a,education_fees,bank_server_timeout,1,0.7254,1,0.0,0.2308,0.5172,0.3943,0.0112,0.3368,0,19,3,16,7.170011845342703,medium
pay112938,cus2989,mer18,2025-05-21 22:33:00,1343.02,upi,bank_j,utility_bills,issuer_decline,3,0.5009,1,0.0,0.4659,0.2779,0.0377,0.1247,0.0411,0,22,2,21,7.203420401924755,medium
pay118955,cus979,mer43,2025-05-16 20:25:00,3647.3,credit_card,bank_g,education_fees,bank_server_timeout,4,0.8446,1,1.0,0.3601,0.6303,0.0889,0.5357,0.0,0,20,4,16,8.202016584655064,medium
pay119132,cus2319,mer30,2025-03-22 07:31:00,1954.87,debit_card,bank_a,subscription_saas,bank_server_timeout,3,0.8574,1,1.0,0.2489,0.6392,0.4101,0.6829,0.2108,1,7,5,22,7.578590386218366,medium
pay116605,cus1991,mer72,2025-02-09 10:50:00,2094.57,upi,bank_d,ecommerce,network_timeout,1,0.8069,0,,0.3928,0.5685,0.2834,0.0767,0.2337,1,10,6,9,7.647580871722489,medium
pay105408,cus831,mer31,2025-04-11 17:20:00,451.0,upi,bank_b,ecommerce,otp_expired,4,0.6317,1,1.0,0.1422,0.3591,0.3763,0.0,0.1578,0,17,4,11,6.113682179832232,small
pay105298,cus1207,mer69,2025-01-31 13:55:00,291.99,netbanking,bank_c,education_fees,otp_expired,2,0.5072,0,,0.1207,0.3592,0.2299,0.1189,0.1759,0,13,4,31,5.680138478741803,small
pay119305,cus2875,mer15,2025-04-01 20:06:00,2314.87,debit_card,bank_c,food_delivery,insufficient_funds,1,0.4908,0,,0.2525,0.2692,0.5248,0.0,0.4205,0,20,1,1,7.747540705856673,medium
pay105684,cus1678,mer76,2025-04-08 21:39:00,73.22,upi,bank_a,food_delivery,issuer_decline,3,0.5193,1,0.0,0.1747,0.072,0.2196,0.1497,0.071,0,21,1,8,4.307033655632451,small
pay117408,cus2898,mer31,2025-03-03 10:42:00,4973.85,netbanking,bank_h,food_delivery,issuer_decline,1,0.3855,0,,0.4295,0.1557,0.0629,0.0,0.0001,0,10,0,3,8.512150498384381,medium
pay112773,cus3342,mer59,2025-02-19 15:06:00,691.74,upi,bank_d,education_fees,insufficient_funds,1,0.5452,0,,0.4317,0.0447,0.5138,0.0,0.3351,0,15,2,19,6.540654748416958,medium
pay105941,cus885,mer29,2025-03-26 10:39:00,525.8,upi,bank_b,education_fees,otp_expired,4,0.5596,1,0.0,0.1814,0.1648,0.4153,0.236,0.2364,0,10,2,26,6.2668209698691255,medium
pay109977,cus3891,mer60,2025-06-15 11:48:00,1052.26,debit_card,bank_c,ecommerce,network_timeout,4,0.7416,1,0.0,0.3598,0.4662,0.3082,0.3303,0.3777,1,11,6,15,6.959645395236081,medium
pay102882,cus130,mer55,2025-04-12 08:10:00,291.0,credit_card,bank_j,education_fees,issuer_decline,1,0.5019,1,0.0,0.2994,0.0915,0.3107,0.2291,0.2176,1,8,5,12,5.676753802268282,small
pay111755,cus1266,mer28,2025-02-01 18:03:00,341.04,credit_card,bank_a,education_fees,upi_server_busy,1,0.8205,1,0.0,0.7313,0.5656,0.1417,0.0216,0.5548,1,18,5,1,5.834927689287754,small
pay111435,cus3066,mer33,2025-06-29 10:00:00,399.08,upi,bank_b,subscription_saas,otp_expired,1,0.567,1,1.0,0.1743,0.2711,0.2892,0.0,0.3614,1,10,6,29,5.991664527110649,small
pay104783,cus1959,mer64,2025-05-17 02:15:00,613.79,upi,bank_h,food_delivery,issuer_decline,2,0.45,1,0.0,0.2401,0.253,0.2032,0.312,0.1251,1,2,5,17,6.421280746079978,medium
pay116408,cus1037,mer34,2025-06-13 04:26:00,1880.72,debit_card,bank_i,education_fees,otp_expired,2,0.6018,1,0.0,0.2937,0.2759,0.461,0.4214,0.3962,0,4,4,13,7.539941531180941,medium
pay106048,cus1313,mer60,2025-02-01 12:05:00,6338.1,credit_card,bank_e,utility_bills,upi_server_busy,3,0.8798,1,1.0,0.3903,0.6629,0.3822,0.601,0.3215,1,12,5,1,8.754492081518626,large
pay114075,cus2896,mer38,2025-05-13 22:28:00,496.41,debit_card,bank_g,food_delivery,otp_expired,3,0.5576,0,,0.2149,0.5046,0.3087,0.0046,0.2628,0,22,1,13,6.2094146357108375,small
pay105820,cus1496,mer77,2025-04-21 06:33:00,507.07,upi,bank_j,ecommerce,otp_expired,4,0.5918,1,1.0,0.3254,0.6285,0.4759,0.3152,0.329,0,6,0,21,6.230619233361176,medium
pay112013,cus1912,mer2,2025-04-28 23:13:00,1101.36,upi,bank_g,utility_bills,duplicate_payment_block,1,0.3274,0,,0.3173,0.0895,0.2387,0.0713,0.0,0,23,0,28,7.00520861513085,medium
pay103094,cus34,mer76,2025-06-13 18:44:00,694.99,debit_card,bank_j,ecommerce,bank_server_timeout,2,0.7675,1,1.0,0.2948,0.6406,0.489,0.6586,0.3004,0,18,4,13,6.54533529241511,medium
pay101186,cus1326,mer14,2025-01-26 15:11:00,432.54,upi,bank_a,ecommerce,issuer_decline,3,0.5102,1,0.0,0.0999,0.1131,0.113,0.3558,0.0699,1,15,6,26,6.071984064166777,small
pay118203,cus3433,mer13,2025-04-04 15:15:00,616.69,upi,bank_e,ecommerce,account_blocked,4,0.0607,0,,0.8132,0.1057,0.0944,0.0752,0.1354,0,15,4,4,6.425986713482255,medium
pay114631,cus3317,mer52,2025-02-01 01:15:00,178.86,debit_card,bank_b,subscription_saas,network_timeout,4,0.7572,0,,0.051,0.7757,0.3078,0.4016,0.439,1,1,5,1,5.192178770486369,small
pay112017,cus488,mer44,2025-05-21 21:51:00,344.05,credit_card,bank_i,travel,bank_server_timeout,4,0.7764,1,1.0,0.0483,0.3865,0.2712,0.7177,0.2446,0,21,2,21,5.843689334066611,small
pay107755,cus2109,mer36,2025-06-21 12:40:00,595.99,upi,bank_e,education_fees,insufficient_funds,1,0.4873,0,,0.2539,0.0437,0.3121,0.0504,0.278,1,12,5,21,6.391900362833552,medium
pay110658,cus167,mer88,2025-01-27 08:54:00,846.25,debit_card,bank_h,food_delivery,insufficient_funds,2,0.4876,0,,0.2018,0.4129,0.6074,0.0231,0.3054,0,8,0,27,6.741995810487161,medium
pay104534,cus159,mer104,2025-01-06 08:47:00,904.08,debit_card,bank_h,education_fees,insufficient_funds,4,0.5472,0,,0.131,0.2004,0.3306,0.1236,0.1862,0,8,0,6,6.808023337583127,medium
pay119291,cus400,mer34,2025-04-02 12:45:00,3512.62,credit_card,bank_g,ecommerce,account_blocked,2,0.0545,0,,0.3413,0.0,0.0,0.0285,0.0,0,12,2,2,8.164402124026534,medium
pay106659,cus1499,mer15,2025-02-10 03:31:00,3814.64,upi,bank_a,food_delivery,insufficient_funds,1,0.428,0,,0.3705,0.3478,0.746,0.0846,0.2842,0,3,0,10,8.246863688495273,medium
pay113239,cus1831,mer93,2025-02-18 01:19:00,551.59,netbanking,bank_a,ecommerce,otp_expired,1,0.6432,1,0.0,0.2787,0.2739,0.4099,0.0728,0.3022,0,1,1,18,6.314616316053408,medium
pay107829,cus1989,mer85,2025-03-13 06:20:00,254.88,debit_card,bank_f,food_delivery,issuer_decline,4,0.3521,0,,0.1943,0.4537,0.1299,0.2856,0.0948,0,6,3,13,5.544708584581937,small
pay111732,cus997,mer101,2025-03-08 16:13:00,336.09,upi,bank_h,subscription_saas,upi_server_busy,4,0.9048,1,1.0,0.1281,0.7415,0.422,0.6264,0.4514,1,16,5,8,5.82034995701211,small
pay114358,cus2584,mer114,2025-04-16 14:36:00,1986.83,upi,bank_d,ecommerce,upi_server_busy,3,0.8928,1,1.0,0.5063,0.7965,0.6129,0.5111,0.2347,0,14,2,16,7.594798870481597,medium
pay103216,cus372,mer4,2025-01-01 23:05:00,188.42,debit_card,bank_i,food_delivery,upi_server_busy,3,0.8993,1,1.0,0.7708,0.8848,0.3242,0.4839,0.4165,0,23,2,1,5.243966771797955,small
pay119878,cus2184,mer114,2025-05-08 02:26:00,3296.62,upi,bank_c,utility_bills,upi_server_busy,2,0.8194,1,1.0,0.2939,0.7013,0.2898,0.673,0.5936,0,2,3,8,8.100956275134784,medium
pay109535,cus171,mer37,2025-04-13 12:52:00,186.2,credit_card,bank_d,food_delivery,network_timeout,4,0.8113,1,1.0,0.3176,0.6273,0.1208,0.2968,0.4083,1,12,6,13,5.232177564043492,small
pay110574,cus1485,mer36,2025-04-20 08:16:00,51.89,upi,bank_d,utility_bills,duplicate_payment_block,1,0.3001,1,0.0,0.22,0.0422,0.5232,0.1701,0.0,1,8,6,20,3.9682142850778885,small
pay116239,cus3397,mer85,2025-05-11 13:45:00,2004.55,upi,bank_j,ecommerce,issuer_decline,4,0.3846,1,1.0,0.4435,0.2941,0.0403,0.1641,0.0859,1,13,6,11,7.603673616337868,medium
pay104211,cus257,mer70,2025-05-08 20:45:00,278.67,upi,bank_i,subscription_saas,upi_server_busy,2,0.8721,0,,0.0205,0.6667,0.3612,0.7372,0.4481,0,20,3,8,5.633610336679198,small
pay112194,cus3501,mer77,2025-01-10 21:05:00,485.0,netbanking,bank_f,food_delivery,insufficient_funds,4,0.4986,1,0.0,0.0698,0.0,0.5916,0.2165,0.431,0,21,4,10,6.186208623900494,small
pay112609,cus3527,mer111,2025-05-11 01:20:00,459.34,debit_card,bank_a,food_delivery,bank_server_timeout,1,0.9221,1,1.0,0.1691,0.8461,0.5876,0.1665,0.3765,1,1,6,11,6.131965346895548,small
pay110786,cus3169,mer113,2025-01-02 01:22:00,215.58,upi,bank_b,subscription_saas,insufficient_funds,2,0.5696,1,0.0,0.1195,0.1827,0.6773,0.3081,0.4226,0,1,3,2,5.377959994200234,small
pay106693,cus3407,mer93,2025-05-24 04:40:00,50.0,credit_card,bank_a,subscription_saas,bank_server_timeout,3,0.884,1,1.0,0.2807,0.9511,0.3881,0.7501,0.3703,1,4,5,24,3.9318256327243257,small
pay104170,cus986,mer89,2025-03-09 02:08:00,159.8,upi,bank_f,food_delivery,network_timeout,1,0.7228,1,1.0,0.6893,0.6833,0.335,0.0,0.162,1,2,6,9,5.080161356744866,small
pay109216,cus1621,mer44,2025-05-10 05:07:00,87.29,debit_card,bank_c,travel,network_timeout,2,0.7943,1,1.0,0.1835,0.6674,0.2552,0.5041,0.217,1,5,5,10,4.480626850913491,small
pay118251,cus112,mer75,2025-06-22 12:38:00,304.8,upi,bank_f,education_fees,insufficient_funds,4,0.4006,1,1.0,0.2198,0.1186,0.569,0.2107,0.4597,1,12,6,22,5.722931293494962,small
pay118261,cus2325,mer29,2025-01-17 20:32:00,815.07,upi,bank_e,food_delivery,network_timeout,4,0.7824,1,0.0,0.1412,0.5328,0.2132,0.6384,0.4336,0,20,4,17,6.704500135598569,medium
pay116020,cus3042,mer105,2025-02-25 19:52:00,157.0,upi,bank_i,education_fees,insufficient_funds,1,0.4676,1,0.0,0.2085,0.1131,0.5209,0.0,0.3396,0,19,1,25,5.062595033026967,small
pay114011,cus801,mer91,2025-03-23 19:16:00,173.15,netbanking,bank_f,education_fees,bank_server_timeout,3,0.8305,1,0.0,0.1118,0.3173,0.1885,0.7085,0.5548,1,19,6,23,5.159916996812011,small
pay116650,cus2862,mer21,2025-05-17 05:59:00,162.72,upi,bank_d,utility_bills,insufficient_funds,2,0.5055,0,,0.3,0.265,0.404,0.0746,0.4554,1,5,5,17,5.098157651624202,small
pay116061,cus1454,mer51,2025-04-17 09:45:00,321.19,upi,bank_a,utility_bills,account_blocked,3,0.0,0,,0.201,0.1848,0.081,0.0,0.0,0,9,3,17,5.775141433638012,small
pay119620,cus1803,mer62,2025-02-25 23:04:00,121.58,upi,bank_j,travel,network_timeout,3,0.8073,1,1.0,0.2685,0.6884,0.3456,0.4642,0.2929,0,23,1,25,4.808763878057586,small
pay111769,cus2900,mer7,2025-03-30 15:36:00,248.44,netbanking,bank_i,travel,network_timeout,2,0.8287,0,,0.2189,0.5214,0.2033,0.3214,0.1517,1,15,6,30,5.519218405309466,small
pay112994,cus1364,mer120,2025-02-15 12:14:00,141.35,upi,bank_a,utility_bills,duplicate_payment_block,1,0.2505,1,0.0,0.1011,0.0769,0.2181,0.095,0.1514,1,12,5,15,4.958288813724047,small
pay110855,cus927,mer2,2025-05-28 03:08:00,99.41,upi,bank_d,food_delivery,insufficient_funds,1,0.462,0,,0.3683,0.1197,0.6229,0.0,0.5339,0,3,2,28,4.609261803891345,small
pay116580,cus1290,mer86,2025-06-26 16:23:00,318.27,upi,bank_j,food_delivery,duplicate_payment_block,1,0.2738,0,,0.2916,0.0351,0.1158,0.1978,0.0,0,16,3,26,5.7660371397789225,small
pay108754,cus2334,mer92,2025-05-12 11:19:00,668.35,debit_card,bank_c,food_delivery,insufficient_funds,1,0.463,0,,0.2232,0.0276,0.4349,0.1711,0.5211,0,11,0,12,6.506307092231907,medium
pay100008,cus3834,mer57,2025-02-06 06:21:00,6973.39,upi,bank_f,utility_bills,otp_expired,3,0.5525,1,1.0,0.4779,0.546,0.4729,0.056,0.1515,0,6,3,6,8.850000147668005,large
pay103913,cus1459,mer28,2025-04-10 01:24:00,1200.55,netbanking,bank_i,travel,issuer_decline,4,0.5374,1,0.0,0.3419,0.0,0.3237,0.214,0.0,0,1,3,10,7.091367668959014,medium
pay114970,cus3314,mer42,2025-01-11 10:21:00,110.18,upi,bank_c,ecommerce,insufficient_funds,2,0.5406,1,0.0,0.136,0.1247,0.5138,0.1541,0.3981,1,10,5,11,4.711150509525323,small
pay105311,cus1350,mer54,2025-06-16 20:26:00,132.01,upi,bank_j,utility_bills,insufficient_funds,4,0.4811,0,,0.3558,0.2021,0.5677,0.1362,0.1592,0,20,0,16,4.890424313365204,small
pay111362,cus1671,mer14,2025-04-05 07:22:00,600.58,debit_card,bank_f,education_fees,bank_server_timeout,4,0.7961,0,,0.2262,0.7084,0.4752,0.6234,0.4312,1,7,5,5,6.399559527402163,medium
pay110590,cus2449,mer52,2025-06-27 23:18:00,1719.99,upi,bank_g,education_fees,network_timeout,1,0.7318,1,0.0,0.3027,0.6758,0.4231,0.2378,0.4395,0,23,4,27,7.450654985619411,medium
pay108826,cus1727,mer12,2025-02-10 18:50:00,83.59,upi,bank_b,food_delivery,bank_server_timeout,4,0.769,1,0.0,0.0242,0.2546,0.5513,0.667,0.2957,0,18,0,10,4.437816056315923,small
pay103041,cus2243,mer7,2025-02-22 10:32:00,50.0,upi,bank_b,food_delivery,insufficient_funds,3,0.5445,0,,0.1714,0.1205,0.5759,0.2299,0.4517,1,10,5,22,3.9318256327243257,small
pay116344,cus2782,mer20,2025-02-12 01:34:00,2248.18,credit_card,bank_j,travel,bank_server_timeout,2,0.7983,0,,0.434,0.9485,0.3722,0.879,0.2925,0,1,2,12,7.718320984328005,medium
pay114216,cus1548,mer77,2025-01-29 11:22:00,381.94,debit_card,bank_f,ecommerce,card_expired,2,0.0374,0,,0.1731,0.0752,0.0,0.1823,0.0494,0,11,2,29,5.947878318945059,small
pay103618,cus3711,mer8,2025-03-20 07:59:00,50.0,debit_card,bank_b,food_delivery,issuer_decline,3,0.5039,0,,0.0846,0.3481,0.1519,0.1151,0.0,0,7,3,20,3.9318256327243257,small
pay111210,cus537,mer37,2025-03-19 09:04:00,71.3,upi,bank_g,food_delivery,bank_server_timeout,3,0.8382,1,1.0,0.0616,0.6591,0.5401,0.5086,0.3439,0,9,2,19,4.280824129164719,small
pay118616,cus2137,mer67,2025-04-11 17:17:00,93.82,upi,bank_a,ecommerce,upi_server_busy,3,0.8944,1,0.0,0.1132,0.7524,0.1913,0.724,0.5007,0,17,4,11,4.551980357473973,small
pay115794,cus2252,mer68,2025-02-02 21:20:00,512.98,credit_card,bank_i,food_delivery,insufficient_funds,4,0.533,1,0.0,0.1797,0.2514,0.5511,0.4032,0.3397,1,21,6,2,6.242184354192295,medium
pay106224,cus2468,mer17,2025-03-09 15:15:00,2141.12,upi,bank_e,ecommerce,bank_server_timeout,4,0.8212,1,1.0,0.3178,0.7278,0.4474,0.8128,0.4242,1,15,6,9,7.669551271847461,medium
pay106360,cus2432,mer116,2025-04-23 11:51:00,5736.8,upi,bank_i,education_fees,duplicate_payment_block,2,0.3579,1,0.0,0.4305,0.1773,0.151,0.0,0.2808,0,11,2,23,8.654831140583552,large
pay104398,cus3736,mer67,2025-01-13 13:35:00,381.6,debit_card,bank_c,subscription_saas,upi_server_busy,4,0.8812,1,1.0,0.1269,0.5365,0.2796,0.8709,0.3926,0,13,0,13,5.946990057006152,small
pay107931,cus2762,mer68,2025-01-17 06:21:00,2289.53,upi,bank_d,ecommerce,insufficient_funds,1,0.481,1,0.0,0.5218,0.1742,0.737,0.1668,0.4445,0,6,4,17,7.736538510817972,medium
pay101382,cus2198,mer26,2025-03-04 09:46:00,896.2,debit_card,bank_c,ecommerce,upi_server_busy,1,0.8204,0,,0.8917,0.8844,0.5181,0.149,0.3805,0,9,1,4,6.799278802646053,medium
pay104070,cus3872,mer88,2025-01-18 11:41:00,1897.02,debit_card,bank_i,utility_bills,issuer_decline,1,0.4955,0,,0.2597,0.0323,0.1427,0.1668,0.1609,1,11,5,18,7.548566516522153,medium
pay103203,cus142,mer53,2025-01-26 05:02:00,1224.46,upi,bank_i,education_fees,insufficient_funds,2,0.4406,1,0.0,0.1896,0.2608,0.665,0.288,0.2617,1,5,6,26,7.111071562696598,medium
pay108140,cus1169,mer40,2025-05-19 11:12:00,104.97,upi,bank_e,travel,issuer_decline,4,0.4875,1,0.0,0.1567,0.016,0.2482,0.2752,0.3136,0,11,0,19,4.663156035186745,small
pay101116,cus3074,mer97,2025-06-29 05:03:00,628.85,upi,bank_d,food_delivery,insufficient_funds,3,0.4639,1,0.0,0.3058,0.3381,0.7639,0.1456,0.3917,1,5,6,29,6.445481695798312,medium
pay100840,cus3199,mer96,2025-02-22 00:05:00,2691.7,debit_card,bank_a,education_fees,insufficient_funds,4,0.3745,0,,0.4914,0.2203,0.6394,0.3551,0.3848,1,0,5,22,7.898299686680433,medium
pay112307,cus2574,mer103,2025-02-20 22:42:00,168.73,netbanking,bank_f,ecommerce,bank_server_timeout,4,0.8715,1,1.0,0.3105,0.6164,0.4317,0.6171,0.2217,0,22,3,20,5.13420893917344,small
pay108743,cus41,mer10,2025-01-22 09:20:00,2179.19,upi,bank_d,utility_bills,network_timeout,4,0.6099,1,0.0,0.4198,0.6353,0.4738,0.307,0.4348,0,9,2,22,7.687167307948577,medium
pay116324,cus625,mer80,2025-02-05 09:26:00,286.83,upi,bank_g,subscription_saas,insufficient_funds,2,0.5139,1,1.0,0.0205,0.2425,0.8146,0.1994,0.6056,0,9,2,5,5.662370028075654,small
pay113385,cus3618,mer98,2025-06-10 15:05:00,4132.74,debit_card,bank_d,utility_bills,bank_server_timeout,2,0.8338,1,1.0,0.5406,0.8445,0.418,0.7617,0.6458,0,15,1,10,8.3269378451821,medium
pay112917,cus2541,mer30,2025-04-02 21:05:00,6995.93,upi,bank_h,ecommerce,issuer_decline,3,0.378,1,0.0,0.4703,0.1023,0.1095,0.1979,0.2511,0,21,2,2,8.853226760408301,large
pay114295,cus2888,mer12,2025-05-18 11:38:00,282.39,debit_card,bank_b,food_delivery,insufficient_funds,2,0.4017,1,0.0,0.0943,0.0,0.4976,0.2661,0.5301,1,11,6,18,5.6468240408189185,small
pay101761,cus3506,mer44,2025-03-15 15:29:00,1874.25,upi,bank_a,food_delivery,bank_server_timeout,1,0.7614,1,0.0,0.2758,0.7039,0.4823,0.0,0.4009,1,15,5,15,7.536497262849745,medium
pay103492,cus1091,mer76,2025-03-08 21:12:00,210.26,upi,bank_i,ecommerce,upi_server_busy,3,0.7726,0,,0.1798,0.6975,0.2158,0.6315,0.4899,1,21,5,8,5.353089602395016,small
pay112124,cus1666,mer108,2025-02-20 16:40:00,50.0,upi,bank_b,food_delivery,network_timeout,4,0.7559,1,0.0,0.1228,0.3825,0.3829,0.4491,0.3997,0,16,3,20,3.9318256327243257,small
pay114471,cus790,mer100,2025-05-21 18:00:00,160.88,upi,bank_b,utility_bills,upi_server_busy,4,0.7486,1,0.0,0.093,0.5422,0.3044,0.7317,0.5172,0,18,2,21,5.086855320007665,small
pay104857,cus1750,mer77,2025-04-24 16:38:00,104.68,upi,bank_b,utility_bills,issuer_decline,4,0.48,1,0.0,0.2369,0.1195,0.2242,0.3616,0.2209,0,16,3,24,4.66041566021407,small
pay104182,cus1708,mer66,2025-01-19 04:28:00,1274.82,upi,bank_d,ecommerce,card_expired,2,0.0674,0,,0.4365,0.0,0.1131,0.3178,0.0785,1,4,6,19,7.151344388123294,medium
pay110351,cus404,mer10,2025-01-09 17:29:00,490.59,upi,bank_f,education_fees,upi_server_busy,4,0.8295,1,0.0,0.1422,0.5647,0.2421,0.3675,0.244,0,17,3,9,6.19764503574373,small
pay113615,cus1225,mer44,2025-06-21 00:14:00,146.33,upi,bank_h,ecommerce,insufficient_funds,4,0.479,0,,0.1475,0.2741,0.7157,0.3375,0.344,1,0,5,21,4.992674968719263,small
pay109026,cus3784,mer53,2025-06-25 10:06:00,2404.37,upi,bank_f,subscription_saas,insufficient_funds,4,0.474,1,0.0,0.3082,0.312,0.6587,0.2686,0.6514,0,10,2,25,7.785459016860602,medium
pay119514,cus675,mer10,2025-04-05 10:16:00,1505.79,credit_card,bank_j,utility_bills,insufficient_funds,1,0.5697,1,0.0,0.4079,0.0819,0.6669,0.318,0.475,1,10,5,5,7.31773683921503,medium
pay117256,cus2225,mer50,2025-02-15 23:42:00,398.34,upi,bank_h,subscription_saas,card_expired,2,0.0904,0,,0.042,0.0,0.1877,0.098,0.0,1,23,5,15,5.989813184358751,small
pay107699,cus1348,mer74,2025-02-20 23:53:00,1812.77,credit_card,bank_i,education_fees,network_timeout,2,0.8489,1,1.0,0.2231,0.595,0.3933,0.3246,0.3299,0,23,3,20,7.503162831015617,medium
pay118719,cus415,mer36,2025-01-13 13:53:00,1529.33,upi,bank_g,travel,network_timeout,2,0.7181,1,1.0,0.264,0.2623,0.3496,0.7441,0.3479,0,13,0,13,7.333238677404051,medium
pay104746,cus823,mer50,2025-05-18 20:11:00,1532.32,upi,bank_b,education_fees,issuer_decline,1,0.4758,1,0.0,0.2158,0.1379,0.2891,0.0489,0.0,1,20,6,18,7.3351905981190955,medium
pay103739,cus1210,mer109,2025-05-30 21:52:00,1589.28,debit_card,bank_e,food_delivery,insufficient_funds,2,0.4833,0,,0.2394,0.1183,0.3117,0.1444,0.3313,0,21,4,30,7.371665380339312,medium
pay109148,cus3979,mer68,2025-03-20 16:00:00,445.0,upi,bank_b,food_delivery,bank_server_timeout,3,0.8923,1,1.0,0.1886,0.9668,0.5333,0.7016,0.4572,0,16,3,20,6.100318952020064,small
pay103939,cus1297,mer73,2025-04-02 18:28:00,240.88,credit_card,bank_h,ecommerce,bank_server_timeout,1,0.7438,1,1.0,0.1357,0.7247,0.2368,0.0,0.485,0,18,2,2,5.488441735405012,small
pay102751,cus2115,mer100,2025-01-15 12:46:00,4115.26,debit_card,bank_j,travel,issuer_decline,2,0.4305,1,1.0,0.6067,0.2047,0.505,0.2853,0.0,0,12,2,15,8.322700263083311,medium
pay114888,cus1596,mer88,2025-05-10 01:39:00,223.74,upi,bank_b,travel,insufficient_funds,2,0.4884,1,1.0,0.1131,0.2416,0.8398,0.1291,0.3212,1,1,5,10,5.4149441784797565,small
pay103308,cus1522,mer42,2025-01-05 05:59:00,84.35,upi,bank_b,utility_bills,duplicate_payment_block,1,0.2634,0,,0.2009,0.1281,0.1288,0.0,0.0979,1,5,6,5,4.4467604492404496,small
pay111899,cus3349,mer16,2025-04-28 08:51:00,354.8,upi,bank_g,education_fees,duplicate_payment_block,3,0.3677,0,,0.7203,0.0,0.0,0.0,0.1025,0,8,0,28,5.874368775231734,small
pay105478,cus3503,mer72,2025-01-17 18:59:00,405.1,upi,bank_c,utility_bills,insufficient_funds,1,0.5509,0,,0.1033,0.2555,0.3933,0.1357,0.4557,0,18,4,17,6.006599434692252,small
pay112979,cus740,mer72,2025-06-28 09:35:00,620.49,netbanking,bank_i,food_delivery,upi_server_busy,4,0.9066,1,1.0,0.2722,0.6575,0.2601,0.598,0.4899,1,9,5,28,6.432119820716733,medium
pay102143,cus2102,mer68,2025-04-20 20:11:00,1638.52,upi,bank_h,ecommerce,network_timeout,1,0.7778,1,0.0,0.2573,0.4833,0.2902,0.2721,0.3829,1,20,6,20,7.402158795051408,medium
pay114983,cus1692,mer68,2025-06-29 23:55:00,131.42,netbanking,bank_d,utility_bills,upi_server_busy,1,0.8543,0,,0.3414,0.8822,0.3047,0.0,0.3042,1,23,6,29,4.8859786894967,small
pay109482,cus274,mer92,2025-01-04 04:30:00,3277.95,credit_card,bank_e,food_delivery,network_timeout,4,0.6596,1,1.0,0.3349,0.7172,0.236,0.3141,0.4515,1,4,5,4,8.095278528177,medium
pay117883,cus1796,mer21,2025-01-22 02:14:00,900.21,debit_card,bank_b,food_delivery,bank_server_timeout,2,0.7475,1,1.0,0.2703,0.6291,0.4179,0.8603,0.2946,0,2,2,22,6.803738304812549,medium
pay116100,cus2956,mer19,2025-06-12 07:10:00,1137.07,credit_card,bank_a,food_delivery,account_blocked,3,0.0196,0,,0.2206,0.0,0.0,0.0,0.0785,0,7,3,12,7.037089124218077,medium
pay101516,cus3212,mer26,2025-03-28 20:58:00,16676.76,upi,bank_c,subscription_saas,issuer_decline,4,0.5131,1,0.0,0.4119,0.203,0.0495,0.2057,0.0,0,20,4,28,9.721831374328737,large
pay119024,cus265,mer102,2025-01-25 02:03:00,78.47,upi,bank_g,education_fees,issuer_decline,3,0.4015,0,,0.0602,0.3528,0.0359,0.0,0.0383,1,2,5,25,4.375379591952088,small
pay111954,cus2068,mer91,2025-03-07 05:54:00,515.9,debit_card,bank_c,education_fees,account_blocked,3,0.0,0,,0.0718,0.2118,0.0,0.0,0.0,0,5,4,7,6.247849432201994,medium
pay111226,cus3033,mer78,2025-06-16 11:53:00,56.52,upi,bank_j,utility_bills,card_expired,4,0.057,0,,0.3384,0.0,0.234,0.3189,0.0071,0,11,0,16,4.052132713412791,small
pay114267,cus1270,mer26,2025-03-18 00:33:00,524.74,upi,bank_b,ecommerce,upi_server_busy,3,0.8657,1,1.0,0.0985,0.887,0.5249,0.4754,0.4345,0,0,1,18,6.2648067939549374,medium
pay101044,cus3546,mer57,2025-05-08 15:39:00,319.11,credit_card,bank_c,education_fees,insufficient_funds,4,0.5387,0,,0.2877,0.3119,0.7695,0.1725,0.6441,0,15,3,8,5.768664686725277,small
pay114310,cus2930,mer73,2025-01-26 16:48:00,107.77,netbanking,bank_i,education_fees,account_blocked,3,0.0371,0,,0.0,0.0975,0.0,0.0,0.0727,1,16,6,26,4.689235561105759,small
pay108163,cus3790,mer114,2025-02-19 08:33:00,337.71,upi,bank_e,education_fees,network_timeout,2,0.7575,1,1.0,0.1642,0.7985,0.3175,0.3544,0.368,0,8,2,19,5.8251442840409675,small
pay119143,cus1113,mer8,2025-04-28 19:13:00,1551.07,debit_card,bank_a,education_fees,network_timeout,4,0.686,0,,0.2283,0.586,0.1352,0.2625,0.5604,0,19,0,28,7.347344802818833,medium
pay118318,cus1978,mer7,2025-02-07 16:14:00,142.73,upi,bank_b,travel,insufficient_funds,2,0.5824,0,,0.157,0.4247,0.5236,0.4818,0.5414,0,16,4,7,4.967936539563141,small
pay110143,cus3717,mer69,2025-03-03 20:33:00,3124.92,upi,bank_a,utility_bills,insufficient_funds,4,0.4929,1,0.0,0.3447,0.1403,0.748,0.3872,0.5317,0,20,0,3,8.047483918843325,medium
pay114972,cus2496,mer23,2025-03-13 08:48:00,485.32,upi,bank_i,education_fees,upi_server_busy,2,0.9265,1,1.0,0.2056,0.7736,0.1782,0.5943,0.3917,0,8,3,13,6.186866843440467,small
pay115851,cus3237,mer23,2025-02-04 21:05:00,9762.41,credit_card,bank_a,food_delivery,bank_server_timeout,4,0.7577,1,1.0,0.5494,0.6136,0.2666,0.6987,0.4217,0,21,1,4,9.186397003632228,large
pay112679,cus2389,mer74,2025-05-09 11:40:00,1174.14,debit_card,bank_e,utility_bills,upi_server_busy,1,0.7904,1,1.0,0.2483,0.7351,0.3915,0.2003,0.3004,0,11,4,9,7.069142568416759,medium
pay113601,cus3789,mer32,2025-03-15 07:20:00,574.18,debit_card,bank_i,utility_bills,insufficient_funds,4,0.4637,0,,0.0849,0.2282,0.5705,0.0,0.3878,1,7,5,15,6.354683035287725,medium
pay105930,cus2818,mer55,2025-06-16 20:24:00,493.66,upi,bank_b,subscription_saas,upi_server_busy,2,0.8695,1,1.0,0.2684,0.5819,0.5205,0.5314,0.2897,0,20,0,16,6.203870657879451,small
pay119040,cus2485,mer44,2025-06-03 06:16:00,277.83,debit_card,bank_b,food_delivery,upi_server_busy,3,0.7919,0,,0.1817,0.9231,0.3565,0.8044,0.4568,0,6,1,3,5.630602277114688,small
pay108523,cus1615,mer88,2025-06-09 18:47:00,2574.77,debit_card,bank_i,food_delivery,card_expired,2,0.0731,1,0.0,0.3505,0.1578,0.1507,0.2066,0.0,0,18,0,9,7.853903797523752,medium
pay101486,cus2027,mer63,2025-01-30 06:18:00,735.38,credit_card,bank_e,food_delivery,bank_server_timeout,2,0.7429,1,1.0,0.1595,0.6527,0.5403,0.6206,0.6532,0,6,3,30,6.601746289837472,medium
pay108713,cus968,mer107,2025-06-21 09:31:00,444.91,debit_card,bank_i,ecommerce,duplicate_payment_block,4,0.2729,0,,0.1379,0.1305,0.1618,0.0114,0.1214,1,9,5,21,6.1001171379349985,small
pay119446,cus2665,mer89,2025-03-08 19:45:00,390.95,credit_card,bank_d,education_fees,network_timeout,4,0.7506,1,1.0,0.2285,0.4192,0.1725,0.4608,0.4349,1,19,5,8,5.971134280634731,small
pay110986,cus2983,mer24,2025-05-31 21:17:00,855.91,upi,bank_f,ecommerce,network_timeout,1,0.7728,1,1.0,0.1274,0.7865,0.2085,0.058,0.2031,1,21,5,31,6.753332895580138,medium
pay103223,cus911,mer35,2025-05-20 15:25:00,75.01,debit_card,bank_b,utility_bills,upi_server_busy,1,0.8674,1,0.0,0.1383,0.7145,0.4001,0.1798,0.2949,0,15,1,20,4.330864910577949,small
pay115570,cus1851,mer82,2025-06-04 07:26:00,655.86,upi,bank_d,utility_bills,insufficient_funds,3,0.5416,1,0.0,0.3568,0.2427,0.8033,0.0016,0.4333,0,7,2,4,6.487470905975622,medium
pay108203,cus1424,mer35,2025-04-29 13:50:00,5320.34,upi,bank_c,ecommerce,upi_server_busy,1,0.8448,1,0.0,0.3331,0.6765,0.3573,0.0555,0.3944,0,13,1,29,8.579480430318572,large
pay107542,cus76,mer94,2025-03-08 15:55:00,877.34,upi,bank_e,food_delivery,network_timeout,4,0.6886,0,,0.2729,0.629,0.341,0.5128,0.3398,1,15,5,8,6.778033762411376,medium
pay112196,cus1291,mer118,2025-01-05 02:18:00,50.0,upi,bank_g,ecommerce,insufficient_funds,1,0.5731,0,,0.1849,0.114,1.0,0.0566,0.4173,1,2,6,5,3.9318256327243257,small
pay109804,cus824,mer30,2025-06-10 06:36:00,2991.64,debit_card,bank_i,education_fees,issuer_decline,4,0.3842,0,,0.3776,0.1265,0.2631,0.1471,0.1649,0,6,1,10,8.00391121996354,medium
pay110222,cus1670,mer99,2025-03-18 02:37:00,668.01,credit_card,bank_a,ecommerce,bank_server_timeout,3,0.8062,1,0.0,0.1009,0.6145,0.4919,0.537,0.3038,0,2,1,18,6.505799007699622,medium
pay102481,cus3010,mer113,2025-06-04 20:25:00,265.18,upi,bank_g,subscription_saas,otp_expired,1,0.6267,1,0.0,0.1173,0.4093,0.261,0.0886,0.3869,0,20,2,4,5.58417277165841,small
pay117484,cus2729,mer36,2025-05-01 04:18:00,324.32,credit_card,bank_g,food_delivery,insufficient_funds,1,0.4629,1,1.0,0.1547,0.2757,1.0,0.1328,0.2789,0,4,3,1,5.784809313298575,small
pay119227,cus511,mer69,2025-02-12 04:41:00,658.69,credit_card,bank_f,education_fees,network_timeout,2,0.7114,1,1.0,0.2415,0.7648,0.2032,0.6121,0.2255,0,4,2,12,6.4917700277086,medium
pay109272,cus45,mer21,2025-06-03 13:34:00,2319.11,upi,bank_d,ecommerce,insufficient_funds,3,0.5253,0,,0.471,0.1555,0.6257,0.5164,0.4637,0,13,1,3,7.74936987732946,medium
pay113539,cus3463,mer117,2025-03-12 13:03:00,18451.85,netbanking,bank_b,education_fees,network_timeout,3,0.7666,1,1.0,0.3852,0.3814,0.3725,0.3749,0.523,0,13,2,12,9.822974109083889,large
pay119127,cus131,mer7,2025-04-23 13:33:00,1745.45,credit_card,bank_c,ecommerce,issuer_decline,4,0.5972,1,0.0,0.3478,0.0801,0.3025,0.2397,0.0234,0,13,2,23,7.465340435151135,medium
pay117514,cus2867,mer77,2025-03-30 11:29:00,6783.35,upi,bank_f,ecommerce,upi_server_busy,3,0.8296,1,1.0,0.3872,0.5833,0.1055,0.6146,0.2755,1,11,6,30,8.82237376812205,large
pay105068,cus1422,mer86,2025-01-07 08:25:00,1015.99,upi,bank_e,travel,issuer_decline,2,0.46,1,0.0,0.7813,0.1986,0.5136,0.1884,0.1294,0,8,1,7,6.924602563158526,medium
pay109335,cus2508,mer10,2025-03-03 06:17:00,496.73,credit_card,bank_j,education_fees,upi_server_busy,3,0.8619,1,1.0,0.2592,0.8559,0.531,0.5515,0.3277,0,6,0,3,6.210057761323374,small
pay113551,cus3292,mer33,2025-03-11 07:56:00,50.0,upi,bank_g,ecommerce,upi_server_busy,4,0.8628,1,1.0,0.6619,0.6763,0.4591,0.8027,0.2023,0,7,1,11,3.9318256327243257,small
pay105144,cus1978,mer16,2025-04-26 06:14:00,768.21,upi,bank_e,travel,network_timeout,2,0.7081,1,1.0,0.2854,0.8852,0.4474,0.3736,0.5896,1,6,5,26,6.6453640141501396,medium
pay100709,cus2061,mer5,2025-03-25 21:03:00,126.45,credit_card,bank_h,travel,insufficient_funds,4,0.4462,0,,0.2031,0.1693,0.6028,0.3677,0.2035,0,21,1,25,4.847724130822124,small
pay104629,cus2392,mer50,2025-03-05 09:09:00,1608.16,upi,bank_a,utility_bills,network_timeout,1,0.802,1,1.0,0.269,0.8167,0.5298,0.0,0.4231,0,9,2,5,7.383467582694854,medium
pay108744,cus2412,mer77,2025-03-15 02:33:00,866.7,netbanking,bank_c,food_delivery,network_timeout,4,0.8122,1,1.0,0.2891,0.487,0.2053,0.3359,0.3193,1,2,5,15,6.765846032799444,medium
pay110798,cus3705,mer26,2025-01-18 06:44:00,153.06,upi,bank_g,travel,insufficient_funds,4,0.5652,1,0.0,0.8071,0.1592,0.6286,0.0162,0.3486,1,6,5,18,5.03734213692482,small
pay104756,cus202,mer87,2025-04-14 09:11:00,531.89,credit_card,bank_e,travel,insufficient_funds,4,0.4365,0,,0.2956,0.1759,0.5387,0.3131,0.4152,0,9,0,14,6.278315023879904,medium
pay102316,cus992,mer29,2025-01-16 15:04:00,439.07,debit_card,bank_a,subscription_saas,insufficient_funds,3,0.4721,0,,0.1211,0.513,0.4351,0.1467,0.6133,0,15,3,16,6.0869338051677815,small
pay119422,cus489,mer114,2025-03-14 18:16:00,152.09,credit_card,bank_g,subscription_saas,insufficient_funds,2,0.5067,0,,0.0999,0.1404,0.6126,0.148,0.4492,0,18,4,14,5.03102598374399,small
pay117374,cus721,mer9,2025-05-19 19:11:00,143.81,upi,bank_i,subscription_saas,insufficient_funds,1,0.4921,1,0.0,0.07,0.3473,0.5467,0.0331,0.3216,0,19,0,19,4.975422538340511,small
pay114615,cus468,mer91,2025-05-22 16:09:00,1990.56,debit_card,bank_j,education_fees,bank_server_timeout,3,0.8713,1,0.0,0.4909,0.6139,0.3148,0.4435,0.3628,0,16,3,22,7.596673530212047,medium
pay102397,cus3673,mer98,2025-02-22 00:50:00,1302.99,upi,bank_j,utility_bills,card_expired,4,0.016,0,,0.3181,0.1579,0.0,0.1569,0.0437,1,0,5,22,7.173184073745537,medium
pay113753,cus1355,mer32,2025-01-05 16:32:00,384.34,debit_card,bank_f,food_delivery,bank_server_timeout,2,0.9165,1,1.0,0.0865,0.7728,0.7236,0.8195,0.4175,1,16,6,5,5.954126061452614,small
pay106417,cus947,mer65,2025-01-20 16:59:00,312.37,upi,bank_i,travel,card_expired,4,0.0986,1,0.0,0.0765,0.0496,0.0,0.1423,0.0,0,16,0,20,5.74738460102608,small
pay116182,cus492,mer58,2025-05-14 02:36:00,345.52,upi,bank_j,utility_bills,bank_server_timeout,4,0.8191,1,1.0,0.3187,0.5335,0.5028,0.7882,0.2143,0,2,2,14,5.847940537021939,small
pay115284,cus450,mer91,2025-01-10 16:39:00,800.44,debit_card,bank_d,ecommerce,insufficient_funds,2,0.5432,1,1.0,1.0,0.3653,0.6343,0.175,0.4353,0,16,4,10,6.686410109609307,medium
pay101588,cus987,mer42,2025-06-05 03:19:00,1115.17,upi,bank_e,utility_bills,bank_server_timeout,3,0.7797,1,1.0,0.2844,0.8108,0.5032,0.5961,0.3181,0,3,3,5,7.017658461089362,medium
pay116541,cus908,mer120,2025-03-29 18:04:00,510.7,upi,bank_b,food_delivery,upi_server_busy,4,0.9184,1,0.0,0.1097,0.3831,0.2456,0.6338,0.2586,1,18,5,29,6.237738515811046,medium
pay117675,cus811,mer27,2025-05-12 14:47:00,2290.38,credit_card,bank_a,education_fees,card_expired,3,0.0,0,,0.3019,0.0,0.0,0.0,0.2437,0,14,0,12,7.7369095351330515,medium
pay115393,cus1096,mer97,2025-02-27 04:46:00,229.71,upi,bank_f,education_fees,insufficient_funds,1,0.5443,0,,0.1903,0.3953,0.7081,0.0,0.4845,0,4,3,27,5.441161510577517,small
pay111010,cus2575,mer86,2025-04-06 07:35:00,289.81,netbanking,bank_f,food_delivery,insufficient_funds,4,0.5116,0,,0.1856,0.1374,0.2659,0.1308,0.4933,1,7,6,6,5.672670132963575,small
pay100757,cus2109,mer100,2025-03-10 23:56:00,180.36,netbanking,bank_i,food_delivery,upi_server_busy,1,0.8848,1,1.0,0.1648,0.5232,0.1894,0.0031,0.4144,0,23,0,10,5.200484006199273,small
pay116783,cus388,mer65,2025-03-20 07:00:00,6253.79,upi,bank_f,food_delivery,bank_server_timeout,4,0.7383,1,1.0,0.3852,0.72,0.5571,0.6932,0.3462,0,7,3,20,8.741102849195935,large
pay100176,cus1909,mer119,2025-05-10 01:42:00,519.0,debit_card,bank_i,ecommerce,issuer_decline,3,0.4514,0,,0.1569,0.4397,0.0922,0.1854,0.1598,1,1,5,10,6.253828811575473,medium
pay107774,cus967,mer57,2025-01-16 13:24:00,5118.39,upi,bank_h,ecommerce,insufficient_funds,2,0.5092,0,,0.3669,0.0,0.444,0.2808,0.4793,0,13,3,16,8.540790570310746,large
pay101008,cus2139,mer72,2025-05-13 00:15:00,1015.47,credit_card,bank_g,food_delivery,issuer_decline,2,0.5345,0,,0.2768,0.1223,0.1559,0.0844,0.1573,0,0,1,13,6.92409111959796,medium
pay105083,cus2795,mer58,2025-03-20 15:48:00,787.06,upi,bank_b,education_fees,insufficient_funds,3,0.5222,0,,0.1672,0.0589,0.5223,0.2106,0.3025,0,15,3,20,6.669574229091194,medium
pay117430,cus2242,mer45,2025-05-06 00:37:00,1319.56,debit_card,bank_d,ecommerce,insufficient_funds,1,0.5369,0,,0.3624,0.1321,0.5788,0.1102,0.493,0,0,1,6,7.185811168039286,medium
pay119582,cus1847,mer117,2025-01-22 18:00:00,2055.59,credit_card,bank_c,food_delivery,network_timeout,2,0.6888,0,,0.3126,0.47,0.2321,0.3641,0.2251,0,18,2,22,7.628804550389026,medium
pay107032,cus2019,mer23,2025-06-14 22:53:00,895.88,debit_card,bank_d,ecommerce,issuer_decline,4,0.4598,1,0.0,0.35,0.2979,0.1563,0.1763,0.0724,1,22,5,14,6.798922073845338,medium
pay117656,cus2520,mer110,2025-04-01 16:14:00,364.61,upi,bank_g,ecommerce,bank_server_timeout,1,0.7928,0,,0.2427,0.6407,0.5968,0.0,0.4714,0,16,1,1,5.901567191503521,small
pay106063,cus1060,mer84,2025-01-12 14:27:00,108.16,upi,bank_j,subscription_saas,bank_server_timeout,4,0.7708,0,,0.2814,0.8429,0.6317,0.9518,0.4694,1,14,6,12,4.692814695840138,small
pay117005,cus931,mer41,2025-01-30 03:34:00,142.12,upi,bank_j,utility_bills,insufficient_funds,3,0.482,0,,0.2887,0.3684,0.7488,0.212,0.2695,0,3,3,30,4.963683439200464,small
pay119129,cus1299,mer110,2025-04-28 13:56:00,259.39,debit_card,bank_i,food_delivery,upi_server_busy,4,0.8976,1,1.0,0.0732,0.6138,0.3767,0.9544,0.2496,0,13,0,28,5.562180507139264,small
pay113326,cus1152,mer40,2025-05-29 13:52:00,959.42,upi,bank_e,food_delivery,otp_expired,2,0.6444,0,,0.244,0.1769,0.2309,0.2145,0.4664,0,13,3,29,6.867370688786661,medium
pay100094,cus125,mer86,2025-06-11 15:45:00,838.35,debit_card,bank_f,education_fees,otp_expired,2,0.5896,1,1.0,0.1939,0.3593,0.2412,0.0877,0.2686,0,15,2,11,6.732627782768423,medium
pay110779,cus2543,mer65,2025-06-17 10:24:00,1232.4,debit_card,bank_a,travel,network_timeout,2,0.686,1,1.0,0.2707,0.5733,0.3444,0.6211,0.4358,0,10,1,17,7.117529862557393,medium
pay111858,cus2638,mer28,2025-02-14 23:13:00,3544.7,netbanking,bank_h,education_fees,issuer_decline,2,0.355,1,0.0,0.3984,0.3124,0.4012,0.0908,0.3594,0,23,4,14,8.173490880686305,medium
pay105084,cus2017,mer101,2025-04-04 12:35:00,1098.47,credit_card,bank_b,ecommerce,network_timeout,2,0.7795,1,0.0,0.2978,0.5706,0.1554,0.2685,0.1776,0,12,4,4,7.002583524492966,medium
pay110935,cus3493,mer35,2025-01-26 10:49:00,460.51,upi,bank_a,utility_bills,insufficient_funds,1,0.5207,0,,0.2094,0.3208,0.6596,0.0,0.4305,1,10,6,26,6.134503722180521,small
pay111662,cus2049,mer63,2025-06-09 01:49:00,340.52,debit_card,bank_h,subscription_saas,issuer_decline,1,0.4738,1,1.0,0.1718,0.3249,0.2919,0.1056,0.1351,0,1,0,9,5.833406242449707,small
pay109253,cus1518,mer64,2025-06-02 21:41:00,726.93,upi,bank_a,ecommerce,insufficient_funds,3,0.5056,0,,0.0983,0.2262,0.541,0.0422,0.4193,0,21,0,2,6.590204889727454,medium
pay111375,cus9,mer19,2025-02-05 03:36:00,519.13,netbanking,bank_d,utility_bills,insufficient_funds,4,0.5765,0,,0.2216,0.2164,0.5865,0.2077,0.3593,0,3,2,5,6.254078780330681,medium
pay103159,cus1203,mer102,2025-06-07 02:59:00,83.66,upi,bank_d,ecommerce,upi_server_busy,3,0.8723,1,1.0,0.4066,0.8143,0.4966,0.6194,0.4143,1,2,5,7,4.438643235092778,small
pay102819,cus3769,mer26,2025-05-08 09:53:00,814.13,upi,bank_d,utility_bills,upi_server_busy,4,0.8365,1,1.0,0.2838,1.0,0.1997,0.5898,0.3465,0,9,3,8,6.703347609723076,medium
pay118242,cus3893,mer109,2025-02-13 18:02:00,290.68,debit_card,bank_d,food_delivery,upi_server_busy,4,0.8722,1,1.0,0.3453,0.6354,0.2198,0.6783,0.5919,0,18,3,13,5.675657310930353,small
pay108258,cus854,mer74,2025-04-03 22:36:00,831.08,debit_card,bank_a,food_delivery,bank_server_timeout,2,0.7045,1,1.0,0.2197,0.7042,0.5902,0.5029,0.3129,0,22,3,3,6.723928590044878,medium
pay114037,cus3630,mer119,2025-01-05 20:21:00,50.0,credit_card,bank_g,food_delivery,issuer_decline,4,0.5534,0,,0.1411,0.099,0.0551,0.27,0.0569,1,20,6,5,3.9318256327243257,small
pay107616,cus1668,mer115,2025-04-22 00:48:00,1079.97,upi,bank_b,food_delivery,network_timeout,1,0.7521,1,1.0,0.2088,0.6938,0.4257,0.1302,0.2826,0,0,1,22,6.985614065172706,medium
pay116270,cus44,mer60,2025-01-12 22:03:00,1273.33,upi,bank_e,education_fees,bank_server_timeout,1,0.7492,1,1.0,0.1802,0.6849,0.5153,0.1366,0.2007,1,22,6,12,7.150175829278086,medium
pay114783,cus3455,mer114,2025-01-03 13:24:00,845.37,debit_card,bank_e,ecommerce,account_blocked,1,0.1307,0,,0.1883,0.2617,0.167,0.0,0.1532,0,13,4,3,6.740956616241468,medium
pay103879,cus2838,mer60,2025-01-08 15:49:00,323.88,debit_card,bank_d,food_delivery,issuer_decline,1,0.4513,0,,0.364,0.1847,0.0578,0.024,0.0,0,15,2,8,5.783455883378043,small
pay107060,cus1963,mer31,2025-03-29 06:00:00,5813.5,upi,bank_i,food_delivery,duplicate_payment_block,3,0.2804,0,,0.4129,0.1328,0.4833,0.2331,0.0,1,6,5,29,8.668110076733099,large
pay113543,cus3579,mer62,2025-04-15 22:31:00,696.0,credit_card,bank_d,food_delivery,upi_server_busy,3,0.9009,1,1.0,0.4615,0.7266,0.4565,0.9193,0.4219,0,22,1,15,6.546785410760524,medium
pay102377,cus228,mer105,2025-01-25 16:45:00,565.3,credit_card,bank_e,education_fees,insufficient_funds,3,0.5003,1,0.0,0.2473,0.0,0.4411,0.063,0.478,1,16,5,25,6.339123973119759,medium
pay101921,cus761,mer88,2025-04-07 13:58:00,3588.65,debit_card,bank_c,food_delivery,account_blocked,4,0.0155,0,,0.3879,0.0,0.0211,0.0,0.1591,0,13,0,7,8.185809983693359,medium
pay105496,cus3481,mer107,2025-05-19 17:55:00,144.07,upi,bank_a,utility_bills,network_timeout,2,0.7814,0,,0.2453,0.5739,0.5428,0.4217,0.3251,0,17,0,19,4.977216384550811,small
pay100892,cus1940,mer10,2025-04-05 01:26:00,1156.52,upi,bank_f,ecommerce,insufficient_funds,4,0.5612,0,,0.2963,0.2751,0.7034,0.1497,0.2271,1,1,5,5,7.0540350644288266,medium
pay114469,cus269,mer6,2025-04-20 01:16:00,622.8,upi,bank_b,ecommerce,insufficient_funds,1,0.52,1,0.0,0.1077,0.287,0.6344,0.0597,0.4131,1,1,6,20,6.435829804173703,medium
pay106525,cus337,mer62,2025-01-13 22:04:00,248.48,upi,bank_b,ecommerce,account_blocked,3,0.1208,0,,0.1683,0.0,0.0,0.0175,0.0812,0,22,0,13,5.519378751657922,small
pay104453,cus778,mer118,2025-05-07 22:47:00,50.0,credit_card,bank_d,travel,insufficient_funds,4,0.5255,0,,0.3078,0.3378,0.8269,0.1446,0.3409,0,22,2,7,3.9318256327243257,small
pay112828,cus2165,mer50,2025-04-04 16:17:00,1604.06,upi,bank_d,ecommerce,upi_server_busy,1,0.8257,1,1.0,0.4253,0.8404,0.313,0.0795,0.6826,0,16,4,4,7.380916418042952,medium
pay118610,cus3787,mer44,2025-05-21 21:16:00,711.98,debit_card,bank_i,education_fees,bank_server_timeout,2,0.8323,1,0.0,0.2673,0.6898,0.5033,0.7827,0.2379,0,21,2,21,6.56945336952999,medium
pay115017,cus3525,mer103,2025-04-22 20:58:00,424.74,upi,bank_h,ecommerce,issuer_decline,4,0.3791,1,0.0,0.2281,0.2244,0.268,0.24,0.0929,0,20,1,22,6.053828831304532,small
pay106194,cus845,mer62,2025-02-27 19:54:00,436.09,debit_card,bank_a,travel,bank_server_timeout,3,0.7597,1,0.0,0.1098,0.5951,0.4211,0.6581,0.393,0,19,3,27,6.080139123547622,small
pay108584,cus3725,mer20,2025-02-05 03:32:00,541.95,upi,bank_g,subscription_saas,issuer_decline,4,0.4046,0,,0.1494,0.3621,0.3429,0.2108,0.1615,0,3,2,5,6.29701723466291,medium
pay104849,cus1398,mer96,2025-06-12 01:12:00,2365.39,debit_card,bank_c,education_fees,insufficient_funds,1,0.5154,0,,0.3369,0.4027,0.6828,0.1102,0.3929,0,1,3,12,7.769120866119344,medium
pay101214,cus1657,mer52,2025-01-14 08:26:00,685.16,upi,bank_b,ecommerce,card_expired,3,0.0363,0,,0.2649,0.0043,0.0,0.1402,0.0,0,8,1,14,6.531110836682166,medium
pay118345,cus1391,mer72,2025-01-05 10:59:00,3312.68,upi,bank_g,subscription_saas,insufficient_funds,2,0.5343,0,,0.4408,0.1017,0.8453,0.2764,0.3354,1,10,6,5,8.105814633276006,medium
pay100567,cus380,mer69,2025-02-14 21:21:00,2461.42,upi,bank_g,ecommerce,network_timeout,2,0.7281,1,0.0,0.3126,0.4693,0.2843,0.5849,0.368,0,21,4,14,7.808899885208875,medium
pay103200,cus3375,mer27,2025-06-15 20:11:00,339.54,upi,bank_g,travel,issuer_decline,1,0.4853,1,0.0,0.0711,0.0567,0.3034,0.0,0.0,1,20,6,15,5.830532592992498,small
pay108348,cus1293,mer67,2025-05-09 13:31:00,2663.67,upi,bank_c,utility_bills,otp_expired,2,0.5623,0,,0.477,0.2542,0.3872,0.3255,0.2699,0,13,4,9,7.8878355015405806,medium
pay109377,cus2208,mer26,2025-06-04 04:25:00,137.04,debit_card,bank_d,utility_bills,upi_server_busy,3,0.8008,0,,0.2273,0.8083,0.2739,0.5021,0.385,0,4,2,4,4.927543498229802,small
pay112507,cus3821,mer27,2025-03-06 06:19:00,2024.18,debit_card,bank_i,travel,insufficient_funds,3,0.5433,1,0.0,0.2425,0.1031,0.6162,0.3166,0.3401,0,6,3,6,7.613413864479146,medium
pay113755,cus944,mer40,2025-03-01 02:00:00,2373.0,debit_card,bank_a,ecommerce,bank_server_timeout,1,0.8215,0,,0.2856,0.8098,0.3307,0.1531,0.6207,1,2,5,1,7.772331575169614,medium
pay117709,cus2301,mer104,2025-04-09 11:29:00,3319.15,netbanking,bank_j,ecommerce,upi_server_busy,3,0.843,1,1.0,0.4804,0.4953,0.4109,0.8807,0.2513,0,11,2,9,8.107765241612809,medium
pay105104,cus433,mer107,2025-01-20 15:11:00,2742.27,debit_card,bank_c,food_delivery,bank_server_timeout,3,0.8539,1,0.0,0.2794,0.7215,0.4666,0.8207,0.2462,0,15,0,20,7.916905918466769,medium
pay102954,cus3065,mer40,2025-02-19 20:16:00,335.59,upi,bank_g,ecommerce,insufficient_funds,2,0.499,1,0.0,0.1792,0.1481,0.659,0.2826,0.1143,0,20,2,19,5.81886557246215,small
pay108546,cus3619,mer116,2025-05-07 06:36:00,620.92,credit_card,bank_g,utility_bills,account_blocked,2,0.0646,0,,0.1804,0.055,0.0675,0.1545,0.0,0,6,2,7,6.432811467103913,medium
pay100703,cus2239,mer5,2025-01-31 19:58:00,2569.87,upi,bank_h,food_delivery,insufficient_funds,3,0.4652,0,,0.2898,0.2707,0.6207,0.2311,0.565,0,19,4,31,7.8519996420046025,medium
pay101543,cus1717,mer13,2025-04-13 11:00:00,3979.57,upi,bank_e,food_delivery,insufficient_funds,1,0.5157,0,,0.3717,0.1985,0.3989,0.0,0.2753,1,11,6,13,8.289180304104441,medium
pay105545,cus2330,mer35,2025-06-09 17:40:00,422.51,debit_card,bank_j,utility_bills,network_timeout,4,0.7646,1,0.0,0.2877,0.2881,0.2445,0.1743,0.3949,0,17,0,9,6.048577126564218,small
pay106884,cus2330,mer2,2025-01-09 11:19:00,346.79,upi,bank_e,food_delivery,duplicate_payment_block,4,0.2918,0,,0.1981,0.0185,0.0823,0.074,0.0355,0,11,3,9,5.851598849350419,small
pay101454,cus2089,mer59,2025-04-13 23:39:00,663.16,upi,bank_a,food_delivery,card_expired,4,0.0194,0,,0.2529,0.0,0.112,0.0682,0.0,1,23,6,13,6.498523084304728,medium
pay101759,cus987,mer54,2025-04-15 13:53:00,427.23,upi,bank_d,travel,upi_server_busy,2,0.8142,1,0.0,0.36,0.5115,0.1751,0.5739,0.4756,0,13,1,15,6.059660434420735,small
pay113192,cus975,mer64,2025-05-21 14:17:00,703.3,upi,bank_j,education_fees,issuer_decline,4,0.444,0,,0.4916,0.1506,0.2942,0.3462,0.2357,0,14,2,21,6.557204401751364,medium
pay114582,cus1444,mer90,2025-02-06 19:46:00,933.75,debit_card,bank_f,education_fees,bank_server_timeout,1,0.8262,1,0.0,0.2842,0.5848,0.2539,0.1054,0.2555,0,19,3,6,6.840279113857223,medium
pay113201,cus288,mer64,2025-01-04 03:16:00,93.8,upi,bank_b,travel,insufficient_funds,1,0.4786,0,,0.1233,0.188,1.0,0.0,0.1948,1,3,5,4,4.551769409260976,small
pay103139,cus3447,mer103,2025-03-30 23:26:00,7756.04,debit_card,bank_a,subscription_saas,upi_server_busy,2,0.8491,1,1.0,0.4249,0.8095,0.4815,0.6662,0.2795,1,23,6,30,8.956356097110294,large
pay111263,cus571,mer82,2025-02-02 08:37:00,73.12,upi,bank_b,ecommerce,account_blocked,4,0.1297,0,,0.1938,0.0,0.3121,0.0,0.0,1,8,6,2,4.3056854014171595,small
pay112596,cus3425,mer64,2025-05-18 13:47:00,619.75,netbanking,bank_d,education_fees,insufficient_funds,3,0.5439,0,,0.3301,0.0882,0.413,0.119,0.6425,1,13,6,18,6.430928424388276,medium
pay110867,cus1817,mer53,2025-03-18 20:21:00,1068.87,upi,bank_f,food_delivery,issuer_decline,1,0.4621,0,,0.2679,0.2099,0.0631,0.21,0.0,0,20,1,18,6.9752924247476935,medium
pay107670,cus27,mer109,2025-01-15 04:17:00,276.64,upi,bank_c,ecommerce,upi_server_busy,4,0.906,1,1.0,0.0954,0.9377,0.41,0.5239,0.361,0,4,2,15,5.626325310471383,small
pay111130,cus3319,mer39,2025-05-17 00:47:00,2873.34,upi,bank_j,education_fees,network_timeout,3,0.7395,0,,0.3956,0.5173,0.2002,0.5485,0.4584,1,0,5,17,7.963578361659931,medium
pay118800,cus3046,mer106,2025-02-03 16:45:00,171.21,upi,bank_i,utility_bills,insufficient_funds,4,0.52,0,,0.1659,0.1515,0.8232,0.1312,0.5026,0,16,0,3,5.1487146623168085,small
pay103658,cus1654,mer65,2025-03-02 06:40:00,762.64,upi,bank_e,subscription_saas,issuer_decline,3,0.4201,0,,0.3263,0.1624,0.1282,0.3714,0.2739,1,6,6,2,6.638096473926458,medium
pay107388,cus1590,mer106,2025-02-12 18:55:00,177.0,netbanking,bank_j,food_delivery,upi_server_busy,3,0.7427,1,0.0,0.3128,0.4636,0.3455,0.4663,0.3956,0,18,2,12,5.181783550292085,small
pay101817,cus357,mer117,2025-02-15 10:31:00,1467.1,upi,bank_c,ecommerce,otp_expired,3,0.5474,0,,0.2591,0.3741,0.2698,0.0885,0.5977,1,10,5,15,7.291724326745414,medium
pay109914,cus2973,mer19,2025-04-04 17:20:00,144.26,credit_card,bank_i,food_delivery,bank_server_timeout,1,0.6579,0,,0.1716,0.6345,0.5293,0.0057,0.5039,0,17,4,4,4.978525240178022,small
pay110005,cus1191,mer50,2025-05-19 00:51:00,1202.14,debit_card,bank_j,utility_bills,bank_server_timeout,1,0.744,1,0.0,0.4087,0.602,0.5007,0.0042,0.4888,0,0,0,19,7.092690084930898,medium
pay114713,cus1300,mer84,2025-05-08 12:23:00,1702.19,debit_card,bank_a,ecommerce,network_timeout,2,0.7368,0,,0.2323,0.4838,0.0268,0.6022,0.3455,0,12,3,8,7.440258242260954,medium
pay100478,cus29,mer34,2025-04-30 10:35:00,1621.23,credit_card,bank_f,food_delivery,network_timeout,1,0.7646,1,1.0,0.3535,0.3893,0.2891,0.0,0.2218,0,10,2,30,7.391557024869263,medium
pay101147,cus3263,mer24,2025-05-19 08:29:00,165.93,upi,bank_b,education_fees,issuer_decline,4,0.4665,0,,0.2584,0.0116,0.1523,0.2199,0.1004,0,8,0,19,5.117574562867297,small
pay114980,cus3222,mer120,2025-02-03 16:02:00,1586.64,debit_card,bank_e,food_delivery,bank_server_timeout,1,0.7976,1,1.0,0.3265,0.5849,0.5425,0.0,0.6771,0,16,0,3,7.370003915854806,medium
pay115002,cus1325,mer26,2025-04-13 14:01:00,5788.71,upi,bank_h,travel,insufficient_funds,1,0.4748,1,0.0,0.4922,0.3865,0.6259,0.0104,0.3979,1,14,6,13,8.663837482956891,large
pay118902,cus2252,mer107,2025-03-01 08:32:00,2219.19,upi,bank_e,food_delivery,insufficient_funds,3,0.446,0,,0.3666,0.2991,0.8809,0.2072,0.6228,1,8,5,1,7.705348056789673,medium
pay114273,cus1342,mer32,2025-01-25 11:23:00,154.31,upi,bank_f,ecommerce,issuer_decline,4,0.4391,1,0.0,0.1318,0.2085,0.466,0.3128,0.188,1,11,5,25,5.04542311958192,small
pay117754,cus3384,mer85,2025-01-09 16:05:00,378.18,upi,bank_c,education_fees,insufficient_funds,1,0.3797,0,,0.1555,0.0872,0.5475,0.0,0.471,0,16,3,9,5.938011026373892,small
pay110905,cus1775,mer54,2025-05-15 13:14:00,2240.59,credit_card,bank_i,food_delivery,card_expired,3,0.0661,0,,0.4045,0.0,0.0,0.0,0.1297,0,13,3,15,7.714940714473577,medium
pay118962,cus3261,mer115,2025-04-09 20:49:00,1289.88,credit_card,bank_h,utility_bills,bank_server_timeout,2,0.8272,1,1.0,0.8585,0.5554,0.5696,0.5308,0.1684,0,20,2,9,7.163079435325792,medium
pay112982,cus3748,mer58,2025-04-28 19:40:00,3853.63,debit_card,bank_c,travel,bank_server_timeout,2,0.8651,0,,0.4105,0.5889,0.4422,0.8368,0.5242,0,19,0,28,8.257030302143397,medium
pay106290,cus2014,mer35,2025-03-15 01:03:00,59.8,upi,bank_e,subscription_saas,bank_server_timeout,4,0.7786,1,1.0,0.2327,0.674,0.5691,0.8962,0.2659,1,1,5,15,4.107589788972121,small
pay106838,cus1012,mer50,2025-01-12 15:39:00,2180.73,credit_card,bank_j,utility_bills,insufficient_funds,1,0.4153,0,,0.3942,0.1521,0.7552,0.0,0.3629,1,15,6,12,7.68787341904827,medium
pay106874,cus2830,mer84,2025-03-21 19:10:00,1005.07,upi,bank_a,utility_bills,issuer_decline,3,0.4101,0,,0.3574,0.2124,0.0022,0.0156,0.2717,0,19,4,21,6.913806930743904,medium
pay115585,cus1377,mer11,2025-02-01 19:59:00,3497.37,upi,bank_i,education_fees,insufficient_funds,1,0.5477,1,0.0,0.3601,0.1761,0.5227,0.1765,0.1319,1,19,5,1,8.16005242471321,medium
pay110215,cus935,mer91,2025-02-21 20:31:00,180.63,netbanking,bank_j,food_delivery,duplicate_payment_block,2,0.2799,1,0.0,0.3969,0.1784,0.1786,0.0618,0.0527,0,20,4,21,5.201971650761352,small
pay112118,cus2701,mer94,2025-01-20 14:20:00,372.18,debit_card,bank_c,food_delivery,network_timeout,4,0.7259,0,,0.1278,0.8843,0.2089,0.1841,0.102,0,14,0,20,5.922060876969103,small
pay118022,cus947,mer76,2025-06-02 20:42:00,8816.62,upi,bank_a,food_delivery,issuer_decline,1,0.4994,0,,0.5042,0.0905,0.3441,0.1356,0.0622,0,20,0,2,9.084507271317289,large
pay103282,cus959,mer120,2025-06-24 12:17:00,1025.0,upi,bank_d,ecommerce,bank_server_timeout,1,0.8249,1,1.0,0.4166,0.539,0.3717,0.0,0.1875,0,12,1,24,6.933423025730715,medium
pay100669,cus1112,mer62,2025-01-24 18:41:00,502.6,upi,bank_j,education_fees,card_expired,2,0.0389,0,,0.2938,0.0,0.0,0.105,0.1794,0,18,4,24,6.221782302170192,medium
pay103448,cus525,mer104,2025-04-19 23:28:00,7753.81,upi,bank_j,education_fees,issuer_decline,4,0.3337,0,,0.5362,0.0611,0.2966,0.1581,0.1827,1,23,5,19,8.956068574988128,large
pay114141,cus271,mer26,2025-04-30 18:17:00,1355.19,credit_card,bank_d,food_delivery,insufficient_funds,4,0.4854,0,,0.4404,0.1115,0.5251,0.5335,0.5681,0,18,2,30,7.212434576678832,medium
pay110337,cus1634,mer113,2025-01-23 08:19:00,710.94,debit_card,bank_e,food_delivery,network_timeout,3,0.7329,1,1.0,0.2682,0.6562,0.4184,0.488,0.2458,0,8,3,23,6.567993638198167,medium
pay100640,cus532,mer29,2025-05-01 18:03:00,398.11,credit_card,bank_f,education_fees,insufficient_funds,2,0.499,0,,0.1126,0.1852,0.7414,0.1849,0.4575,0,18,3,1,5.989237068117631,small
pay108963,cus3980,mer85,2025-04-25 11:10:00,425.58,upi,bank_d,ecommerce,issuer_decline,2,0.5407,1,0.0,0.8917,0.1306,0.1546,0.103,0.0,0,11,4,25,6.055799922612876,small
pay101113,cus1814,mer56,2025-02-22 13:42:00,301.14,debit_card,bank_c,food_delivery,card_expired,1,0.1015,0,,0.0685,0.0,0.0,0.0,0.0464,1,13,5,22,5.710890486115579,small
pay117410,cus3990,mer93,2025-01-26 00:41:00,144.04,upi,bank_f,ecommerce,network_timeout,2,0.7205,1,1.0,0.0873,0.6339,0.2475,0.562,0.346,1,0,6,26,4.977009566446595,small
pay112282,cus3688,mer4,2025-05-16 14:24:00,723.88,debit_card,bank_d,food_delivery,card_expired,4,0.0941,0,,0.2561,0.186,0.0175,0.0,0.1035,0,14,4,16,6.586006123913805,medium
pay107028,cus2619,mer113,2025-03-22 05:41:00,100.86,credit_card,bank_b,subscription_saas,duplicate_payment_block,1,0.3621,0,,0.2228,0.2159,0.2221,0.0687,0.0351,1,5,5,22,4.623599321456458,small
pay109051,cus1598,mer96,2025-04-11 10:04:00,56.12,debit_card,bank_e,ecommerce,issuer_decline,4,0.4401,1,1.0,0.1411,0.2969,0.1402,0.5054,0.0,0,10,4,11,4.0451543180313285,small
pay109151,cus2472,mer20,2025-02-04 07:34:00,103.22,upi,bank_e,education_fees,issuer_decline,4,0.4022,0,,0.1294,0.2932,0.107,0.2389,0.0567,0,7,1,4,4.646504049481068,small
pay107950,cus1237,mer117,2025-04-23 15:12:00,1192.07,credit_card,bank_c,ecommerce,issuer_decline,3,0.4217,1,1.0,0.2849,0.1925,0.3887,0.1991,0.1222,0,15,2,23,7.084285095984281,medium
pay101042,cus2972,mer104,2025-03-16 17:42:00,2145.52,upi,bank_b,education_fees,otp_expired,2,0.6448,1,0.0,0.2094,0.2807,0.2364,0.0732,0.2128,1,17,6,16,7.671603205114802,medium
pay105488,cus641,mer110,2025-06-04 23:04:00,495.78,credit_card,bank_b,food_delivery,upi_server_busy,2,0.8461,1,0.0,0.1432,0.6932,0.3105,0.5267,0.5082,0,23,2,4,6.208147272159954,small
pay111719,cus2050,mer55,2025-02-15 10:35:00,378.25,credit_card,bank_b,ecommerce,issuer_decline,1,0.435,1,0.0,0.0313,0.0178,0.1995,0.0096,0.2105,1,10,5,15,5.938195618228642,small
pay113717,cus3366,mer65,2025-02-08 16:53:00,540.47,upi,bank_b,food_delivery,issuer_decline,4,0.4252,1,1.0,0.2813,0.2858,0.1284,0.2208,0.0513,1,16,5,8,6.294287663244266,medium
pay103332,cus431,mer106,2025-02-14 16:03:00,740.83,upi,bank_h,ecommerce,upi_server_busy,2,0.9144,1,0.0,0.2495,0.8029,0.5003,0.3725,0.3116,0,16,4,14,6.609120106405428,medium
pay107473,cus2806,mer40,2025-02-15 21:40:00,906.12,upi,bank_f,ecommerce,issuer_decline,4,0.5058,1,0.0,0.2248,0.1377,0.1505,0.1673,0.2057,1,21,5,15,6.810274745663584,medium
pay108927,cus2623,mer120,2025-06-24 11:37:00,110.16,credit_card,bank_b,ecommerce,insufficient_funds,4,0.5721,1,1.0,0.0641,0.1856,0.4977,0.2932,0.384,0,11,1,24,4.710970604874303,small
pay103792,cus2602,mer22,2025-02-15 22:42:00,2316.12,debit_card,bank_e,subscription_saas,insufficient_funds,4,0.4892,0,,0.9466,0.1798,0.6882,0.0809,0.3332,1,22,5,15,7.748080314200456,medium
pay119915,cus3236,mer75,2025-01-13 02:21:00,405.43,debit_card,bank_g,subscription_saas,insufficient_funds,2,0.5073,0,,0.1388,0.2345,0.7142,0.4328,0.374,0,2,0,13,6.007411712437429,small
pay117239,cus885,mer62,2025-05-11 18:52:00,94.02,debit_card,bank_c,food_delivery,upi_server_busy,3,0.7775,1,1.0,0.6668,0.7665,0.3114,0.6418,0.3523,1,18,6,11,4.554087395758775,small
pay111006,cus469,mer88,2025-03-25 23:31:00,429.82,netbanking,bank_h,utility_bills,upi_server_busy,4,0.8643,1,1.0,0.1598,0.8021,0.4321,0.6144,0.6965,0,23,1,25,6.065690369459953,small
pay103904,cus1437,mer105,2025-06-07 03:35:00,639.07,netbanking,bank_f,ecommerce,upi_server_busy,4,0.8796,1,1.0,0.1906,0.7359,0.1396,0.6396,0.5135,1,3,5,7,6.461577545372708,medium
pay109048,cus2677,mer29,2025-03-15 22:06:00,50.0,debit_card,bank_a,ecommerce,network_timeout,4,0.7428,1,1.0,0.1792,0.7412,0.1363,0.3644,0.4369,1,22,5,15,3.9318256327243257,small
pay119195,cus2791,mer103,2025-03-04 06:22:00,201.31,upi,bank_f,utility_bills,bank_server_timeout,2,0.7488,1,1.0,0.1953,0.6449,0.6646,0.7995,0.2524,0,6,1,4,5.309801174489323,small
pay105147,cus167,mer48,2025-05-29 19:40:00,3738.87,upi,bank_a,travel,insufficient_funds,4,0.555,1,0.0,0.3711,0.0423,0.3003,0.2257,0.541,0,19,3,29,8.226806130446167,medium
pay105688,cus337,mer50,2025-05-17 12:26:00,3553.64,netbanking,bank_e,ecommerce,card_expired,4,0.157,0,,0.2441,0.0,0.0,0.0,0.1905,1,12,5,17,8.176009071286828,medium
pay100347,cus1714,mer120,2025-06-18 11:43:00,1212.9,upi,bank_c,utility_bills,bank_server_timeout,2,0.6837,1,1.0,0.2987,0.6429,0.3583,0.734,0.0,0,11,2,18,7.101593595903758,medium
pay107707,cus3921,mer52,2025-03-12 08:57:00,1748.64,credit_card,bank_j,ecommerce,card_expired,3,0.0,0,,0.5306,0.0,0.0,0.1481,0.1712,0,8,2,12,7.46716533146976,medium
pay101973,cus18,mer93,2025-03-03 10:47:00,4224.49,upi,bank_g,education_fees,insufficient_funds,2,0.427,0,,0.4455,0.1136,0.6548,0.2679,0.4936,0,10,0,3,8.3488905093979,medium
pay114200,cus1848,mer74,2025-05-31 15:07:00,807.29,debit_card,bank_i,food_delivery,bank_server_timeout,4,0.8858,1,1.0,0.157,0.8584,0.4187,0.6483,0.2315,1,15,5,31,6.694920905019078,medium
pay100194,cus2863,mer88,2025-06-22 17:53:00,1095.85,netbanking,bank_f,utility_bills,account_blocked,4,0.0,0,,0.2635,0.0,0.0,0.0,0.0,1,17,6,22,7.000197714371696,medium
pay102096,cus414,mer6,2025-06-19 03:39:00,3196.3,upi,bank_b,utility_bills,insufficient_funds,2,0.419,0,,0.3427,0.2499,0.7259,0.0782,0.1983,0,3,3,19,8.070061982630435,medium
pay117921,cus3138,mer73,2025-02-13 21:05:00,215.67,credit_card,bank_j,food_delivery,insufficient_funds,1,0.4811,1,0.0,0.2607,0.0269,0.5772,0.0,0.43,0,21,3,13,5.378375458718616,small
pay105065,cus2683,mer9,2025-05-05 06:57:00,2239.38,credit_card,bank_c,subscription_saas,network_timeout,2,0.7943,1,1.0,0.2312,0.8194,0.2173,0.3615,0.1247,0,6,0,5,7.7144007733185065,medium
pay102171,cus301,mer5,2025-05-15 02:22:00,1325.01,upi,bank_e,utility_bills,bank_server_timeout,2,0.8167,1,1.0,0.2756,0.8269,0.4219,0.4143,0.1965,0,2,3,15,7.189929712195501,medium
pay117269,cus71,mer16,2025-01-20 09:45:00,182.29,upi,bank_i,utility_bills,insufficient_funds,4,0.5386,1,0.0,0.1322,0.2363,0.702,0.2662,0.2711,0,9,0,20,5.211069597983756,small
pay103657,cus3997,mer77,2025-06-15 21:41:00,565.21,debit_card,bank_c,utility_bills,upi_server_busy,3,0.8508,0,,0.1789,0.8295,0.318,0.5216,0.4669,1,21,6,15,6.338965034125509,medium
pay101562,cus3610,mer102,2025-02-14 17:24:00,191.66,upi,bank_d,food_delivery,bank_server_timeout,2,0.8315,0,,0.2759,0.6454,0.3289,0.719,0.3369,0,17,4,14,5.260926977329477,small
pay111626,cus1841,mer15,2025-04-02 09:52:00,6705.41,credit_card,bank_b,food_delivery,network_timeout,3,0.769,0,,0.3985,0.6882,0.535,0.3572,0.2146,0,9,2,2,8.810819064435503,large
pay113483,cus2688,mer22,2025-03-07 04:22:00,2054.35,upi,bank_h,education_fees,bank_server_timeout,4,0.8117,1,0.0,0.3381,0.6252,0.1914,0.7496,0.3357,0,4,4,7,7.628201428729864,medium
pay116923,cus1458,mer48,2025-04-28 23:51:00,1119.36,upi,bank_a,food_delivery,network_timeout,3,0.7234,1,1.0,0.1929,0.7443,0.3902,0.3481,0.2617,0,23,0,28,7.021405341213472,medium
pay105410,cus3762,mer34,2025-01-04 21:56:00,551.28,debit_card,bank_h,education_fees,insufficient_funds,1,0.4304,0,,0.1838,0.0018,0.5837,0.0015,0.1986,1,21,5,4,6.314055164047952,medium
pay116825,cus2952,mer52,2025-04-25 15:44:00,691.58,credit_card,bank_h,ecommerce,network_timeout,4,0.783,1,0.0,0.1561,0.5327,0.3502,0.592,0.5208,0,15,4,25,6.540423754854876,medium
pay116671,cus1769,mer40,2025-05-04 06:56:00,833.02,credit_card,bank_f,subscription_saas,network_timeout,4,0.7256,1,1.0,0.1907,0.6973,0.1395,0.4782,0.2017,1,6,6,4,6.726257382886559,medium
pay112981,cus2155,mer47,2025-02-16 23:33:00,76.47,credit_card,bank_e,travel,issuer_decline,2,0.5407,1,1.0,0.105,0.2437,0.5571,0.0876,0.0,1,23,6,16,4.349890764643811,small
pay114112,cus3594,mer36,2025-02-26 23:18:00,426.3,upi,bank_h,ecommerce,insufficient_funds,2,0.3615,0,,0.1005,0.2873,0.7307,0.1414,0.5556,0,23,2,26,6.057486342649979,small
pay111784,cus750,mer8,2025-02-27 21:02:00,1429.8,credit_card,bank_c,subscription_saas,bank_server_timeout,2,0.6909,1,0.0,0.2351,0.7959,0.3952,0.7491,0.2938,0,21,3,27,7.265989007384863,medium
pay106480,cus2954,mer60,2025-04-29 08:42:00,2633.57,credit_card,bank_f,travel,issuer_decline,2,0.4422,0,,0.3219,0.2741,0.2567,0.2094,0.264,0,8,1,29,7.8764752598030885,medium
pay100997,cus3706,mer35,2025-03-06 22:02:00,798.36,debit_card,bank_j,ecommerce,upi_server_busy,2,0.8123,1,1.0,0.335,1.0,0.2204,0.676,0.4011,0,22,3,6,6.683811407497158,medium
pay108178,cus779,mer58,2025-05-01 21:50:00,3970.08,credit_card,bank_f,subscription_saas,insufficient_funds,1,0.5251,0,,0.3999,0.3331,0.7012,0.0,0.5517,0,21,3,1,8.28679337698725,medium
pay118933,cus2045,mer104,2025-02-06 05:40:00,4368.63,netbanking,bank_j,education_fees,insufficient_funds,1,0.5093,1,0.0,1.0,0.0,0.4638,0.1546,0.3055,0,5,3,6,8.382433616312863,medium
pay103621,cus2742,mer66,2025-02-10 00:37:00,1800.08,credit_card,bank_j,ecommerce,upi_server_busy,3,0.8659,1,0.0,0.4844,0.8288,0.1967,0.5144,0.1258,0,0,0,10,7.496141763956223,medium
pay103506,cus3243,mer100,2025-05-31 16:41:00,335.59,credit_card,bank_h,ecommerce,issuer_decline,2,0.4243,1,0.0,0.1148,0.2396,0.2377,0.2202,0.0356,1,16,5,31,5.81886557246215,small
pay112737,cus3915,mer8,2025-04-10 14:41:00,1497.01,upi,bank_b,education_fees,issuer_decline,1,0.458,0,,0.3149,0.1828,0.3483,0.0,0.2989,0,14,3,10,7.311892839622306,medium
pay117389,cus2502,mer15,2025-05-23 16:08:00,596.72,credit_card,bank_g,travel,insufficient_funds,2,0.416,0,,0.191,0.2609,0.7085,0.1355,0.4913,0,16,4,23,6.393122416873192,medium
pay109539,cus949,mer9,2025-05-08 16:40:00,260.83,upi,bank_b,ecommerce,network_timeout,1,0.7446,1,0.0,0.2411,0.6866,0.3301,0.0,0.2293,0,16,3,8,5.567695438201781,small
pay118961,cus2631,mer2,2025-06-23 21:55:00,181.06,debit_card,bank_a,food_delivery,upi_server_busy,2,0.9083,1,1.0,0.1487,0.514,0.1236,0.6435,0.2167,0,21,0,23,5.204336303077143,small
pay106265,cus66,mer9,2025-01-18 16:43:00,73.95,debit_card,bank_j,subscription_saas,network_timeout,1,0.7295,1,1.0,0.3618,0.5168,0.1117,0.0,0.246,1,16,5,18,4.316821224548606,small
pay116079,cus1142,mer118,2025-05-31 16:19:00,2055.87,upi,bank_e,subscription_saas,bank_server_timeout,4,0.8559,1,1.0,0.2846,0.9515,0.468,0.7803,0.2704,1,16,5,31,7.628940688822574,medium
pay119984,cus3454,mer65,2025-03-08 12:17:00,1206.7,upi,bank_h,education_fees,network_timeout,3,0.7676,1,1.0,0.3029,0.4555,0.2785,0.3914,0.1432,1,12,5,8,7.0964730032813295,medium
pay100311,cus3023,mer106,2025-05-02 00:05:00,137.15,debit_card,bank_b,ecommerce,issuer_decline,1,0.4253,1,0.0,0.1424,0.2098,0.0,0.0844,0.0469,0,0,4,2,4.9283400513694255,small
pay101539,cus1490,mer12,2025-04-22 15:03:00,2524.42,credit_card,bank_i,travel,upi_server_busy,4,0.8539,1,1.0,0.2833,0.6626,0.4262,0.7958,0.5209,0,15,1,22,7.834162664510719,medium
pay103081,cus2810,mer68,2025-05-28 16:49:00,251.0,upi,bank_j,utility_bills,otp_expired,2,0.4387,0,,0.8394,0.3622,0.3746,0.4289,0.486,0,16,2,28,5.529429087511423,small
pay102429,cus2390,mer28,2025-02-18 17:24:00,535.38,upi,bank_f,utility_bills,upi_server_busy,2,0.8505,1,1.0,0.3077,0.7742,0.084,0.6209,0.2694,0,17,1,18,6.284842865104642,medium
pay114742,cus2587,mer23,2025-01-08 21:14:00,541.65,debit_card,bank_b,utility_bills,insufficient_funds,4,0.5737,0,,0.2401,0.2848,0.6074,0.1414,0.4104,0,21,2,8,6.296464544892024,medium
pay107293,cus2988,mer70,2025-03-05 00:11:00,132.05,upi,bank_f,ecommerce,otp_expired,1,0.681,1,0.0,0.2693,0.4531,0.5641,0.0,0.2763,0,0,2,5,4.890724997423698,small
pay100363,cus1907,mer88,2025-06-10 19:42:00,1371.1,upi,bank_a,food_delivery,network_timeout,2,0.7107,1,1.0,0.8889,0.7589,0.1284,0.5764,0.2772,0,19,1,10,7.224097691927129,medium
pay117991,cus1695,mer7,2025-06-18 00:16:00,60.0,upi,bank_h,education_fees,insufficient_funds,1,0.5258,1,0.0,0.2247,0.3001,0.6568,0.0,0.3726,0,0,2,18,4.110873864173311,small
pay117223,cus839,mer77,2025-05-12 06:25:00,182.36,upi,bank_j,education_fees,insufficient_funds,1,0.5506,1,0.0,0.3602,0.3888,0.7749,0.0835,0.1988,0,6,0,12,5.211451433526375,small
pay106558,cus2277,mer74,2025-06-21 17:54:00,666.75,upi,bank_h,food_delivery,otp_expired,4,0.6385,1,1.0,0.1428,0.2537,0.4915,0.1404,0.518,1,17,5,21,6.50391385199007,medium
pay115343,cus316,mer111,2025-02-01 07:07:00,153.02,upi,bank_d,subscription_saas,network_timeout,4,0.6968,1,1.0,0.2665,0.752,0.1884,0.395,0.5527,1,7,5,1,5.037082464111104,small
pay109355,cus3749,mer32,2025-01-24 19:54:00,1326.52,upi,bank_c,ecommerce,bank_server_timeout,2,0.7628,0,,0.2989,0.6917,0.3769,0.6369,0.3525,0,19,4,24,7.191067818915975,medium
pay110975,cus2751,mer105,2025-01-26 18:32:00,2392.93,upi,bank_i,utility_bills,insufficient_funds,4,0.5083,0,,0.3412,0.0429,0.4979,0.3333,0.3615,1,18,6,26,7.780691645924346,medium
pay101985,cus215,mer69,2025-05-23 20:31:00,136.41,upi,bank_a,ecommerce,insufficient_funds,2,0.4778,0,,0.1078,0.0407,0.394,0.0034,0.4343,0,20,4,23,4.922969157343683,small
pay100246,cus1857,mer11,2025-05-17 08:21:00,98.92,upi,bank_j,travel,issuer_decline,2,0.3704,1,0.0,0.2991,0.3248,0.1089,0.3448,0.1763,1,8,5,17,4.604369865817322,small
pay104999,cus2559,mer4,2025-03-31 17:57:00,234.94,upi,bank_f,food_delivery,insufficient_funds,1,0.4784,0,,0.1014,0.2731,0.4572,0.0,0.3589,0,17,0,31,5.463577535413696,small
pay101052,cus3328,mer91,2025-04-01 07:32:00,400.55,upi,bank_i,education_fees,bank_server_timeout,3,0.8874,1,1.0,0.7316,0.6052,0.298,0.6,0.2238,0,7,1,1,5.995332058634471,small
pay101977,cus3582,mer73,2025-03-03 15:11:00,6379.22,upi,bank_d,subscription_saas,issuer_decline,2,0.491,0,,0.5605,0.24,0.3859,0.2012,0.0,0,15,0,3,8.76095785850294,large
pay115194,cus848,mer57,2025-04-04 18:13:00,178.75,debit_card,bank_d,utility_bills,network_timeout,3,0.8418,1,0.0,0.3797,0.4465,0.1046,0.562,0.3962,0,18,4,4,5.191566996601156,small
pay104792,cus3324,mer59,2025-06-24 19:21:00,7372.62,credit_card,bank_e,subscription_saas,network_timeout,4,0.7752,1,0.0,0.4873,0.389,0.2322,0.3659,0.2395,0,19,1,24,8.905664045055076,large
pay107002,cus1811,mer21,2025-06-24 14:19:00,184.18,netbanking,bank_g,education_fees,insufficient_funds,3,0.5204,1,0.0,0.2944,0.3084,0.5767,0.2458,0.347,0,14,1,24,5.221328325019901,small
pay100940,cus2703,mer61,2025-05-05 08:35:00,295.57,netbanking,bank_f,ecommerce,bank_server_timeout,3,0.7927,0,,0.2322,0.6925,0.2947,0.6256,0.3299,0,8,0,5,5.69228327826318,small
pay109911,cus1105,mer39,2025-02-12 14:28:00,8177.81,upi,bank_j,ecommerce,bank_server_timeout,3,0.8563,1,1.0,0.5476,0.6096,0.4987,0.57,0.195,0,14,2,12,9.009301942241404,large
pay101747,cus1127,mer74,2025-03-09 21:16:00,2183.76,upi,bank_d,utility_bills,upi_server_busy,2,0.7728,1,1.0,0.4217,0.7002,0.2265,0.7519,0.4075,1,21,6,9,7.689261261679922,medium
pay114082,cus1358,mer93,2025-01-04 10:48:00,575.27,upi,bank_e,education_fees,account_blocked,4,0.0475,0,,0.1429,0.0329,0.0,0.0,0.0,1,10,5,4,6.35657630086693,medium
pay105016,cus1678,mer53,2025-01-11 02:36:00,1082.33,credit_card,bank_e,subscription_saas,network_timeout,3,0.773,1,1.0,0.119,0.5856,0.1876,0.4679,0.3446,1,2,5,11,6.987794909727863,medium
pay115278,cus3848,mer15,2025-03-29 17:27:00,327.54,credit_card,bank_i,food_delivery,issuer_decline,3,0.4623,1,0.0,0.098,0.0414,0.2503,0.3863,0.0068,1,17,5,29,5.794658596113054,small
pay104864,cus1386,mer67,2025-06-08 06:26:00,1354.46,upi,bank_e,education_fees,insufficient_funds,1,0.5768,0,,0.2839,0.243,0.5758,0.0159,0.4917,1,6,6,8,7.2118961590971855,medium
pay113401,cus2583,mer29,2025-02-12 03:19:00,330.02,upi,bank_a,utility_bills,otp_expired,2,0.5752,0,,0.207,0.3748,0.4034,0.1508,0.3502,0,3,2,12,5.802178796512394,small
pay105983,cus2643,mer118,2025-05-28 22:32:00,50.0,upi,bank_a,education_fees,card_expired,4,0.0,0,,0.1001,0.054,0.0,0.0,0.0,0,22,2,28,3.9318256327243257,small
pay114353,cus2992,mer86,2025-01-21 18:54:00,97.72,netbanking,bank_g,ecommerce,bank_server_timeout,2,0.799,1,0.0,0.1487,0.4617,0.083,0.4818,0.3159,0,18,1,21,4.592287560157078,small
pay115085,cus688,mer69,2025-04-27 17:07:00,627.73,upi,bank_f,food_delivery,card_expired,3,0.0656,0,,0.1802,0.0004,0.0,0.0232,0.0,1,17,6,27,6.443701911762898,medium
pay119622,cus366,mer91,2025-03-10 16:20:00,661.91,debit_card,bank_d,travel,upi_server_busy,2,0.7658,1,1.0,0.3697,1.0,0.4187,0.6246,0.3897,0,16,0,10,6.496639234365123,medium
pay101103,cus1778,mer110,2025-01-28 02:54:00,311.15,credit_card,bank_d,food_delivery,duplicate_payment_block,3,0.3092,1,0.0,0.3324,0.017,0.1138,0.2711,0.1222,0,2,1,28,5.743483841507753,small
pay102131,cus3187,mer83,2025-06-25 16:53:00,1252.14,upi,bank_f,food_delivery,insufficient_funds,4,0.4933,0,,0.2661,0.3953,0.684,0.1483,0.2972,0,16,2,25,7.133407680498106,medium
pay108648,cus2351,mer31,2025-05-28 02:47:00,1705.08,upi,bank_d,ecommerce,account_blocked,1,0.0956,0,,0.3732,0.0,0.0,0.0939,0.0998,0,2,2,28,7.441953620269869,medium
pay118256,cus484,mer6,2025-03-12 23:28:00,88.77,upi,bank_h,food_delivery,upi_server_busy,1,0.8132,1,1.0,0.184,0.8941,0.5315,0.0,0.4129,0,23,2,12,4.497250843768597,small
pay118294,cus3791,mer93,2025-02-18 18:55:00,129.24,credit_card,bank_e,utility_bills,issuer_decline,4,0.4699,0,,0.0923,0.3111,0.1337,0.177,0.2118,0,18,1,18,4.869378902254231,small
pay115621,cus3322,mer88,2025-01-24 22:18:00,1663.72,upi,bank_f,subscription_saas,network_timeout,3,0.7688,1,1.0,0.244,0.8132,0.4145,0.3979,0.4739,0,22,4,24,7.4174122201045245,medium
pay116633,cus1861,mer39,2025-06-15 08:59:00,550.08,upi,bank_c,food_delivery,insufficient_funds,2,0.5272,1,1.0,0.1598,0.2192,0.6315,0.2438,0.295,1,8,6,15,6.311879989176399,medium
pay117333,cus1332,mer63,2025-03-24 05:43:00,470.96,credit_card,bank_c,utility_bills,insufficient_funds,1,0.5391,1,0.0,0.0879,0.1953,0.5664,0.0,0.4025,0,5,0,24,6.156894236231718,small
pay108967,cus2043,mer36,2025-02-13 11:14:00,325.6,debit_card,bank_j,subscription_saas,bank_server_timeout,1,0.757,1,1.0,0.267,0.6285,0.1936,0.0,0.3955,0,11,3,13,5.788736180536365,small
pay100491,cus1772,mer109,2025-06-06 04:38:00,2176.61,netbanking,bank_h,food_delivery,card_expired,3,0.0122,0,,0.3077,0.2631,0.0,0.0,0.0298,0,4,4,6,7.685983224098266,medium
pay118418,cus1100,mer15,2025-02-12 14:17:00,360.64,upi,bank_j,subscription_saas,issuer_decline,3,0.4749,0,,0.3414,0.2332,0.2917,0.3401,0.1067,0,14,2,12,5.890649241869165,small
pay107104,cus2352,mer72,2025-02-20 16:08:00,127.67,upi,bank_c,utility_bills,bank_server_timeout,3,0.7872,0,,0.2097,0.7297,0.5114,0.8141,0.4184,0,16,3,20,4.857250987196899,small
pay109290,cus2581,mer87,2025-04-13 20:06:00,472.16,credit_card,bank_h,education_fees,insufficient_funds,3,0.4655,0,,0.2457,0.0853,0.4839,0.3104,0.1463,1,20,6,13,6.159433597677536,small
pay115158,cus448,mer87,2025-05-27 23:19:00,350.38,credit_card,bank_j,food_delivery,insufficient_funds,1,0.509,1,0.0,0.3234,0.1638,0.7445,0.0,0.3845,0,23,1,27,5.861868258936908,small
pay113359,cus371,mer107,2025-03-24 07:42:00,420.14,upi,bank_i,education_fees,otp_expired,1,0.5998,0,,0.1104,0.2232,0.4354,0.0206,0.1856,0,7,0,24,6.042965319970385,small
pay103623,cus1485,mer25,2025-03-21 08:57:00,1569.34,upi,bank_a,food_delivery,insufficient_funds,3,0.5123,0,,0.2432,0.2787,0.6808,0.0043,0.4298,0,8,4,21,7.359047435406065,medium
pay116787,cus157,mer57,2025-05-07 06:03:00,387.12,upi,bank_e,subscription_saas,upi_server_busy,2,0.8058,1,1.0,0.0816,0.7938,0.2822,0.6508,0.2745,0,6,2,7,5.961314570157099,small
pay104178,cus2198,mer29,2025-03-24 20:15:00,492.5,upi,bank_c,education_fees,card_expired,1,0.0082,0,,0.1769,0.0,0.0543,0.0,0.0,0,20,0,24,6.2015228588735365,small
pay112680,cus1805,mer76,2025-04-05 21:19:00,188.99,upi,bank_c,food_delivery,insufficient_funds,4,0.464,0,,0.1577,0.1678,0.8701,0.2001,0.5367,1,21,5,5,5.246971439196448,small
pay107543,cus3465,mer68,2025-06-23 00:39:00,327.8,debit_card,bank_g,food_delivery,issuer_decline,2,0.4098,0,,0.7516,0.1912,0.2492,0.1975,0.0,0,0,0,23,5.7954496631820245,small
pay103416,cus3968,mer119,2025-04-21 19:15:00,78.75,upi,bank_b,utility_bills,upi_server_busy,4,0.9096,1,0.0,0.224,0.4691,0.1887,0.6537,0.2123,0,19,0,21,4.378896741664954,small
pay116840,cus2245,mer68,2025-02-11 14:11:00,883.74,upi,bank_g,education_fees,issuer_decline,1,0.4587,0,,0.279,0.187,0.2548,0.0,0.0429,0,14,1,11,6.785293816533836,medium
pay108775,cus3498,mer104,2025-01-28 18:20:00,235.15,upi,bank_g,utility_bills,bank_server_timeout,2,0.7203,1,0.0,0.2137,0.5302,0.4105,0.5868,0.1459,0,18,1,28,5.4644671963421265,small
pay112330,cus3258,mer56,2025-06-02 19:41:00,890.59,upi,bank_c,travel,upi_server_busy,1,0.8928,1,0.0,0.2377,0.4097,0.2051,0.1446,0.2345,0,19,0,2,6.793006385656981,medium
pay108281,cus2635,mer57,2025-03-12 06:54:00,423.68,netbanking,bank_c,subscription_saas,network_timeout,1,0.8098,1,0.0,0.2375,0.5918,0.3473,0.0147,0.2702,0,6,2,12,6.0513359441453725,small
pay113941,cus2624,mer58,2025-05-20 06:01:00,2218.32,upi,bank_g,food_delivery,bank_server_timeout,3,0.8208,1,1.0,0.3375,0.8103,0.5571,0.6685,0.2719,0,6,1,20,7.70495612163866,medium
pay115294,cus846,mer87,2025-03-03 18:33:00,50.0,upi,bank_d,food_delivery,issuer_decline,2,0.4403,1,0.0,0.2631,0.1694,0.0277,0.0507,0.0731,0,18,0,3,3.9318256327243257,small
pay105872,cus2514,mer68,2025-05-13 19:16:00,183.72,debit_card,bank_j,subscription_saas,insufficient_funds,1,0.4432,0,,0.2675,0.0,0.3767,0.0,0.3928,0,19,1,13,5.21884116504624,small
pay110740,cus3975,mer9,2025-04-18 07:01:00,321.08,netbanking,bank_b,subscription_saas,upi_server_busy,4,0.8568,0,,0.1552,0.6879,0.3427,0.7916,0.4308,0,7,4,18,5.774799961891481,small
pay110032,cus1864,mer83,2025-06-04 05:43:00,773.5,upi,bank_a,travel,card_expired,2,0.0567,0,,0.2586,0.0,0.0,0.2017,0.0,0,5,2,4,6.652217659856923,medium
pay116736,cus3001,mer84,2025-04-09 04:41:00,1473.27,credit_card,bank_e,food_delivery,network_timeout,3,0.7916,0,,0.2195,0.8244,0.2714,0.242,0.0125,0,4,2,9,7.295918231008705,medium
pay115557,cus592,mer100,2025-02-06 06:43:00,40336.29,upi,bank_j,ecommerce,issuer_decline,4,0.4644,0,,0.5653,0.2266,0.4137,0.1375,0.3075,0,6,3,6,10.605031630272913,large
pay114576,cus1496,mer87,2025-03-01 11:37:00,204.47,upi,bank_d,food_delivery,upi_server_busy,3,0.83,1,0.0,0.324,0.5377,0.2925,0.6916,0.5657,1,11,5,1,5.325300037877923,small
pay117827,cus491,mer63,2025-03-15 00:13:00,690.32,upi,bank_f,food_delivery,duplicate_payment_block,2,0.2753,1,0.0,0.1516,0.1998,0.2731,0.0516,0.0,1,0,5,15,6.538602813532292,medium
pay101866,cus117,mer20,2025-01-20 23:29:00,19412.55,credit_card,bank_b,food_delivery,network_timeout,1,0.799,1,0.0,0.3703,0.6495,0.186,0.0932,0.2092,0,23,0,20,9.873726554854462,large
pay116743,cus1848,mer15,2025-04-09 18:37:00,1346.74,debit_card,bank_i,education_fees,bank_server_timeout,1,0.94,1,1.0,0.3331,0.606,0.5704,0.2017,0.4242,0,18,2,9,7.206184394530554,medium
pay117947,cus622,mer79,2025-01-11 04:14:00,2466.78,debit_card,bank_g,food_delivery,upi_server_busy,1,0.8307,1,1.0,0.3562,0.5837,0.5688,0.0,0.514,1,4,5,11,7.8110742400471205,medium
pay115490,cus783,mer60,2025-05-06 09:56:00,6061.24,debit_card,bank_h,food_delivery,otp_expired,3,0.5922,1,1.0,0.4437,0.3841,0.4877,0.361,0.4012,0,9,1,6,8.709834647728144,large
pay119980,cus529,mer40,2025-02-22 12:18:00,537.1,upi,bank_b,utility_bills,insufficient_funds,4,0.447,1,0.0,0.1691,0.3447,0.5861,0.2267,0.254,1,12,5,22,6.288044416495374,medium
pay109358,cus2254,mer118,2025-05-23 00:07:00,330.0,debit_card,bank_j,travel,duplicate_payment_block,4,0.2939,0,,0.2826,0.1004,0.5301,0.0824,0.2704,0,0,4,23,5.802118375377063,small
pay106703,cus952,mer43,2025-01-21 21:33:00,641.42,upi,bank_g,food_delivery,insufficient_funds,2,0.3797,1,0.0,0.1594,0.0,0.4826,0.1424,0.2049,0,21,1,21,6.465242295398234,medium
pay114547,cus269,mer42,2025-02-13 02:19:00,3415.88,credit_card,bank_f,food_delivery,issuer_decline,3,0.4355,1,0.0,1.0,0.1821,0.1832,0.1759,0.1255,0,2,3,13,8.1364831329736,medium
pay108004,cus3561,mer90,2025-06-20 02:38:00,1044.98,credit_card,bank_d,travel,upi_server_busy,1,0.8319,1,1.0,0.4083,0.5519,0.2822,0.0457,0.3223,0,2,4,20,6.952709523983179,medium
pay103988,cus1801,mer40,2025-03-16 17:28:00,3304.83,upi,bank_i,education_fees,issuer_decline,1,0.4676,1,0.0,0.3836,0.1882,0.1222,0.0,0.2301,1,17,6,16,8.103442855401239,medium
pay112158,cus173,mer11,2025-01-20 07:36:00,114.34,debit_card,bank_e,education_fees,upi_server_busy,3,0.9527,1,1.0,0.2333,0.8484,0.3637,0.3086,0.4378,0,7,0,20,4.747884288187267,small
pay102344,cus1038,mer87,2025-04-16 18:12:00,1313.49,upi,bank_d,utility_bills,bank_server_timeout,3,0.7613,1,0.0,0.5049,0.5003,0.4547,0.6543,0.5005,0,18,2,16,7.181204036685693,medium
pay104589,cus2333,mer39,2025-02-23 20:13:00,57.83,netbanking,bank_b,utility_bills,issuer_decline,4,0.4592,1,0.0,0.156,0.2896,0.3514,0.2948,0.0741,1,20,6,23,4.0746519288763645,small
pay115384,cus885,mer64,2025-04-02 21:00:00,57.82,upi,bank_j,ecommerce,upi_server_busy,1,0.8934,1,1.0,0.3464,0.6408,0.1018,0.0,0.3656,0,21,2,2,4.074481933125849,small
pay108367,cus1970,mer52,2025-03-29 04:15:00,130.36,upi,bank_j,ecommerce,insufficient_funds,1,0.5411,0,,1.0,0.3468,0.4253,0.0408,0.4009,1,4,5,29,4.8779416457041185,small
pay111550,cus2705,mer4,2025-03-07 15:34:00,209.5,debit_card,bank_c,food_delivery,otp_expired,2,0.58,1,0.0,0.1902,0.3119,0.4918,0.0,0.4765,0,15,4,7,5.349485653122436,small
pay110635,cus3945,mer108,2025-06-15 05:31:00,96.01,upi,bank_c,travel,issuer_decline,1,0.4324,0,,0.1415,0.1793,0.0783,0.0698,0.1998,1,5,6,15,4.574814065973192,small
pay114989,cus1182,mer24,2025-06-11 19:27:00,50.0,netbanking,bank_h,ecommerce,otp_expired,1,0.5848,0,,0.1371,0.0889,0.2687,0.0377,0.2068,0,19,2,11,3.9318256327243257,small
pay101804,cus3823,mer1,2025-01-24 00:49:00,94.66,debit_card,bank_j,utility_bills,insufficient_funds,4,0.4994,1,0.0,0.2604,0.269,0.6129,0.2416,0.333,0,0,4,24,4.560800238252151,small
pay109006,cus3488,mer27,2025-05-22 16:57:00,4859.95,debit_card,bank_e,ecommerce,bank_server_timeout,2,0.7449,1,0.0,0.3684,0.7466,0.4116,0.7031,0.167,0,16,3,22,8.488989171043162,medium
pay103648,cus433,mer67,2025-06-29 18:19:00,323.98,upi,bank_h,subscription_saas,network_timeout,1,0.6739,1,1.0,0.0444,0.7006,0.1564,0.0,0.4201,1,18,6,29,5.78376364197463,small
pay118370,cus1863,mer49,2025-01-23 23:38:00,844.38,credit_card,bank_f,utility_bills,upi_server_busy,4,0.8529,1,1.0,0.7722,0.9226,0.4563,0.4501,0.5052,0,23,3,23,6.739786230412583,medium
pay110923,cus2617,mer36,2025-01-20 22:12:00,86.6,debit_card,bank_j,education_fees,upi_server_busy,1,0.9063,1,0.0,0.3,0.7576,0.418,0.0,0.2078,0,22,0,20,4.472780997942346,small
pay113241,cus1195,mer79,2025-05-26 12:43:00,1682.47,debit_card,bank_g,education_fees,bank_server_timeout,1,0.8611,1,0.0,0.2799,0.5658,0.3445,0.0,0.2078,0,12,0,26,7.428612418424531,medium
pay102349,cus2041,mer47,2025-04-01 18:03:00,235.98,credit_card,bank_e,utility_bills,otp_expired,1,0.5633,1,1.0,0.2273,0.4381,0.4429,0.0471,0.3121,0,18,1,1,5.467975749388594,small
pay106203,cus1760,mer30,2025-02-05 04:12:00,700.77,debit_card,bank_c,food_delivery,otp_expired,3,0.627,1,0.0,0.124,0.3549,0.5349,0.3568,0.3575,0,4,2,5,6.553605715013996,medium
pay118209,cus2512,mer74,2025-05-12 10:51:00,525.59,upi,bank_g,food_delivery,insufficient_funds,1,0.5024,0,,0.1663,0.406,0.5207,0.0,0.5963,0,10,0,12,6.266422257136364,medium
pay114361,cus3945,mer110,2025-02-16 14:14:00,141.84,credit_card,bank_e,food_delivery,bank_server_timeout,4,0.81,1,1.0,0.1244,0.6349,0.6473,0.6755,0.3416,1,14,6,16,4.961725122726247,small
pay102237,cus2717,mer105,2025-02-18 17:08:00,544.92,netbanking,bank_c,utility_bills,insufficient_funds,1,0.4456,1,0.0,0.1647,0.2796,0.4808,0.0,0.6237,0,17,1,18,6.30247244486326,medium
pay107567,cus1968,mer100,2025-02-10 17:08:00,341.16,upi,bank_d,food_delivery,insufficient_funds,1,0.4516,1,0.0,0.3121,0.0,0.31,0.0267,0.3545,0,17,0,10,5.8352784639186535,small
pay108412,cus3416,mer25,2025-02-11 12:34:00,1206.32,upi,bank_d,education_fees,network_timeout,1,0.8468,1,1.0,0.4334,0.6884,0.284,0.0,0.3906,0,12,1,11,7.09615830609196,medium
pay107233,cus3324,mer45,2025-03-07 18:58:00,17214.13,upi,bank_f,food_delivery,account_blocked,2,0.039,0,,0.4682,0.081,0.0,0.0371,0.0072,0,18,4,7,9.753543927297988,large
pay118395,cus254,mer114,2025-02-14 03:37:00,310.08,upi,bank_b,education_fees,upi_server_busy,1,0.8427,1,1.0,0.2273,0.5146,0.3878,0.0632,0.5076,0,3,4,14,5.740050113826743,small
pay103612,cus1382,mer2,2025-04-20 16:33:00,1052.77,debit_card,bank_e,ecommerce,account_blocked,4,0.1127,0,,0.2726,0.0084,0.1719,0.1336,0.0722,1,16,6,20,6.960129488969877,medium
pay107285,cus3130,mer82,2025-05-27 20:24:00,492.14,debit_card,bank_h,travel,insufficient_funds,2,0.4358,1,0.0,0.1273,0.157,0.3126,0.1389,0.4073,0,20,1,27,6.200793109388464,small
pay107923,cus3004,mer107,2025-01-24 08:25:00,228.29,netbanking,bank_b,education_fees,insufficient_funds,3,0.6083,1,0.0,0.1332,0.1746,0.5139,0.2147,0.4526,0,8,4,24,5.434987577922902,small
pay107593,cus3213,mer5,2025-04-27 19:18:00,1914.47,netbanking,bank_j,subscription_saas,insufficient_funds,2,0.5085,0,,0.3706,0.0905,0.2695,0.2593,0.4028,1,19,6,27,7.557718302310932,medium
pay105648,cus1078,mer18,2025-06-25 08:18:00,3998.25,upi,bank_d,education_fees,network_timeout,3,0.843,1,1.0,0.5334,0.6112,0.1831,0.3642,0.381,0,8,2,25,8.293862122521706,medium
pay103952,cus104,mer97,2025-05-12 01:55:00,3140.69,credit_card,bank_j,education_fees,network_timeout,3,0.7339,1,1.0,0.5381,0.7192,0.3649,0.3542,0.3103,0,1,0,12,8.052516150676224,medium
pay107440,cus2377,mer21,2025-01-30 19:09:00,1323.74,upi,bank_b,food_delivery,issuer_decline,1,0.4734,1,0.0,0.3588,0.1496,0.2815,0.0492,0.0,0,19,3,30,7.188971492750307,medium
pay105195,cus857,mer23,2025-03-15 05:37:00,1594.66,netbanking,bank_j,ecommerce,insufficient_funds,1,0.4709,1,1.0,0.4506,0.1476,0.5294,0.1558,0.2978,1,5,5,15,7.375042722733637,medium
pay113030,cus3277,mer47,2025-01-03 10:15:00,419.77,credit_card,bank_b,food_delivery,bank_server_timeout,1,0.7611,1,1.0,0.1184,0.355,0.5093,0.0549,0.3612,0,10,4,3,6.042086366106384,small
pay104009,cus536,mer104,2025-01-21 20:41:00,899.17,credit_card,bank_h,utility_bills,insufficient_funds,4,0.5627,0,,0.1641,0.1203,0.4198,0.0484,0.2816,0,20,1,21,6.80258363437594,medium
pay114842,cus1838,mer58,2025-04-06 07:03:00,171.53,debit_card,bank_i,food_delivery,bank_server_timeout,4,0.7997,1,1.0,0.2832,0.8283,0.3848,0.642,0.1684,1,7,6,6,5.150571134393773,small
pay103818,cus878,mer70,2025-04-23 19:36:00,651.15,credit_card,bank_e,education_fees,network_timeout,2,0.7287,1,0.0,0.2482,0.3466,0.0824,0.4799,0.2046,0,19,2,23,6.480274596816292,medium
pay110966,cus1120,mer27,2025-06-18 00:54:00,1129.18,upi,bank_d,education_fees,insufficient_funds,3,0.3999,1,0.0,0.368,0.221,0.7408,0.085,0.3981,0,0,2,18,7.030132191056156,medium
pay104080,cus3976,mer80,2025-06-12 16:50:00,7630.22,upi,bank_i,subscription_saas,otp_expired,2,0.615,1,1.0,0.3238,0.5147,0.3229,0.0574,0.4715,0,16,3,12,8.940003006647357,large
pay104367,cus3466,mer93,2025-01-26 13:53:00,961.74,netbanking,bank_i,subscription_saas,network_timeout,4,0.8,1,0.0,0.1853,0.2062,0.178,0.0966,0.6129,1,13,6,26,6.869783385728583,medium
pay119130,cus3529,mer46,2025-06-29 00:58:00,4219.24,debit_card,bank_h,travel,upi_server_busy,1,0.8451,1,1.0,0.3724,0.7155,0.2558,0.0,0.4863,1,0,6,29,8.34764727745082,medium
pay113180,cus269,mer19,2025-05-02 10:43:00,635.03,upi,bank_e,ecommerce,insufficient_funds,1,0.4685,0,,0.2989,0.0273,0.7426,0.0977,0.3927,0,10,4,2,6.455245732038982,medium
pay112763,cus3973,mer80,2025-06-06 23:00:00,409.41,upi,bank_b,ecommerce,card_expired,4,0.063,1,0.0,0.1466,0.0348,0.0676,0.0647,0.0,0,23,4,6,6.0171566600314375,small
pay113937,cus2318,mer43,2025-04-18 13:48:00,10620.4,credit_card,bank_h,utility_bills,duplicate_payment_block,2,0.2451,0,,0.514,0.0158,0.1094,0.2419,0.002,0,13,4,18,9.270626112849545,large
pay106031,cus2218,mer35,2025-05-08 14:39:00,292.8,upi,bank_a,education_fees,insufficient_funds,1,0.5361,1,0.0,0.1567,0.2134,0.5103,0.0,0.3194,0,14,3,8,5.682899263739777,small
pay104145,cus2193,mer98,2025-02-20 07:23:00,550.5,upi,bank_i,food_delivery,network_timeout,2,0.889,1,0.0,0.1928,0.7073,0.0113,0.543,0.3242,0,7,3,20,6.312641838693557,medium
pay115935,cus1110,mer76,2025-06-02 17:20:00,377.07,upi,bank_d,utility_bills,insufficient_funds,2,0.4005,0,,0.8767,0.0152,0.6162,0.4149,0.4179,0,17,0,2,5.935079363660113,small
pay111862,cus1421,mer87,2025-04-26 07:03:00,1237.31,upi,bank_a,food_delivery,bank_server_timeout,1,0.878,1,1.0,0.2731,0.5774,0.5713,0.0881,0.3614,1,7,5,26,7.121502825775944,medium
pay107632,cus3622,mer8,2025-06-28 09:11:00,196.56,netbanking,bank_d,food_delivery,card_expired,1,0.0398,0,,0.2706,0.2046,0.1574,0.0,0.0548,1,9,5,28,5.286042335672424,small
pay100062,cus731,mer85,2025-03-07 23:54:00,208.96,upi,bank_e,travel,bank_server_timeout,1,0.7359,0,,0.1487,0.6258,0.4979,0.0,0.2547,0,23,4,7,5.346917036384099,small
pay110354,cus3875,mer34,2025-04-19 14:46:00,328.95,upi,bank_i,food_delivery,bank_server_timeout,3,0.9056,1,1.0,0.1834,0.681,0.4707,0.6468,0.4184,1,14,5,19,5.798941127829431,small
pay102721,cus1187,mer110,2025-05-01 07:11:00,1313.53,upi,bank_e,food_delivery,upi_server_busy,3,0.8142,1,1.0,0.2378,0.9481,0.3939,0.5406,0.5994,0,7,3,1,7.181234466275428,medium
pay109879,cus3560,mer111,2025-02-03 19:33:00,186.86,upi,bank_h,education_fees,upi_server_busy,4,0.8778,0,,0.1094,0.3891,0.4197,0.7413,0.2721,0,19,0,3,5.2356970045663696,small
pay101791,cus3871,mer68,2025-06-08 14:05:00,970.3,debit_card,bank_f,ecommerce,bank_server_timeout,1,0.8118,1,1.0,0.3132,0.8419,0.6635,0.0367,0.1493,1,14,6,8,6.8786353804082845,medium
pay107360,cus2797,mer94,2025-01-12 02:30:00,976.14,upi,bank_c,education_fees,card_expired,3,0.0,0,,0.2641,0.0,0.0279,0.0,0.1755,1,2,6,12,6.884629937580399,medium
pay105662,cus3291,mer88,2025-06-04 21:16:00,794.48,debit_card,bank_i,ecommerce,network_timeout,3,0.677,0,,0.1783,0.4713,0.0,0.4331,0.3451,0,21,2,4,6.678945706041301,medium
pay102669,cus2264,mer32,2025-06-23 10:40:00,653.06,upi,bank_c,food_delivery,upi_server_busy,2,0.8917,1,0.0,0.2744,0.5454,0.277,0.653,0.5288,0,10,0,23,6.483199090368322,medium
pay105768,cus3079,mer48,2025-03-26 12:29:00,1025.29,debit_card,bank_a,education_fees,issuer_decline,4,0.4517,1,0.0,0.2471,0.1346,0.0,0.2741,0.0064,0,12,2,26,6.933705636864551,medium
pay100254,cus828,mer80,2025-04-29 21:47:00,182.74,upi,bank_h,food_delivery,account_blocked,4,0.0749,0,,0.033,0.0,0.2397,0.0,0.1071,0,21,1,29,5.213521714843321,small
pay111474,cus1845,mer61,2025-06-23 08:59:00,1154.4,upi,bank_i,ecommerce,issuer_decline,3,0.442,1,1.0,0.3052,0.2953,0.3923,0.1853,0.2141,0,8,0,23,7.052201883347165,medium
pay106389,cus859,mer38,2025-04-27 14:50:00,4626.39,credit_card,bank_g,subscription_saas,insufficient_funds,2,0.5248,1,1.0,0.3862,0.3855,0.8506,0.3218,0.2161,1,14,6,27,8.439748273230489,medium
pay108594,cus2958,mer56,2025-02-01 09:54:00,411.62,upi,bank_i,food_delivery,insufficient_funds,1,0.4875,1,0.0,0.1121,0.2801,0.8054,0.0,0.3242,1,9,5,1,6.0225270725598,small
pay110626,cus1377,mer43,2025-02-21 07:59:00,722.47,netbanking,bank_f,education_fees,insufficient_funds,4,0.5537,0,,0.1583,0.0777,0.3245,0.024,0.4798,0,7,4,21,6.58405908011163,medium
pay117142,cus3362,mer91,2025-05-10 17:09:00,373.33,upi,bank_i,ecommerce,account_blocked,1,0.0986,0,,0.1658,0.0513,0.0949,0.1666,0.148,1,17,5,10,5.925137761311185,small
pay101237,cus994,mer32,2025-01-23 07:07:00,143.04,debit_card,bank_a,education_fees,upi_server_busy,2,0.8722,1,1.0,0.0921,0.5989,0.2633,0.7272,0.5057,0,7,3,23,4.970091038780675,small
pay111459,cus3233,mer58,2025-02-23 18:29:00,2846.01,upi,bank_c,education_fees,duplicate_payment_block,1,0.2294,1,0.0,0.3748,0.1045,0.1687,0.0,0.147,1,18,6,23,7.9540245997411345,medium
pay110462,cus2087,mer17,2025-01-04 08:14:00,294.49,upi,bank_h,education_fees,upi_server_busy,2,0.8966,1,0.0,0.2266,0.8157,0.4326,0.5613,0.6781,1,8,5,4,5.688634995325988,small
pay114629,cus160,mer107,2025-02-26 01:11:00,927.28,debit_card,bank_e,ecommerce,account_blocked,4,0.0615,0,,0.2928,0.0,0.2039,0.0,0.0567,0,1,2,26,6.833333411414558,medium
pay104740,cus2211,mer66,2025-02-17 16:03:00,2399.47,upi,bank_i,food_delivery,issuer_decline,3,0.3933,1,0.0,0.4217,0.3842,0.2135,0.4264,0.1734,0,16,0,17,7.783419830496526,medium
pay117243,cus869,mer3,2025-04-19 04:32:00,1017.08,upi,bank_b,utility_bills,upi_server_busy,3,0.8387,1,0.0,0.2069,0.8237,0.4816,0.5227,0.3123,1,4,5,19,6.925673779484482,medium
pay101406,cus979,mer82,2025-03-04 11:06:00,389.63,upi,bank_d,food_delivery,insufficient_funds,2,0.4315,1,0.0,0.27,0.2476,0.4533,0.1792,0.4031,0,11,1,4,5.9677608204087464,small
pay102456,cus1263,mer39,2025-06-01 06:51:00,891.4,upi,bank_a,education_fees,network_timeout,3,0.7979,1,0.0,0.2407,0.4741,0.3465,0.3893,0.364,1,6,6,1,6.793914462558377,medium
pay116357,cus1776,mer39,2025-04-08 02:39:00,1286.52,debit_card,bank_b,subscription_saas,insufficient_funds,4,0.4923,1,0.0,0.3375,0.3094,0.6261,0.0755,0.5612,0,2,1,8,7.160473166397822,medium
pay101401,cus487,mer114,2025-02-13 10:43:00,441.44,upi,bank_i,education_fees,issuer_decline,4,0.5214,0,,0.2095,0.0,0.1758,0.0067,0.1445,0,10,3,13,6.092304862034053,small
pay117694,cus3781,mer8,2025-02-10 00:13:00,1037.28,netbanking,bank_b,subscription_saas,issuer_decline,3,0.4744,1,0.0,0.2084,0.334,0.0267,0.0322,0.1695,0,0,0,10,6.945320776868279,medium
pay102853,cus406,mer118,2025-01-17 03:44:00,5619.92,netbanking,bank_g,ecommerce,bank_server_timeout,3,0.8501,1,0.0,0.4025,0.438,0.2548,0.4145,0.3511,0,3,4,17,8.634250630557794,large
pay109480,cus3806,mer32,2025-04-16 23:38:00,1298.0,upi,bank_a,food_delivery,duplicate_payment_block,2,0.2703,0,,0.3074,0.0327,0.1467,0.1459,0.0834,0,23,2,16,7.1693500166706,medium
pay106888,cus1538,mer61,2025-01-19 07:55:00,928.87,credit_card,bank_h,subscription_saas,upi_server_busy,1,0.84,1,1.0,0.2833,0.9824,0.6257,0.0,0.4557,1,7,6,19,6.835044791430239,medium
pay106225,cus3609,mer15,2025-05-09 00:14:00,1543.35,netbanking,bank_a,utility_bills,insufficient_funds,4,0.4637,0,,0.2296,0.1092,0.6951,0.269,0.2991,0,0,4,9,7.342358388833624,medium
pay113314,cus3900,mer61,2025-05-22 08:03:00,25349.99,upi,bank_g,utility_bills,issuer_decline,1,0.3998,0,,0.3529,0.3073,0.3018,0.0738,0.2042,0,8,3,22,10.140573061511208,large
pay103015,cus41,mer108,2025-03-24 17:57:00,67.3,debit_card,bank_h,food_delivery,card_expired,3,0.0184,0,,0.072,0.0,0.0642,0.0586,0.0,0,17,0,24,4.223909766576744,small
pay117377,cus1095,mer111,2025-01-06 17:56:00,2620.56,credit_card,bank_i,food_delivery,bank_server_timeout,1,0.8077,0,,0.3552,0.5782,0.2783,0.1371,0.3946,0,17,0,6,7.871524839410406,medium
pay104274,cus3070,mer80,2025-01-06 23:59:00,2135.28,debit_card,bank_b,utility_bills,issuer_decline,2,0.393,0,,0.2834,0.0,0.3365,0.2345,0.0809,0,23,0,6,7.66682127763137,medium
pay102530,cus1841,mer14,2025-06-14 20:06:00,1279.88,debit_card,bank_b,utility_bills,insufficient_funds,3,0.5835,0,,0.3339,0.2545,0.504,0.4649,0.4975,1,20,5,14,7.155302620693799,medium
pay100878,cus3833,mer85,2025-04-09 16:31:00,651.27,credit_card,bank_f,subscription_saas,insufficient_funds,2,0.4625,1,1.0,0.1765,0.1384,0.7124,0.1915,0.2201,0,16,2,9,6.480458586636041,medium
pay109698,cus1255,mer22,2025-05-15 14:39:00,93.15,debit_card,bank_d,food_delivery,bank_server_timeout,3,0.8275,1,0.0,0.3501,0.6698,0.4647,0.7013,0.5448,0,14,3,15,4.544889255103161,small
pay108516,cus833,mer38,2025-04-01 09:15:00,479.11,netbanking,bank_d,subscription_saas,insufficient_funds,1,0.4497,1,0.0,0.4108,0.0823,0.5548,0.0,0.2816,0,9,1,1,6.174015244313934,small
pay101402,cus127,mer61,2025-02-23 22:41:00,1683.78,upi,bank_b,education_fees,insufficient_funds,3,0.4354,0,,0.2512,0.0866,0.5328,0.2276,0.4726,1,22,6,23,7.429390270464048,medium
pay112767,cus3416,mer81,2025-05-16 13:26:00,3533.59,upi,bank_g,food_delivery,issuer_decline,4,0.3876,1,0.0,0.3243,0.3862,0.2864,0.1089,0.1362,0,13,4,16,8.170352588577249,medium
pay100805,cus471,mer60,2025-05-21 15:12:00,365.63,upi,bank_a,education_fees,upi_server_busy,1,0.8661,1,1.0,0.1582,0.6124,0.3989,0.0611,0.5978,0,15,2,21,5.904353165118019,small
pay106249,cus2732,mer12,2025-02-04 06:36:00,3393.82,upi,bank_i,food_delivery,duplicate_payment_block,1,0.3237,1,0.0,0.2698,0.0749,0.1285,0.118,0.1849,0,6,1,4,8.13000601944143,medium
pay101046,cus2501,mer61,2025-02-13 02:18:00,4798.82,upi,bank_b,food_delivery,issuer_decline,1,0.4472,1,0.0,0.4345,0.3083,0.2376,0.1657,0.1777,0,2,3,13,8.476333696192839,medium
pay119840,cus1316,mer24,2025-02-06 20:12:00,2647.73,debit_card,bank_d,utility_bills,insufficient_funds,4,0.5204,1,0.0,0.4926,0.1972,0.6034,0.321,0.5214,0,20,3,6,7.881835558822525,medium
pay116864,cus2824,mer97,2025-03-23 09:43:00,582.11,debit_card,bank_e,utility_bills,card_expired,1,0.0316,0,,0.259,0.0,0.0422,0.0869,0.1773,1,9,6,23,6.368375847798085,medium
pay102933,cus2239,mer28,2025-03-20 06:10:00,634.62,netbanking,bank_i,education_fees,network_timeout,3,0.6817,1,0.0,0.0807,0.5417,0.313,0.2556,0.2544,0,6,3,20,6.454600900498532,medium
pay110757,cus739,mer13,2025-02-08 22:50:00,1756.03,upi,bank_c,food_delivery,bank_server_timeout,4,0.7621,1,1.0,0.2781,0.7473,0.4475,0.5264,0.459,1,22,5,8,7.471380162600235,medium
pay115344,cus3135,mer114,2025-05-24 20:24:00,87.28,upi,bank_g,food_delivery,bank_server_timeout,4,0.8132,1,0.0,0.1674,0.431,0.5515,0.7974,0.2987,1,20,5,24,4.480513581388536,small
pay105335,cus1996,mer30,2025-01-13 14:53:00,2062.33,debit_card,bank_c,utility_bills,network_timeout,4,0.8132,1,1.0,0.2729,0.691,0.2709,0.3647,0.4778,0,14,0,13,7.632076461500342,medium
pay102493,cus1135,mer46,2025-04-20 21:18:00,294.72,debit_card,bank_i,education_fees,issuer_decline,4,0.4224,0,,0.107,0.1035,0.0066,0.17,0.1746,1,21,6,20,5.689413060688899,small
pay104684,cus386,mer14,2025-04-04 01:16:00,6752.28,netbanking,bank_h,subscription_saas,insufficient_funds,1,0.5458,0,,0.4528,0.2558,0.6362,0.0,0.5501,0,1,4,4,8.81778359176873,large
pay113597,cus92,mer69,2025-04-11 00:41:00,557.92,credit_card,bank_d,ecommerce,insufficient_funds,4,0.5135,1,0.0,0.347,0.175,0.6443,0.2933,0.4385,0,0,4,11,6.326006350212247,medium
pay110208,cus1028,mer28,2025-05-14 18:15:00,79.12,debit_card,bank_h,ecommerce,bank_server_timeout,2,0.7133,1,0.0,0.2284,0.5029,0.1542,0.5591,0.3411,0,18,2,14,4.383525510797617,small
pay105424,cus2943,mer2,2025-02-24 03:04:00,1717.95,upi,bank_f,food_delivery,network_timeout,1,0.8224,0,,0.1918,0.6233,0.3342,0.0,0.5211,0,3,0,24,7.449468918281522,medium
pay118759,cus2222,mer11,2025-01-31 23:18:00,97.74,debit_card,bank_b,ecommerce,issuer_decline,1,0.4698,1,0.0,0.221,0.1221,0.0433,0.123,0.0,0,23,4,31,4.592490132830717,small
pay116957,cus2679,mer65,2025-02-20 10:56:00,394.53,credit_card,bank_e,food_delivery,insufficient_funds,3,0.501,1,1.0,0.2777,0.2967,0.4901,0.2373,0.3561,0,10,3,20,5.980226637681178,small
pay113820,cus1986,mer27,2025-03-20 13:36:00,54.74,upi,bank_c,subscription_saas,bank_server_timeout,1,0.7771,1,0.0,0.2823,0.4791,0.5272,0.0633,0.1844,0,13,3,20,4.020698022053802,small
pay105602,cus1755,mer75,2025-01-02 17:34:00,570.3,upi,bank_b,utility_bills,bank_server_timeout,1,0.8183,1,1.0,0.1485,0.5906,0.2649,0.0,0.5432,0,17,3,2,6.347914465730417,medium
pay100759,cus3979,mer25,2025-05-12 08:15:00,757.43,upi,bank_e,subscription_saas,bank_server_timeout,1,0.8117,1,1.0,0.2226,0.7589,0.4107,0.0246,0.2232,0,8,0,12,6.631250507120481,medium
pay107706,cus1673,mer74,2025-06-02 07:24:00,3526.26,upi,bank_h,education_fees,bank_server_timeout,1,0.8472,1,1.0,0.3179,0.6046,0.5582,0.2221,0.4227,0,7,0,2,8.168276644559063,medium
pay107693,cus823,mer16,2025-05-12 19:37:00,307.44,upi,bank_e,ecommerce,otp_expired,4,0.5296,0,,0.0856,0.2494,0.6041,0.1479,0.3276,0,19,0,12,5.73152733496476,small
pay104830,cus453,mer74,2025-03-04 17:25:00,916.55,debit_card,bank_c,travel,insufficient_funds,3,0.4735,0,,0.3121,0.1409,0.6753,0.1861,0.4049,0,17,1,4,6.821707074356683,medium
pay117922,cus3309,mer48,2025-06-26 05:46:00,1142.21,credit_card,bank_j,food_delivery,issuer_decline,3,0.4448,0,,0.3222,0.3391,0.1732,0.1261,0.1804,0,5,3,26,7.041595373953187,medium
pay107228,cus1197,mer90,2025-06-14 22:59:00,409.16,credit_card,bank_i,food_delivery,otp_expired,4,0.6207,0,,0.219,0.4004,0.4071,0.084,0.3197,1,22,5,14,6.016547327475445,small
pay105420,cus1033,mer44,2025-05-25 04:51:00,1157.43,upi,bank_f,education_fees,bank_server_timeout,2,0.8211,1,1.0,0.1531,0.7717,0.5086,0.6807,0.4088,1,4,6,25,7.054820919086165,medium
pay111927,cus1525,mer93,2025-02-25 20:56:00,1594.29,upi,bank_h,travel,bank_server_timeout,2,0.8162,0,,0.7986,0.6748,0.4231,0.6704,0.1226,0,20,1,25,7.374810816873841,medium
pay102084,cus1665,mer23,2025-01-24 15:11:00,1891.71,credit_card,bank_j,travel,bank_server_timeout,2,0.8635,0,,0.4732,0.7263,0.5148,0.6006,0.1616,0,15,4,24,7.545764943488411,medium
pay110053,cus1312,mer36,2025-03-20 06:42:00,2016.54,credit_card,bank_c,subscription_saas,issuer_decline,3,0.4226,0,,0.3847,0.2513,0.1387,0.0,0.1931,0,6,3,20,7.609634226465529,medium
pay119903,cus2740,mer71,2025-03-02 04:11:00,3245.06,debit_card,bank_e,subscription_saas,insufficient_funds,1,0.4753,1,1.0,0.3552,0.117,0.9608,0.0,0.611,1,4,6,2,8.085197232192058,medium
pay100405,cus3561,mer11,2025-04-01 03:12:00,2139.66,credit_card,bank_e,ecommerce,insufficient_funds,4,0.5609,0,,0.3032,0.2292,0.8966,0.2358,0.5072,0,3,1,1,7.668869471681888,medium
pay117743,cus508,mer53,2025-06-07 10:57:00,1700.13,credit_card,bank_e,education_fees,issuer_decline,1,0.4647,1,0.0,0.3159,0.4837,0.0251,0.11,0.0,1,10,5,7,7.439048015107553,medium
pay113633,cus2331,mer1,2025-04-25 03:41:00,499.98,upi,bank_i,food_delivery,bank_server_timeout,3,0.8494,1,1.0,0.2416,0.7562,0.4839,0.8669,0.3122,0,3,4,25,6.216566180128353,small
pay119524,cus3011,mer100,2025-05-13 14:25:00,6790.14,debit_card,bank_b,ecommerce,issuer_decline,3,0.4185,1,1.0,0.5257,0.3557,0.2535,0.4274,0.1007,0,14,1,13,8.823374100421836,large
pay117022,cus2426,mer13,2025-02-20 20:49:00,224.43,credit_card,bank_d,utility_bills,otp_expired,1,0.583,1,0.0,0.2877,0.3219,0.2328,0.0,0.1226,0,20,3,20,5.418009689466041,small
pay115762,cus707,mer99,2025-03-23 21:06:00,79.04,upi,bank_j,utility_bills,insufficient_funds,2,0.4615,0,,0.2629,0.1169,0.5847,0.1701,0.4258,1,21,6,23,4.382526509715532,small
pay113942,cus2036,mer77,2025-06-10 09:41:00,50.0,upi,bank_j,food_delivery,issuer_decline,3,0.3825,0,,0.2794,0.3192,0.2577,0.1855,0.2518,0,9,1,10,3.9318256327243257,small
pay118396,cus418,mer2,2025-02-18 12:43:00,294.11,netbanking,bank_e,food_delivery,upi_server_busy,2,0.8442,0,,0.1928,0.4094,0.2449,0.5844,0.2118,0,12,1,18,5.687348168192776,small
pay108241,cus2982,mer45,2025-06-21 04:31:00,50.0,upi,bank_j,utility_bills,network_timeout,1,0.7222,1,1.0,0.2879,0.63,0.2302,0.0,0.42,1,4,5,21,3.9318256327243257,small
pay112280,cus1597,mer108,2025-05-05 10:18:00,50.0,netbanking,bank_c,food_delivery,upi_server_busy,4,0.8653,1,0.0,0.1319,0.4876,0.1858,0.7202,0.4737,0,10,0,5,3.9318256327243257,small
pay104719,cus410,mer14,2025-01-28 00:33:00,270.36,credit_card,bank_d,education_fees,insufficient_funds,4,0.5347,1,1.0,0.3986,0.2825,0.6415,0.0913,0.4873,0,0,1,28,5.603446352603538,small
pay102871,cus2962,mer51,2025-06-25 15:11:00,485.52,upi,bank_h,education_fees,duplicate_payment_block,1,0.3118,0,,0.0829,0.0,0.1194,0.0038,0.1285,0,15,2,25,6.187278010750235,small
pay119104,cus405,mer67,2025-01-30 16:58:00,4260.65,debit_card,bank_i,ecommerce,bank_server_timeout,2,0.8412,1,1.0,0.4287,0.7166,0.6242,0.7492,0.2969,0,16,3,30,8.357411688216523,medium
pay106836,cus745,mer86,2025-05-09 19:59:00,2433.3,upi,bank_i,education_fees,insufficient_funds,3,0.4375,0,,0.3737,0.1648,0.4133,0.0,0.3913,0,19,4,9,7.797414519855375,medium
pay106687,cus643,mer72,2025-01-19 15:09:00,1813.24,upi,bank_j,utility_bills,card_expired,4,0.1557,0,,0.4029,0.0,0.0,0.0,0.1499,1,15,6,19,7.503421926223529,medium
pay110409,cus595,mer87,2025-01-31 14:56:00,915.92,upi,bank_a,food_delivery,bank_server_timeout,2,0.7739,0,,0.2288,0.9941,0.4216,0.7594,0.2499,0,14,4,31,6.821020227447476,medium
pay119074,cus900,mer102,2025-02-23 04:10:00,460.48,debit_card,bank_d,food_delivery,issuer_decline,1,0.5028,1,0.0,0.3589,0.2382,0.2264,0.0,0.2978,1,4,6,23,6.134438716059089,small
pay111222,cus1576,mer120,2025-03-23 10:18:00,2473.53,netbanking,bank_h,food_delivery,insufficient_funds,3,0.593,0,,0.444,0.2131,0.3536,0.1984,0.263,1,10,6,23,7.813805757979796,medium
pay119182,cus3577,mer98,2025-03-24 03:57:00,379.91,debit_card,bank_i,ecommerce,network_timeout,1,0.7101,1,1.0,0.1686,0.7253,0.1877,0.0809,0.2749,0,3,0,24,5.94256312674981,small
pay103967,cus3852,mer111,2025-02-13 12:08:00,147.93,upi,bank_a,ecommerce,upi_server_busy,3,0.8081,1,1.0,0.2025,0.5422,0.3762,0.4327,0.2678,0,12,3,13,5.003476396897776,small
pay117648,cus52,mer15,2025-06-28 14:31:00,299.61,debit_card,bank_c,utility_bills,insufficient_funds,3,0.4996,0,,0.1158,0.2955,0.5807,0.2731,0.6454,1,14,5,28,5.7058137435652805,small
pay110802,cus1281,mer59,2025-02-16 13:39:00,1275.88,credit_card,bank_g,education_fees,upi_server_busy,2,0.8206,1,1.0,0.2839,0.3519,0.1756,0.5734,0.4637,1,13,6,16,7.152174881374303,medium
pay103467,cus2391,mer106,2025-02-16 08:53:00,2434.76,upi,bank_d,travel,otp_expired,3,0.5812,0,,0.5716,0.5225,0.5962,0.0781,0.3472,1,8,6,16,7.798014101808673,medium
pay103832,cus2923,mer78,2025-05-26 11:45:00,784.83,credit_card,bank_c,food_delivery,insufficient_funds,4,0.489,1,0.0,0.2126,0.1945,0.4471,0.1614,0.4876,0,11,0,26,6.666740484048958,medium
pay108799,cus3283,mer18,2025-05-21 02:16:00,195.49,upi,bank_f,utility_bills,upi_server_busy,2,0.921,1,1.0,0.1511,0.8955,0.445,0.7316,0.4566,0,2,2,21,5.280611539429104,small
pay101439,cus2950,mer31,2025-06-21 23:07:00,934.48,upi,bank_b,education_fees,issuer_decline,1,0.4221,1,0.0,0.2797,0.1139,0.2005,0.0,0.2145,1,23,5,21,6.841059766543869,medium
pay114528,cus496,mer15,2025-05-17 06:01:00,64.13,credit_card,bank_e,ecommerce,upi_server_busy,1,0.9563,1,1.0,0.241,1.0,0.288,0.1925,0.3895,1,6,5,17,4.17638527255831,small
pay111240,cus873,mer67,2025-04-24 20:36:00,642.42,debit_card,bank_f,travel,account_blocked,2,0.0159,0,,0.0989,0.0,0.0,0.0,0.247,0,20,3,24,6.466797699183474,medium
pay113571,cus3426,mer58,2025-04-01 21:29:00,3380.6,credit_card,bank_a,food_delivery,otp_expired,1,0.4716,0,,0.3347,0.582,0.3855,0.0,0.265,0,21,1,1,8.126104249252581,medium
pay119988,cus2774,mer15,2025-03-06 01:42:00,717.23,credit_card,bank_e,education_fees,bank_server_timeout,3,0.7721,0,,0.2422,0.8473,0.3727,0.5014,0.1951,0,1,3,6,6.576789852013997,medium
pay118738,cus839,mer23,2025-01-08 00:03:00,809.06,upi,bank_a,travel,bank_server_timeout,1,0.7814,0,,0.2395,0.7671,0.4941,0.0,0.405,0,0,2,8,6.69710831899721,medium
pay112687,cus112,mer81,2025-03-23 07:42:00,1716.62,upi,bank_e,travel,issuer_decline,1,0.4917,1,0.0,0.203,0.128,0.2776,0.0,0.1318,1,7,6,23,7.448694890651413,medium
pay105162,cus2251,mer22,2025-02-21 15:48:00,1036.58,upi,bank_g,subscription_saas,insufficient_funds,1,0.4734,0,,0.2168,0.0616,0.5791,0.111,0.3337,0,15,4,21,6.944646357565886,medium
pay103018,cus838,mer27,2025-04-18 15:13:00,461.95,upi,bank_d,ecommerce,upi_server_busy,1,0.7954,1,1.0,0.2831,0.9473,0.3809,0.0764,0.4821,0,15,4,18,6.1376190568940565,small
pay102352,cus775,mer95,2025-05-09 14:01:00,244.39,debit_card,bank_e,education_fees,otp_expired,4,0.5967,1,0.0,0.2593,0.3145,0.4248,0.1626,0.3621,0,14,4,9,5.502848781650265,small
pay110907,cus2834,mer33,2025-02-01 10:04:00,222.66,upi,bank_h,utility_bills,issuer_decline,2,0.4173,1,0.0,0.1642,0.3527,0.0031,0.3787,0.1359,1,10,5,1,5.410127041600043,small
pay101991,cus3877,mer86,2025-03-20 20:07:00,241.11,credit_card,bank_g,education_fees,upi_server_busy,2,0.8374,1,1.0,0.0758,0.1207,0.4299,0.6502,0.3386,0,20,3,20,5.489392168336741,small
pay118613,cus3707,mer1,2025-06-01 21:15:00,723.84,netbanking,bank_i,food_delivery,network_timeout,3,0.7479,1,1.0,0.1303,0.4318,0.0,0.418,0.0653,1,21,6,1,6.585950940843957,medium
pay114398,cus3766,mer11,2025-05-22 00:06:00,149.36,debit_card,bank_c,utility_bills,insufficient_funds,1,0.5183,0,,0.2921,0.3335,0.476,0.0866,0.2566,0,0,3,22,5.013032418695977,small
pay114511,cus1470,mer101,2025-01-09 19:04:00,50.0,credit_card,bank_a,utility_bills,upi_server_busy,1,0.9264,1,1.0,0.1195,0.6363,0.392,0.0372,0.496,0,19,3,9,3.9318256327243257,small
pay111448,cus715,mer75,2025-06-29 11:25:00,11432.37,upi,bank_d,food_delivery,bank_server_timeout,2,0.7552,0,,0.5439,0.4861,0.2645,0.6792,0.4467,1,11,6,29,9.344291551477864,large
pay102707,cus2604,mer8,2025-02-24 16:24:00,1228.12,upi,bank_f,ecommerce,card_expired,1,0.0263,0,,0.3451,0.0,0.2394,0.0,0.0,0,16,0,24,7.11405374515754,medium
pay108092,cus886,mer102,2025-04-29 22:29:00,58.22,upi,bank_j,travel,bank_server_timeout,1,0.826,1,1.0,0.3357,0.8242,0.3224,0.0,0.2153,0,22,1,29,4.0812593226734455,small
pay111014,cus3230,mer76,2025-03-27 18:53:00,741.65,upi,bank_j,utility_bills,issuer_decline,2,0.4669,1,1.0,0.9772,0.1799,0.5266,0.155,0.0,0,18,3,27,6.610224870475542,medium
pay114868,cus2811,mer113,2025-06-08 08:33:00,118.66,upi,bank_d,education_fees,bank_server_timeout,4,0.79,1,1.0,0.2973,0.7447,0.2541,0.779,0.195,1,8,6,8,4.7846543879618855,small
pay104705,cus1910,mer81,2025-02-12 05:55:00,50.0,upi,bank_g,travel,insufficient_funds,1,0.5917,1,0.0,0.0983,0.1511,0.7273,0.0,0.3862,0,5,2,12,3.9318256327243257,small
pay110108,cus792,mer113,2025-04-08 01:34:00,1864.94,upi,bank_a,education_fees,upi_server_busy,1,0.8711,1,1.0,0.3034,0.6427,0.5045,0.0029,0.168,0,1,1,8,7.531520226549492,medium
pay117344,cus1604,mer10,2025-04-20 02:59:00,284.75,credit_card,bank_a,utility_bills,bank_server_timeout,1,0.8286,1,1.0,0.1901,0.8601,0.6063,0.0,0.312,1,2,6,20,5.65511730267492,small
pay118121,cus3452,mer29,2025-06-04 06:18:00,342.75,upi,bank_d,food_delivery,network_timeout,1,0.766,1,1.0,0.3614,0.6262,0.3462,0.0903,0.5261,0,6,2,4,5.839914648980781,small
pay100225,cus724,mer72,2025-02-25 01:44:00,432.29,debit_card,bank_j,food_delivery,issuer_decline,3,0.3817,0,,0.1902,0.0681,0.1297,0.2014,0.185,0,1,1,25,6.071407249781185,small
pay105301,cus2403,mer72,2025-06-28 18:12:00,2207.22,credit_card,bank_b,food_delivery,insufficient_funds,4,0.3761,0,,0.316,0.3303,0.572,0.0074,0.3348,1,18,5,28,7.6999420401146415,medium
pay105633,cus686,mer19,2025-02-20 20:33:00,278.88,credit_card,bank_g,subscription_saas,account_blocked,3,0.0673,0,,0.2007,0.166,0.1764,0.0551,0.0,0,20,3,20,5.634360939877696,small
pay104396,cus1243,mer119,2025-02-23 01:54:00,1284.53,upi,bank_g,food_delivery,insufficient_funds,2,0.5412,1,0.0,0.2369,0.1126,0.5758,0.0752,0.4263,1,1,6,23,7.158926363656506,medium
pay108496,cus1945,mer11,2025-06-25 17:35:00,1350.86,debit_card,bank_e,utility_bills,network_timeout,3,0.8102,0,,0.2982,0.5381,0.2222,0.4189,0.3185,0,17,2,25,7.2092367009453495,medium
pay110542,cus2615,mer114,2025-04-29 07:35:00,1216.04,credit_card,bank_h,food_delivery,insufficient_funds,1,0.4479,1,0.0,0.8145,0.2645,0.734,0.0,0.469,0,7,1,29,7.104176960154874,medium
pay110840,cus53,mer116,2025-06-26 21:47:00,414.95,upi,bank_i,utility_bills,otp_expired,2,0.5635,0,,0.1962,0.3741,0.328,0.3323,0.413,0,21,3,26,6.030565060729897,small
pay114013,cus2570,mer60,2025-05-27 01:59:00,1244.92,debit_card,bank_d,food_delivery,insufficient_funds,3,0.4565,0,,0.4311,0.2273,0.8076,0.1842,0.5194,0,1,1,27,7.127629491828676,medium
pay102769,cus2197,mer92,2025-06-22 13:37:00,362.67,debit_card,bank_h,education_fees,issuer_decline,4,0.4805,1,0.0,0.1479,0.0,0.4019,0.2005,0.1175,1,13,6,22,5.896246863025796,small
pay100839,cus2356,mer109,2025-06-13 21:58:00,244.3,credit_card,bank_g,ecommerce,network_timeout,3,0.7505,1,1.0,0.1807,0.7443,0.1705,0.2884,0.3011,0,21,4,13,5.502481951264444,small
pay109617,cus1347,mer61,2025-03-20 12:35:00,78.72,upi,bank_b,ecommerce,insufficient_funds,4,0.4776,0,,0.2074,0.249,0.3864,0.0656,0.6636,0,12,3,20,4.378520495344594,small
pay118504,cus3400,mer24,2025-04-15 21:19:00,379.8,debit_card,bank_e,utility_bills,bank_server_timeout,1,0.7637,1,1.0,0.24,0.6104,0.1734,0.1411,0.4294,0,21,1,15,5.942274302917211,small
pay118949,cus2473,mer59,2025-03-07 16:14:00,1139.12,debit_card,bank_j,utility_bills,account_blocked,2,0.0311,0,,0.4215,0.0,0.0,0.0962,0.0135,0,16,4,7,7.038888799006658,medium
pay111118,cus3024,mer96,2025-02-22 18:18:00,2869.26,credit_card,bank_e,food_delivery,upi_server_busy,3,0.8618,1,0.0,0.2945,0.6305,0.5051,0.6889,0.5027,1,18,5,22,7.962157896984924,medium
pay107079,cus1226,mer40,2025-02-24 15:28:00,283.64,credit_card,bank_j,education_fees,upi_server_busy,2,0.8198,1,1.0,0.2548,0.7903,0.494,0.6503,0.1905,0,15,0,24,5.651225223917525,small
pay101719,cus2676,mer17,2025-04-04 01:31:00,2243.21,upi,bank_f,utility_bills,insufficient_funds,3,0.4481,1,0.0,0.3617,0.151,0.8548,0.2392,0.3642,0,1,4,4,7.716108845151682,medium
pay108490,cus1984,mer64,2025-03-17 18:47:00,405.81,credit_card,bank_g,utility_bills,otp_expired,2,0.6746,1,1.0,0.1613,0.209,0.3887,0.1748,0.2901,0,18,0,17,6.008346245976498,small
pay107927,cus1846,mer89,2025-02-19 07:01:00,2228.39,debit_card,bank_g,food_delivery,insufficient_funds,1,0.4934,1,0.0,0.2698,0.2795,0.6095,0.0,0.3522,0,7,2,19,7.7094832844336665,medium
pay110326,cus1073,mer94,2025-06-06 05:21:00,629.61,debit_card,bank_f,food_delivery,network_timeout,1,0.7083,0,,0.1586,0.6711,0.1433,0.1359,0.3537,0,5,4,6,6.446687604898324,medium
pay111617,cus3719,mer99,2025-01-12 06:13:00,2544.9,debit_card,bank_f,education_fees,bank_server_timeout,2,0.8196,1,1.0,0.2222,0.7571,0.2989,0.5796,0.3304,1,6,6,12,7.842239501048256,medium
pay117135,cus3348,mer3,2025-03-23 22:37:00,817.0,upi,bank_g,food_delivery,otp_expired,2,0.6285,0,,0.1709,0.4457,0.3915,0.3642,0.2702,1,22,6,23,6.706862336602747,medium
pay110920,cus2536,mer7,2025-04-26 08:56:00,216.95,upi,bank_d,food_delivery,issuer_decline,3,0.4412,1,1.0,0.2657,0.1652,0.3021,0.269,0.0346,1,8,5,26,5.384265678684401,small
pay101391,cus827,mer86,2025-04-06 07:37:00,6040.92,debit_card,bank_j,food_delivery,issuer_decline,3,0.3974,0,,0.6059,0.1479,0.3242,0.0879,0.1843,1,7,6,6,8.706477121210167,large
pay117317,cus3427,mer4,2025-04-12 11:44:00,412.35,debit_card,bank_c,education_fees,issuer_decline,4,0.4433,1,0.0,0.1737,0.076,0.0,0.148,0.0,1,11,5,12,6.024294691698684,small
pay116387,cus2244,mer43,2025-06-16 10:15:00,153.32,upi,bank_a,subscription_saas,insufficient_funds,3,0.4642,1,1.0,0.1146,0.2227,0.4804,0.0442,0.3491,0,10,0,16,5.0390283685974735,small
pay109134,cus439,mer95,2025-02-08 03:13:00,512.12,credit_card,bank_b,food_delivery,network_timeout,4,0.7592,1,1.0,0.1,0.6832,0.2292,0.235,0.3515,1,3,5,8,6.240509735944845,medium
pay107982,cus645,mer43,2025-04-08 16:36:00,452.83,credit_card,bank_g,food_delivery,insufficient_funds,3,0.5456,1,1.0,0.1686,0.2778,0.7977,0.1224,0.4033,0,16,1,8,6.117722678578481,small
pay112138,cus3950,mer78,2025-04-17 07:21:00,5061.31,upi,bank_h,food_delivery,bank_server_timeout,3,0.8369,1,1.0,0.3281,0.8103,0.4032,0.6544,0.2954,0,7,3,17,8.529578179846297,large
pay110062,cus2681,mer67,2025-06-03 01:05:00,3064.13,upi,bank_a,travel,issuer_decline,1,0.4828,1,1.0,0.4109,0.3248,0.3307,0.0,0.0504,0,1,1,3,8.027845261826476,medium
pay104889,cus1626,mer60,2025-03-28 15:32:00,12451.24,netbanking,bank_c,food_delivery,insufficient_funds,2,0.5349,0,,0.4337,0.1766,0.4845,0.0938,0.3454,0,15,4,28,9.429655805387965,large
pay100817,cus1305,mer62,2025-01-20 03:44:00,3168.97,upi,bank_h,ecommerce,issuer_decline,4,0.4643,1,0.0,0.3246,0.2207,0.1203,0.0474,0.216,0,3,0,20,8.061477403104147,medium
pay119319,cus1053,mer92,2025-04-25 11:45:00,74.8,credit_card,bank_e,ecommerce,issuer_decline,4,0.3619,0,,0.1599,0.0,0.1499,0.3426,0.0484,0,11,4,25,4.328098292648326,small
pay117848,cus3451,mer103,2025-05-03 16:59:00,1441.68,credit_card,bank_f,ecommerce,upi_server_busy,4,0.8119,1,1.0,0.4047,0.8537,0.5685,0.7168,0.433,1,16,5,3,7.274257773959677,medium
pay101616,cus687,mer46,2025-05-23 23:39:00,840.88,upi,bank_b,travel,upi_server_busy,3,0.8322,1,0.0,0.2287,0.7956,0.2373,0.7646,0.2771,0,23,4,23,6.735637486270971,medium
pay110896,cus903,mer113,2025-05-13 10:05:00,2910.45,debit_card,bank_c,education_fees,insufficient_funds,3,0.4745,1,0.0,0.3042,0.0145,0.3645,0.0983,0.5349,0,10,1,13,7.976406517851333,medium
pay113927,cus1731,mer83,2025-03-13 06:41:00,1341.23,credit_card,bank_h,food_delivery,network_timeout,2,0.7418,1,0.0,0.1975,0.7854,0.4816,0.3242,0.238,0,6,3,13,7.202087688837784,medium
pay104689,cus1026,mer52,2025-05-11 06:35:00,2328.36,netbanking,bank_h,food_delivery,network_timeout,3,0.7497,0,,0.2263,0.3397,0.3684,0.5513,0.4577,1,6,6,11,7.753348830717217,medium
pay104325,cus2298,mer78,2025-03-12 16:37:00,1736.19,upi,bank_c,ecommerce,otp_expired,3,0.5815,0,,0.4343,0.4949,0.5038,0.2598,0.5639,0,16,2,12,7.460024144254506,medium
pay110504,cus1938,mer31,2025-03-12 01:54:00,1111.68,credit_card,bank_j,utility_bills,network_timeout,4,0.7068,0,,0.3548,0.7659,0.4133,0.4433,0.3694,0,1,2,12,7.01452679870536,medium
pay111198,cus3151,mer72,2025-04-01 06:57:00,588.41,debit_card,bank_b,subscription_saas,insufficient_funds,4,0.5886,1,1.0,0.1763,0.1831,0.7193,0.1524,0.4101,0,6,1,1,6.379122036566182,medium
pay112563,cus2365,mer62,2025-02-18 07:35:00,450.58,debit_card,bank_f,food_delivery,issuer_decline,4,0.4413,0,,0.05,0.3307,0.4503,0.087,0.2816,0,7,1,18,6.112752544315182,small
pay107263,cus475,mer69,2025-06-23 17:25:00,399.15,debit_card,bank_a,travel,bank_server_timeout,3,0.8276,1,1.0,0.2277,0.4248,0.3047,0.5607,0.4321,0,17,0,23,5.991839476813055,small
pay103922,cus2848,mer23,2025-03-28 13:55:00,487.75,netbanking,bank_b,utility_bills,upi_server_busy,1,0.846,1,1.0,0.147,0.419,0.2242,0.0491,0.2214,0,13,4,28,6.1918511112995755,small
pay102588,cus3749,mer20,2025-06-24 15:26:00,81.33,credit_card,bank_g,education_fees,insufficient_funds,4,0.5275,1,1.0,0.099,0.3277,0.4451,0.0036,0.1865,0,15,1,24,4.410735561310335,small
pay115024,cus1179,mer102,2025-02-25 12:28:00,169.55,debit_card,bank_j,ecommerce,issuer_decline,1,0.4421,1,0.0,0.3872,0.223,0.2736,0.1912,0.0,0,12,1,25,5.139028508864655,small
pay105583,cus920,mer13,2025-01-14 12:36:00,4459.51,credit_card,bank_g,ecommerce,bank_server_timeout,1,0.8413,0,,0.2806,0.5484,0.0621,0.0,0.5812,0,12,1,14,8.403018388252457,medium
pay100255,cus2899,mer1,2025-01-27 00:20:00,1496.53,credit_card,bank_a,subscription_saas,account_blocked,1,0.0,0,,0.2587,0.0,0.1075,0.0096,0.0348,0,0,0,27,7.311572363177921,medium
pay105444,cus2251,mer117,2025-02-15 07:22:00,456.16,upi,bank_a,ecommerce,insufficient_funds,4,0.5006,1,0.0,0.1623,0.1187,0.9848,0.2897,0.2888,1,7,5,15,6.125033439029397,small
pay111613,cus2054,mer5,2025-05-07 22:45:00,4511.95,upi,bank_j,ecommerce,otp_expired,4,0.6482,1,1.0,0.5693,0.7093,0.5084,0.0772,0.5088,0,22,2,7,8.41470632066082,medium
pay106302,cus3153,mer55,2025-01-30 17:20:00,99.59,upi,bank_d,ecommerce,upi_server_busy,2,0.848,1,0.0,0.3511,0.7388,0.3847,0.7469,0.412,0,17,3,30,4.611052849146247,small
pay116664,cus1124,mer106,2025-06-22 18:13:00,743.63,upi,bank_h,food_delivery,insufficient_funds,1,0.5815,0,,0.2296,0.282,0.5211,0.0,0.2512,1,18,6,22,6.612887450715631,medium
pay113812,cus3351,mer16,2025-02-18 01:40:00,7632.04,upi,bank_g,education_fees,issuer_decline,2,0.4392,0,,0.4423,0.3112,0.1355,0.1897,0.1727,0,1,1,18,8.94024147218825,large
pay119922,cus1258,mer14,2025-03-23 02:02:00,143.66,netbanking,bank_j,food_delivery,insufficient_funds,1,0.5219,0,,0.2869,0.3092,0.3837,0.2995,0.6196,1,2,6,23,4.974386161421135,small
pay106754,cus1439,mer54,2025-04-29 12:54:00,115.97,upi,bank_c,education_fees,insufficient_funds,3,0.512,1,0.0,0.1176,0.1521,0.3456,0.199,0.3619,0,12,1,29,4.761917491662616,small
pay114966,cus1446,mer86,2025-01-31 09:14:00,1386.5,netbanking,bank_a,subscription_saas,network_timeout,4,0.8099,1,0.0,0.1986,0.3378,0.1531,0.3374,0.3821,0,9,4,31,7.2352588456205895,medium
pay101542,cus53,mer74,2025-01-16 23:52:00,60.17,credit_card,bank_i,utility_bills,account_blocked,2,0.0137,0,,0.1401,0.0949,0.0505,0.0,0.0468,0,23,3,16,4.113656873254474,small
pay103460,cus2203,mer45,2025-03-16 22:43:00,493.7,upi,bank_b,ecommerce,insufficient_funds,3,0.4406,0,,0.1775,0.2537,0.5367,0.0,0.4889,1,22,6,16,6.203951518233663,small
pay109651,cus1861,mer30,2025-03-14 09:22:00,385.53,debit_card,bank_b,ecommerce,otp_expired,2,0.6608,1,0.0,0.0069,0.4733,0.3971,0.1654,0.3453,0,9,4,14,5.957209484678875,small
pay111194,cus1235,mer104,2025-01-07 03:12:00,434.94,upi,bank_j,travel,insufficient_funds,1,0.5241,1,1.0,0.3553,0.4209,0.381,0.1116,0.4282,0,3,1,7,6.077504619200367,small
pay118525,cus1398,mer44,2025-05-08 00:12:00,1038.27,upi,bank_b,subscription_saas,issuer_decline,3,0.4328,1,0.0,0.1848,0.0635,0.2888,0.1228,0.2413,0,0,3,8,6.9462738225951535,medium
pay113681,cus1354,mer6,2025-05-07 09:06:00,14421.28,debit_card,bank_b,ecommerce,bank_server_timeout,2,0.8412,1,1.0,1.0,0.7156,0.5285,0.6821,0.2872,0,9,2,7,9.576529512071211,large
pay101149,cus2240,mer57,2025-06-03 08:43:00,4169.9,upi,bank_g,utility_bills,bank_server_timeout,2,0.7487,1,1.0,0.3843,0.7267,0.2066,0.5667,0.2099,0,8,1,3,8.335887118843607,medium
pay113409,cus1958,mer77,2025-03-24 12:39:00,186.29,credit_card,bank_b,utility_bills,bank_server_timeout,3,0.8426,0,,0.1178,0.4891,0.544,0.5345,0.1858,0,12,0,24,5.232658217741762,small
pay105384,cus2287,mer94,2025-01-11 21:30:00,275.48,debit_card,bank_b,education_fees,bank_server_timeout,2,0.7771,0,,0.2355,0.548,0.3488,0.6085,0.3344,1,21,5,11,5.622138485615691,small
pay110128,cus2496,mer66,2025-02-07 22:13:00,1255.42,upi,bank_b,education_fees,bank_server_timeout,2,0.7637,1,1.0,0.1551,0.7718,0.5434,0.6003,0.1771,0,22,4,7,7.136021686035088,medium
pay104524,cus2897,mer69,2025-05-25 02:02:00,3925.0,debit_card,bank_d,food_delivery,bank_server_timeout,3,0.8341,1,1.0,0.5608,0.744,0.6603,0.6251,0.223,1,2,6,25,8.275376374836407,medium
pay105971,cus1525,mer41,2025-02-13 10:23:00,917.05,debit_card,bank_j,utility_bills,network_timeout,3,0.8134,1,0.0,0.2885,0.3768,0.2629,0.3325,0.3942,0,10,3,13,6.822251855368196,medium
pay103973,cus2777,mer45,2025-02-16 10:06:00,800.88,upi,bank_f,travel,card_expired,1,0.1286,0,,0.3029,0.0133,0.0208,0.1359,0.0724,1,10,6,16,6.686958970736275,medium
pay116217,cus2770,mer24,2025-04-19 03:43:00,653.91,netbanking,bank_i,education_fees,card_expired,4,0.1791,0,,0.1828,0.0,0.2387,0.0,0.0,1,3,5,19,6.484497821614225,medium
pay108794,cus2100,mer99,2025-03-21 12:36:00,2131.34,netbanking,bank_j,food_delivery,upi_server_busy,4,0.8594,0,,0.5679,0.4171,0.2479,0.6395,0.4561,0,12,4,21,7.664975247242672,medium
pay102523,cus2077,mer119,2025-03-14 05:28:00,1201.82,debit_card,bank_d,utility_bills,insufficient_funds,2,0.5081,1,0.0,0.4313,0.1907,0.5878,0.3239,0.604,0,5,4,14,7.09242407884444,medium
pay100616,cus287,mer39,2025-02-14 23:08:00,1768.24,debit_card,bank_f,food_delivery,bank_server_timeout,3,0.8004,0,,0.1941,0.982,0.3663,0.7167,0.1364,0,23,4,14,7.478305354827444,medium
pay110898,cus3147,mer66,2025-04-30 11:46:00,1130.49,upi,bank_i,ecommerce,insufficient_funds,2,0.5207,0,,0.3355,0.4135,0.4833,0.2863,0.4097,0,11,2,30,7.0312906272086435,medium
pay119571,cus2783,mer86,2025-03-21 04:00:00,569.16,upi,bank_e,utility_bills,bank_server_timeout,4,0.9062,1,1.0,0.1334,0.6674,0.5835,0.6964,0.258,0,4,4,21,6.345917023193615,medium
pay100146,cus2939,mer97,2025-01-07 05:52:00,927.17,upi,bank_d,utility_bills,upi_server_busy,4,0.9337,1,1.0,0.2619,0.8044,0.3229,0.7444,0.3778,0,5,1,7,6.833214905664197,medium
pay106487,cus1065,mer24,2025-02-23 23:40:00,5674.57,upi,bank_f,food_delivery,upi_server_busy,3,0.8579,1,1.0,0.332,0.8652,0.3758,0.5205,0.3314,1,23,6,23,8.643926277834426,large
pay103253,cus1765,mer112,2025-03-08 21:04:00,602.46,debit_card,bank_e,utility_bills,issuer_decline,2,0.4833,1,0.0,0.0862,0.2122,0.3465,0.3364,0.0,1,21,5,8,6.402679758307828,medium
pay104923,cus1417,mer10,2025-05-03 05:30:00,1515.89,upi,bank_d,food_delivery,upi_server_busy,4,0.8645,1,1.0,0.4786,0.8359,0.5038,0.6111,0.3229,1,5,5,3,7.324417465183518,medium
pay101715,cus2309,mer63,2025-06-08 02:33:00,1663.73,upi,bank_h,education_fees,upi_server_busy,2,0.8971,1,1.0,0.2915,0.612,0.1793,0.4202,0.4087,1,2,6,8,7.417418227102677,medium
pay107766,cus859,mer54,2025-06-08 04:42:00,238.71,debit_card,bank_f,ecommerce,network_timeout,4,0.7887,0,,0.1047,0.9641,0.3007,0.3814,0.3339,1,4,6,8,5.479429859385319,small
pay104284,cus2474,mer4,2025-01-22 22:19:00,1182.37,upi,bank_d,food_delivery,card_expired,3,0.0463,0,,0.5061,0.0209,0.0,0.1283,0.1922,0,22,2,22,7.0761215792367915,medium
pay114442,cus2256,mer1,2025-03-21 11:47:00,9711.77,debit_card,bank_g,utility_bills,upi_server_busy,4,0.9143,1,1.0,0.5096,0.7802,0.2455,0.4896,0.3699,0,11,4,21,9.18119679351731,large
pay104604,cus1025,mer21,2025-02-07 23:08:00,470.12,credit_card,bank_a,food_delivery,insufficient_funds,4,0.4572,0,,0.1667,0.1808,0.5746,0.0657,0.4411,0,23,4,7,6.155112838636315,small
pay116790,cus3440,mer70,2025-01-01 15:15:00,7426.63,credit_card,bank_h,ecommerce,upi_server_busy,2,0.8393,1,1.0,0.4559,0.8807,0.4888,0.4781,0.3878,0,15,2,1,8.912962109707998,large
pay112875,cus3919,mer102,2025-02-26 13:20:00,1544.51,upi,bank_f,food_delivery,network_timeout,3,0.8227,0,,0.2278,0.3846,0.1549,0.3653,0.4813,0,13,2,26,7.3431092319491675,medium
pay115502,cus1117,mer57,2025-05-24 06:07:00,776.0,credit_card,bank_b,ecommerce,bank_server_timeout,4,0.8421,1,0.0,0.2179,0.6155,0.4381,0.7248,0.2408,1,6,5,24,6.655440350367647,medium
pay112568,cus3608,mer10,2025-06-29 11:20:00,1299.88,upi,bank_g,education_fees,issuer_decline,2,0.3951,0,,0.3081,0.0812,0.2147,0.0848,0.0,1,11,6,29,7.170796237517467,medium
pay100018,cus3862,mer47,2025-06-01 03:43:00,449.21,debit_card,bank_a,utility_bills,issuer_decline,3,0.4666,1,1.0,0.2129,0.2202,0.1478,0.103,0.0,1,3,6,1,6.109714140576008,small
pay112765,cus2277,mer90,2025-04-29 13:02:00,775.16,credit_card,bank_f,food_delivery,network_timeout,1,0.8187,1,1.0,0.094,0.4984,0.0,0.0,0.4785,0,13,1,29,6.6543586844969065,medium
pay107884,cus540,mer53,2025-05-28 13:50:00,989.36,upi,bank_j,utility_bills,bank_server_timeout,2,0.7645,0,,0.3674,0.4417,0.3443,0.5846,0.2335,0,13,2,28,6.898068513392593,medium
pay109004,cus373,mer106,2025-05-19 21:07:00,1596.56,credit_card,bank_j,travel,insufficient_funds,2,0.4842,1,0.0,0.4058,0.0,0.4679,0.2121,0.3722,0,21,0,19,7.376232744231826,medium
pay102766,cus3405,mer27,2025-03-08 11:34:00,408.45,upi,bank_b,subscription_saas,otp_expired,1,0.5897,1,1.0,0.2167,0.5639,0.3437,0.1659,0.2989,1,11,5,8,6.014814795716197,small
pay119206,cus1286,mer59,2025-06-26 17:23:00,410.59,upi,bank_a,travel,issuer_decline,2,0.4637,1,0.0,0.1651,0.3233,0.2615,0.2325,0.0,0,17,3,26,6.020027708232297,small
pay108431,cus3058,mer37,2025-02-03 09:28:00,1499.24,debit_card,bank_h,utility_bills,issuer_decline,4,0.425,1,1.0,0.2528,0.2952,0.1653,0.0755,0.1207,0,9,0,3,7.3133803742916665,medium
pay101891,cus3976,mer72,2025-02-14 03:31:00,339.22,debit_card,bank_a,food_delivery,bank_server_timeout,1,0.7962,1,0.0,0.1448,0.8012,0.4323,0.0585,0.1095,0,3,4,14,5.8295924671814365,small
pay100490,cus2442,mer103,2025-06-17 23:32:00,4794.34,upi,bank_i,food_delivery,network_timeout,4,0.6427,0,,0.4284,0.6021,0.3179,0.4789,0.1325,0,23,1,17,8.475399891998737,medium
pay107093,cus2087,mer64,2025-03-28 09:57:00,4805.5,credit_card,bank_i,ecommerce,insufficient_funds,2,0.5729,0,,0.4395,0.4206,0.5655,0.0588,0.4449,0,9,4,28,8.47772444750587,medium
pay104838,cus3501,mer69,2025-06-03 03:13:00,3800.64,upi,bank_h,ecommerce,account_blocked,3,0.0859,0,,0.3797,0.0113,0.0,0.0,0.0255,0,3,1,3,8.243187831558439,medium
pay109590,cus2850,mer60,2025-02-11 23:20:00,1247.62,netbanking,bank_e,subscription_saas,insufficient_funds,4,0.5446,0,,0.2272,0.3507,0.6181,0.2954,0.4952,0,23,1,11,7.129794220439451,medium
pay118047,cus471,mer106,2025-03-29 09:22:00,297.94,upi,bank_h,education_fees,upi_server_busy,3,0.798,1,1.0,0.0397,0.6588,0.2827,0.4918,0.3716,1,9,5,29,5.700242884357668,small
pay107342,cus1304,mer48,2025-06-02 03:27:00,368.4,debit_card,bank_c,education_fees,issuer_decline,4,0.4207,1,0.0,0.1643,0.1651,0.0,0.3562,0.25,0,3,0,2,5.911880067765139,small
pay111772,cus2919,mer88,2025-03-11 22:18:00,1043.64,upi,bank_f,ecommerce,otp_expired,4,0.6788,1,1.0,0.2729,0.5758,0.5358,0.1436,0.1941,0,22,1,11,6.951427607438323,medium
pay111218,cus3763,mer100,2025-02-22 22:11:00,9072.86,upi,bank_i,food_delivery,insufficient_funds,3,0.5038,1,0.0,0.4203,0.4331,0.6402,0.2306,0.2425,1,22,5,22,9.113153031407508,large
pay110226,cus1551,mer88,2025-03-03 04:38:00,1185.48,credit_card,bank_e,education_fees,account_blocked,3,0.0464,0,,0.121,0.0,0.0639,0.0,0.0,0,4,0,3,7.078746219433707,medium
pay103858,cus3614,mer19,2025-02-28 13:42:00,1202.63,credit_card,bank_j,education_fees,issuer_decline,2,0.4824,0,,0.2874,0.0669,0.0376,0.0,0.3252,0,13,4,28,7.093097269669589,medium
pay116954,cus3270,mer88,2025-03-24 02:56:00,921.23,debit_card,bank_f,food_delivery,insufficient_funds,2,0.4712,0,,0.23,0.2731,0.5334,0.4023,0.3657,0,2,0,24,6.826794650147846,medium
pay107175,cus27,mer93,2025-03-29 03:48:00,2716.22,debit_card,bank_b,subscription_saas,insufficient_funds,2,0.4576,1,1.0,0.3031,0.3166,0.5034,0.1837,0.3674,1,3,5,29,7.907364577808239,medium
pay105712,cus2471,mer77,2025-03-25 10:28:00,204.65,debit_card,bank_a,education_fees,bank_server_timeout,1,0.762,1,1.0,0.7291,0.5478,0.3578,0.1735,0.1779,0,10,1,25,5.326175694676433,small
pay113416,cus3182,mer3,2025-04-16 01:57:00,309.77,debit_card,bank_j,food_delivery,insufficient_funds,4,0.4816,1,0.0,0.3202,0.237,0.6194,0.3555,0.3758,0,1,2,16,5.73905308873812,small
pay107151,cus2989,mer56,2025-03-11 15:55:00,1927.29,debit_card,bank_a,subscription_saas,otp_expired,4,0.5134,0,,0.3424,0.4972,0.2728,0.0068,0.487,0,15,1,11,7.5643888787970575,medium
pay117989,cus947,mer114,2025-03-19 01:48:00,314.75,debit_card,bank_f,food_delivery,network_timeout,2,0.7394,1,1.0,0.1545,0.7138,0.3641,0.6622,0.0912,0,1,2,19,5.7549507612306,small
pay109089,cus1350,mer55,2025-03-05 23:50:00,918.76,credit_card,bank_e,subscription_saas,upi_server_busy,2,0.9035,1,0.0,0.2454,0.858,0.2507,0.6846,0.2843,0,23,2,5,6.824112766445484,medium
pay107864,cus255,mer16,2025-02-12 09:09:00,793.27,debit_card,bank_i,travel,issuer_decline,3,0.4742,0,,0.2106,0.3196,0.0,0.1095,0.0,0,9,2,12,6.677423453820944,medium
pay108883,cus3949,mer10,2025-02-26 15:27:00,66.07,upi,bank_b,food_delivery,account_blocked,1,0.0768,0,,0.18,0.1749,0.0,0.0733,0.0,0,15,2,26,4.205736850111646,small
pay101749,cus2279,mer61,2025-05-10 11:26:00,268.23,credit_card,bank_j,ecommerce,card_expired,1,0.0779,1,0.0,0.3372,0.0,0.0099,0.0,0.0,1,11,5,10,5.59556603286903,small
pay101110,cus1859,mer73,2025-04-24 18:38:00,148.2,upi,bank_d,food_delivery,insufficient_funds,3,0.4379,1,0.0,0.2356,0.1697,0.6151,0.2219,0.2019,0,18,3,24,5.005287687769661,small
pay119309,cus554,mer45,2025-03-20 22:37:00,1203.79,credit_card,bank_i,ecommerce,issuer_decline,2,0.4281,1,1.0,0.189,0.1522,0.2178,0.0454,0.1842,0,22,3,20,7.0940605568783806,medium
pay100890,cus3477,mer65,2025-01-18 23:55:00,85.79,upi,bank_d,food_delivery,bank_server_timeout,4,0.8218,1,1.0,0.2205,0.7131,0.529,0.6991,0.137,1,23,5,18,4.463491407656154,small
pay104863,cus2789,mer57,2025-05-10 07:17:00,1408.58,upi,bank_c,education_fees,issuer_decline,2,0.4974,0,,0.3897,0.3108,0.3612,0.1381,0.2935,1,7,5,10,7.2510470666590106,medium
pay105041,cus2712,mer95,2025-01-30 09:03:00,4545.83,upi,bank_a,education_fees,duplicate_payment_block,3,0.3559,0,,1.0,0.1137,0.1818,0.0,0.1737,0,9,3,30,8.422185565837767,medium
pay119315,cus2021,mer7,2025-05-08 08:10:00,938.15,debit_card,bank_c,ecommerce,account_blocked,1,0.0,0,,0.2811,0.0295,0.0153,0.0,0.1214,0,8,3,8,6.844975210859429,medium
pay108958,cus69,mer53,2025-03-18 06:43:00,403.07,upi,bank_g,ecommerce,insufficient_funds,3,0.4779,1,0.0,0.1361,0.0159,0.6634,0.2677,0.3914,0,6,1,18,6.001588130278833,small
pay106359,cus1371,mer87,2025-04-02 07:15:00,1098.27,upi,bank_c,food_delivery,network_timeout,1,0.7423,0,,0.2271,0.8233,0.1877,0.2064,0.4608,0,7,2,2,7.0024016021187405,medium
pay107566,cus2855,mer25,2025-03-17 07:30:00,5228.12,upi,bank_d,food_delivery,otp_expired,3,0.6502,1,0.0,0.6087,0.4308,0.4555,0.1605,0.3518,0,7,0,17,8.561998282863419,large
pay106190,cus3396,mer43,2025-06-12 08:08:00,809.21,upi,bank_d,travel,upi_server_busy,4,0.872,1,1.0,0.3519,1.0,0.2895,0.7106,0.4679,0,8,3,12,6.69729347332387,medium
pay112085,cus1594,mer13,2025-05-21 06:23:00,240.38,upi,bank_i,travel,upi_server_busy,4,0.8678,1,0.0,0.0617,0.7346,0.5547,0.7236,0.456,0,6,2,21,5.486372455189752,small
pay100426,cus2287,mer108,2025-06-05 13:51:00,1918.64,credit_card,bank_g,travel,issuer_decline,4,0.4794,1,0.0,0.2805,0.0845,0.2122,0.1807,0.0913,0,13,3,5,7.559892947441504,medium
pay111443,cus2249,mer36,2025-01-12 14:00:00,222.48,debit_card,bank_j,ecommerce,card_expired,4,0.0965,0,,0.3945,0.0,0.0,0.0,0.0,1,14,6,12,5.409321924590948,small
pay106915,cus2246,mer48,2025-06-12 09:57:00,1503.25,upi,bank_c,utility_bills,issuer_decline,3,0.4466,1,0.0,0.2409,0.2562,0.1851,0.1978,0.2728,0,9,3,12,7.316049714100461,medium
pay104564,cus552,mer77,2025-06-11 11:01:00,1099.25,debit_card,bank_c,utility_bills,network_timeout,2,0.8509,1,0.0,0.2375,0.4471,0.0893,0.3308,0.3817,0,11,2,11,7.003292705691201,medium
pay109214,cus1308,mer107,2025-06-11 00:14:00,2066.52,netbanking,bank_i,ecommerce,issuer_decline,1,0.4516,1,1.0,0.2778,0.1604,0.0917,0.0,0.0489,0,0,2,11,7.6341051003698,medium
pay118905,cus2124,mer96,2025-05-25 04:27:00,50.0,upi,bank_c,education_fees,bank_server_timeout,1,0.7859,1,1.0,0.7843,0.758,0.5262,0.0,0.3244,1,4,6,25,3.9318256327243257,small
pay111450,cus2948,mer68,2025-05-20 10:25:00,569.9,upi,bank_d,travel,issuer_decline,2,0.4905,0,,0.4647,0.3382,0.1497,0.2555,0.0,0,10,1,20,6.347214062970213,medium
pay114069,cus3210,mer23,2025-01-30 21:33:00,347.11,debit_card,bank_i,ecommerce,otp_expired,3,0.6617,1,0.0,0.0904,0.1655,0.2042,0.1246,0.3861,0,21,3,30,5.852518521781961,small
pay101600,cus2224,mer98,2025-02-24 06:29:00,1845.99,upi,bank_i,ecommerce,insufficient_funds,3,0.524,0,,0.3069,0.3466,0.5976,0.1543,0.5654,0,6,0,24,7.521312565999418,medium
pay112481,cus508,mer11,2025-04-26 05:07:00,150.35,debit_card,bank_f,ecommerce,bank_server_timeout,2,0.7405,1,1.0,0.1246,0.6255,0.479,0.7219,0.3191,1,5,5,26,5.019595035467727,small
pay105288,cus55,mer18,2025-02-17 16:00:00,187.73,upi,bank_i,travel,bank_server_timeout,4,0.7396,1,0.0,0.2818,0.7274,0.5748,0.7793,0.5572,0,16,0,17,5.2403174222500475,small
pay119158,cus2868,mer115,2025-04-20 17:10:00,1174.99,netbanking,bank_a,ecommerce,network_timeout,1,0.7531,0,,0.2059,0.3746,0.1589,0.081,0.3946,1,17,6,20,7.069865625021057,medium
pay106034,cus2238,mer21,2025-02-14 18:41:00,561.06,credit_card,bank_g,education_fees,upi_server_busy,2,0.8685,1,1.0,0.1474,0.5603,0.3271,0.5397,0.3222,0,18,4,14,6.331608605760917,medium
pay101076,cus2203,mer64,2025-05-09 01:42:00,1341.72,debit_card,bank_i,utility_bills,network_timeout,4,0.7841,0,,0.1287,0.6591,0.3038,0.4885,0.1876,0,1,4,9,7.202452686327823,medium
pay115149,cus2078,mer110,2025-01-02 13:38:00,904.76,upi,bank_d,ecommerce,issuer_decline,2,0.4222,1,0.0,0.4264,0.3372,0.0714,0.0464,0.0655,0,13,3,2,6.80877437028835,medium
pay102972,cus2004,mer113,2025-04-18 14:51:00,7500.08,credit_card,bank_b,utility_bills,issuer_decline,1,0.5093,0,,1.0,0.1475,0.0,0.0,0.1075,0,14,4,18,8.922802289157397,large
pay103491,cus2029,mer87,2025-04-25 09:37:00,1517.59,credit_card,bank_c,ecommerce,bank_server_timeout,2,0.7467,1,1.0,0.331,0.8908,0.3698,0.6054,0.4666,0,9,4,25,7.32553755174494,medium
pay117762,cus577,mer43,2025-02-19 21:55:00,1615.32,credit_card,bank_i,travel,duplicate_payment_block,1,0.2504,1,0.0,0.3161,0.0482,0.155,0.077,0.0116,0,21,2,19,7.387907239279688,medium
pay115579,cus1573,mer17,2025-02-13 00:39:00,281.71,debit_card,bank_g,food_delivery,bank_server_timeout,1,0.7667,0,,0.2447,0.7352,0.4424,0.2639,0.3179,0,0,3,13,5.644421637261052,small
pay110794,cus3258,mer35,2025-02-23 23:25:00,1590.62,upi,bank_a,subscription_saas,insufficient_funds,4,0.4573,1,0.0,0.3017,0.1094,0.7276,0.3423,0.2813,1,23,6,23,7.372507644445172,medium
pay101071,cus87,mer29,2025-02-07 15:07:00,78.04,credit_card,bank_c,food_delivery,insufficient_funds,4,0.5043,0,,0.0349,0.3336,0.4578,0.5217,0.3249,0,15,4,7,4.369954053439613,small
pay100994,cus3555,mer67,2025-04-06 08:09:00,435.28,credit_card,bank_d,utility_bills,issuer_decline,4,0.4673,1,0.0,0.2662,0.0729,0.1804,0.2691,0.2344,1,8,6,6,6.078284239060542,small
pay118606,cus754,mer34,2025-06-01 19:38:00,789.51,debit_card,bank_c,food_delivery,bank_server_timeout,3,0.8217,1,0.0,0.2717,0.7646,0.5098,0.9178,0.4174,1,19,6,1,6.672678306790893,medium
pay117655,cus696,mer48,2025-06-22 05:47:00,407.74,upi,bank_d,subscription_saas,insufficient_funds,2,0.5421,1,0.0,0.2893,0.3769,0.687,0.3068,0.3755,1,5,6,22,6.01307925708039,small
pay116625,cus1498,mer53,2025-01-06 14:18:00,591.49,upi,bank_b,travel,network_timeout,2,0.7326,1,1.0,0.1641,0.6724,0.3988,0.2802,0.3984,0,14,0,6,6.384333995229727,medium
pay110190,cus1052,mer63,2025-01-05 01:41:00,257.05,debit_card,bank_j,utility_bills,upi_server_busy,3,0.8286,1,1.0,0.322,0.6848,0.2764,0.5897,0.6544,1,1,6,5,5.553153364594737,small
pay107136,cus1641,mer24,2025-04-12 19:01:00,260.57,upi,bank_b,utility_bills,account_blocked,3,0.0721,1,0.0,0.8163,0.0,0.0233,0.0,0.0,1,19,5,12,5.566701934107833,small
pay115097,cus1020,mer103,2025-01-21 05:26:00,95.61,upi,bank_d,education_fees,upi_server_busy,4,0.8123,1,1.0,0.9065,1.0,0.1153,0.518,0.141,0,5,1,21,4.570682255529419,small
pay104948,cus3412,mer77,2025-02-17 15:54:00,319.27,upi,bank_g,travel,upi_server_busy,1,0.9511,1,1.0,0.1064,0.8927,0.4307,0.0,0.3501,0,15,0,17,5.76916439003684,small
pay104673,cus3149,mer28,2025-06-06 06:47:00,560.58,netbanking,bank_d,ecommerce,insufficient_funds,1,0.4315,1,0.0,0.3372,0.2265,0.612,0.0,0.4512,0,6,4,6,6.3307542395418475,medium
pay109028,cus50,mer31,2025-04-17 09:56:00,402.94,credit_card,bank_e,utility_bills,account_blocked,4,0.0476,0,,0.1885,0.0442,0.0069,0.0,0.0,0,9,3,17,6.0012663520802425,small
pay105745,cus543,mer87,2025-01-04 15:31:00,479.12,debit_card,bank_i,travel,issuer_decline,1,0.4713,1,1.0,0.1073,0.3673,0.2017,0.051,0.2545,1,15,5,4,6.174036072657144,small
pay105835,cus1327,mer76,2025-06-03 18:59:00,2075.36,upi,bank_d,food_delivery,network_timeout,3,0.7575,0,,0.49,0.6574,0.4016,0.3243,0.3179,0,18,1,3,7.638371639656557,medium
pay118329,cus90,mer78,2025-03-30 10:07:00,304.36,upi,bank_h,utility_bills,issuer_decline,4,0.459,0,,0.2521,0.1202,0.322,0.3266,0.0559,1,10,6,30,5.721491408436974,small
pay104087,cus1115,mer51,2025-06-17 05:59:00,679.6,upi,bank_c,ecommerce,issuer_decline,1,0.4057,0,,0.2779,0.0603,0.1911,0.0,0.2809,0,5,1,17,6.522974762066806,medium
pay115396,cus1035,mer40,2025-02-08 06:17:00,2195.47,debit_card,bank_c,utility_bills,insufficient_funds,3,0.5167,0,,0.3666,0.3167,0.5935,0.3735,0.4264,1,6,5,8,7.6946068052301415,medium
pay116739,cus939,mer23,2025-01-22 01:39:00,1102.2,upi,bank_i,education_fees,upi_server_busy,4,0.8352,1,1.0,0.2003,0.403,0.3735,0.7394,0.3894,0,1,2,22,7.005970326479092,medium
pay100915,cus1145,mer2,2025-03-24 12:59:00,1476.99,upi,bank_a,food_delivery,bank_server_timeout,1,0.8046,1,1.0,0.3711,0.6876,0.3034,0.0,0.3942,0,12,0,24,7.298438335585393,medium
pay102276,cus2457,mer66,2025-02-07 19:07:00,730.24,debit_card,bank_c,food_delivery,network_timeout,1,0.7355,1,1.0,0.2463,0.5712,0.1647,0.0,0.3682,0,19,4,7,6.594741723238885,medium
pay112927,cus3813,mer102,2025-02-17 23:44:00,1509.77,upi,bank_a,ecommerce,insufficient_funds,2,0.4832,1,0.0,0.2506,0.0884,0.6132,0.0557,0.2152,0,23,0,17,7.32037473361176,medium
pay101859,cus1287,mer78,2025-05-13 07:46:00,8836.49,netbanking,bank_b,education_fees,insufficient_funds,1,0.4188,0,,0.5127,0.1798,0.4151,0.0903,0.4214,0,7,1,13,9.086758178662462,large
pay101670,cus3025,mer105,2025-05-18 08:38:00,445.5,debit_card,bank_d,subscription_saas,bank_server_timeout,2,0.8377,0,,0.2918,0.6608,0.5254,0.552,0.1338,1,8,6,18,6.101439400316553,small
pay105276,cus443,mer37,2025-02-14 21:31:00,1335.28,credit_card,bank_h,travel,bank_server_timeout,3,0.9138,1,1.0,0.2212,0.4977,0.5155,0.7713,0.1238,0,21,4,14,7.197644912975918,medium
pay102336,cus363,mer28,2025-03-23 20:42:00,415.2,upi,bank_b,ecommerce,upi_server_busy,1,0.885,1,1.0,0.0909,0.491,0.2867,0.0,0.4147,1,20,6,23,6.031165913959534,small
pay105783,cus1432,mer74,2025-06-26 15:07:00,2018.46,upi,bank_e,food_delivery,card_expired,3,0.1272,0,,0.258,0.054,0.0,0.2548,0.0545,0,15,3,26,7.610585427924417,medium
pay113861,cus2340,mer52,2025-02-13 11:11:00,916.34,credit_card,bank_h,food_delivery,upi_server_busy,4,0.9347,1,0.0,0.2847,0.2737,0.2534,0.5752,0.2484,0,11,3,13,6.821478177800578,medium
pay116514,cus1999,mer67,2025-04-19 15:00:00,513.85,upi,bank_j,food_delivery,insufficient_funds,4,0.5715,0,,0.2641,0.2137,0.5244,0.0926,0.2595,1,15,5,19,6.24387559610276,medium
pay115524,cus1595,mer110,2025-05-15 17:36:00,415.31,upi,bank_d,food_delivery,insufficient_funds,2,0.5181,1,0.0,0.3148,0.3099,0.3951,0.05,0.3345,0,17,3,15,6.031430175051029,small
pay110331,cus2072,mer59,2025-05-13 00:41:00,810.26,upi,bank_f,food_delivery,otp_expired,2,0.53,0,,0.2469,0.2725,0.2121,0.2328,0.1997,0,0,1,13,6.698588594598721,medium
pay111940,cus1521,mer21,2025-02-23 12:12:00,223.76,debit_card,bank_i,education_fees,network_timeout,2,0.746,1,0.0,0.1392,0.5219,0.2208,0.3776,0.4136,1,12,6,23,5.415033166243997,small
pay105422,cus140,mer69,2025-01-14 05:58:00,876.6,upi,bank_b,education_fees,insufficient_funds,2,0.4306,0,,0.1352,0.0268,0.489,0.1764,0.3612,0,5,1,14,6.77719090896102,medium
pay107092,cus3342,mer66,2025-03-17 22:06:00,237.81,upi,bank_f,food_delivery,insufficient_funds,2,0.5384,1,1.0,0.1326,0.3662,0.4696,0.0006,0.3378,0,22,0,17,5.475668256688571,small
pay106098,cus1182,mer58,2025-05-23 01:25:00,293.87,netbanking,bank_a,food_delivery,otp_expired,2,0.6425,1,1.0,0.1578,0.2883,0.4086,0.1623,0.3362,0,1,4,23,5.686534581246648,small
pay110815,cus1587,mer33,2025-01-30 09:57:00,10058.85,credit_card,bank_g,travel,insufficient_funds,3,0.5095,1,0.0,0.4656,0.351,0.733,0.2643,0.2292,0,9,3,30,9.216307533005788,large
pay101710,cus1694,mer34,2025-03-03 16:12:00,160.02,upi,bank_f,subscription_saas,issuer_decline,1,0.4267,0,,0.2296,0.3267,0.2614,0.1584,0.1867,0,16,0,3,5.081528580871835,small
pay114715,cus997,mer68,2025-01-26 10:14:00,207.06,credit_card,bank_i,food_delivery,issuer_decline,3,0.4369,0,,0.0662,0.2752,0.0,0.0,0.073,1,10,6,26,5.337826499642749,small
pay114598,cus1979,mer63,2025-03-13 19:50:00,1344.48,upi,bank_a,ecommerce,insufficient_funds,1,0.5102,1,0.0,0.1386,0.1451,0.5321,0.1105,0.3735,0,19,3,13,7.2045061056937945,medium
pay100979,cus903,mer82,2025-04-12 20:08:00,590.3,upi,bank_j,food_delivery,insufficient_funds,2,0.5018,0,,0.9797,0.0213,0.5339,0.2626,0.2087,1,20,5,12,6.382323502826784,medium
pay110045,cus2889,mer64,2025-06-08 05:47:00,80.83,credit_card,bank_a,food_delivery,otp_expired,2,0.5267,1,0.0,0.1219,0.4436,0.4126,0.3157,0.3209,1,5,6,8,4.4046439245392905,small
pay103329,cus3024,mer112,2025-06-15 03:09:00,581.45,upi,bank_a,ecommerce,issuer_decline,4,0.4765,0,,0.2073,0.2357,0.1821,0.1457,0.1556,1,3,6,15,6.367243344845786,medium
pay112450,cus511,mer67,2025-04-28 12:11:00,8543.59,upi,bank_b,ecommerce,insufficient_funds,2,0.511,1,1.0,0.423,0.3394,0.553,0.1516,0.3689,0,12,0,28,9.053053613122954,large
pay110861,cus265,mer58,2025-03-06 07:34:00,893.92,upi,bank_a,education_fees,otp_expired,4,0.5525,1,0.0,0.1476,0.3409,0.3557,0.2541,0.0718,0,7,3,6,6.796734328804876,medium
pay114915,cus992,mer55,2025-05-26 06:15:00,313.94,debit_card,bank_f,food_delivery,otp_expired,1,0.5966,1,0.0,0.2197,0.4291,0.6655,0.0534,0.2107,0,6,0,26,5.752382144492263,small
pay119861,cus3038,mer70,2025-05-24 18:10:00,960.65,debit_card,bank_i,food_delivery,bank_server_timeout,2,0.7712,1,0.0,0.196,0.68,0.4776,0.7938,0.4012,1,18,5,24,6.868650559101376,medium
pay119397,cus2853,mer44,2025-02-26 14:59:00,2750.03,credit_card,bank_g,education_fees,account_blocked,3,0.0,0,,0.2951,0.1595,0.0,0.1956,0.0,0,14,2,26,7.919730665990523,medium
pay110979,cus375,mer120,2025-05-15 06:14:00,2361.57,netbanking,bank_c,travel,insufficient_funds,1,0.5045,1,1.0,0.9907,0.3923,0.5325,0.0927,0.2782,0,6,3,15,7.767505288558579,medium
pay104776,cus2775,mer90,2025-03-02 09:20:00,237.32,upi,bank_i,travel,upi_server_busy,4,0.908,1,0.0,0.0848,0.7724,0.3184,0.6846,0.3112,1,9,6,2,5.473614308405026,small
pay112815,cus1183,mer109,2025-02-07 13:49:00,133.03,upi,bank_c,education_fees,network_timeout,2,0.7852,1,0.0,0.109,0.3809,0.2338,0.4888,0.2039,0,13,4,7,4.898063655490406,small
pay106385,cus3655,mer81,2025-04-10 14:49:00,356.36,upi,bank_j,education_fees,issuer_decline,2,0.3911,1,0.0,0.4234,0.165,0.2492,0.2819,0.0,0,14,3,10,5.878743677043864,small
pay116110,cus3463,mer19,2025-01-02 21:57:00,608.84,debit_card,bank_h,ecommerce,issuer_decline,4,0.5266,0,,0.186,0.0,0.2028,0.1003,0.4883,0,21,3,2,6.413196627680018,medium
pay110534,cus417,mer43,2025-06-10 14:24:00,67.68,upi,bank_g,utility_bills,issuer_decline,3,0.4132,1,0.0,0.2148,0.2015,0.0851,0.1716,0.3498,0,14,1,10,4.229458036029275,small
pay119799,cus3716,mer51,2025-01-17 20:04:00,6546.03,upi,bank_c,travel,card_expired,2,0.1271,0,,0.4474,0.0,0.0,0.0,0.1073,0,20,4,17,8.786766790682005,large
pay112899,cus68,mer53,2025-05-17 21:55:00,148.15,upi,bank_g,utility_bills,network_timeout,2,0.7202,0,,0.086,0.4479,0.4323,0.2482,0.2744,1,21,5,17,5.0049525109607576,small
pay105402,cus359,mer44,2025-05-02 04:27:00,5657.93,debit_card,bank_h,travel,bank_server_timeout,1,0.7377,0,,0.4766,0.8171,0.4989,0.0927,0.3693,0,4,4,2,8.640990107389397,large
pay119423,cus889,mer56,2025-01-13 14:37:00,1228.52,netbanking,bank_g,travel,card_expired,2,0.0645,0,,0.2773,0.0182,0.0764,0.1793,0.1269,0,14,0,13,7.114379128299056,medium
pay108739,cus2219,mer14,2025-03-19 18:06:00,6589.66,credit_card,bank_a,subscription_saas,insufficient_funds,4,0.4522,0,,0.4176,0.3217,0.5105,0.1694,0.4559,0,18,2,19,8.79340877422677,large
pay110060,cus3026,mer94,2025-01-20 19:38:00,18650.7,upi,bank_e,ecommerce,card_expired,4,0.0403,0,,0.3899,0.1361,0.0,0.0313,0.091,0,19,0,20,9.83369257373281,large
pay118578,cus3922,mer19,2025-02-02 22:23:00,362.31,upi,bank_f,education_fees,insufficient_funds,4,0.4029,0,,0.0852,0.306,0.6551,0.2722,0.4586,1,22,6,2,5.895256464309389,small
pay105776,cus1568,mer93,2025-03-13 15:04:00,110.34,netbanking,bank_g,food_delivery,card_expired,2,0.0,0,,0.191,0.0,0.132,0.0,0.0,0,15,3,13,4.7125885827553615,small
pay118859,cus66,mer107,2025-05-31 02:18:00,172.74,upi,bank_d,ecommerce,otp_expired,1,0.6603,1,0.0,0.4773,0.2858,0.4713,0.0429,0.4132,1,2,5,31,5.157559928831774,small
pay115910,cus3650,mer81,2025-05-27 13:31:00,228.3,debit_card,bank_b,food_delivery,network_timeout,4,0.866,1,0.0,0.0891,0.6884,0.3157,0.4952,0.5584,0,13,1,27,5.435031189863859,small
pay114552,cus2303,mer11,2025-01-15 16:25:00,428.25,upi,bank_f,utility_bills,bank_server_timeout,1,0.7568,1,1.0,0.0666,0.826,0.5823,0.1715,0.2762,0,16,2,15,6.062039499777585,small
pay103279,cus501,mer36,2025-05-12 08:48:00,4787.05,upi,bank_d,ecommerce,insufficient_funds,1,0.5188,1,0.0,0.6982,0.4183,0.555,0.0,0.2444,0,8,0,12,8.47387850939694,medium
pay103395,cus2961,mer113,2025-05-24 03:24:00,645.44,upi,bank_b,utility_bills,otp_expired,1,0.6763,1,1.0,0.1923,0.5822,0.4199,0.0,0.3137,1,3,5,24,6.471480386480443,medium
pay106925,cus1750,mer41,2025-01-02 05:00:00,160.45,netbanking,bank_d,travel,insufficient_funds,4,0.4459,1,1.0,0.4476,0.3252,0.6718,0.1637,0.4576,0,5,3,2,5.084195497204284,small
pay108548,cus626,mer78,2025-01-17 16:40:00,182.95,debit_card,bank_c,education_fees,bank_server_timeout,2,0.8438,1,0.0,0.1709,0.5822,0.589,0.6813,0.3671,0,16,4,17,5.214663981550784,small
pay118900,cus928,mer43,2025-02-06 16:17:00,424.57,debit_card,bank_i,ecommerce,insufficient_funds,3,0.4606,0,,0.838,0.0966,0.4476,0.1975,0.5728,0,16,3,6,6.053429446821183,small
pay112389,cus2985,mer3,2025-01-08 22:42:00,918.7,upi,bank_f,subscription_saas,issuer_decline,1,0.4852,1,0.0,0.2739,0.1365,0.1967,0.0,0.154,0,22,2,8,6.824047529908652,medium
pay105730,cus170,mer21,2025-05-31 06:49:00,245.9,debit_card,bank_a,travel,otp_expired,1,0.6222,0,,0.1511,0.6613,0.2915,0.0,0.3672,1,6,5,31,5.508983396351134,small
pay110863,cus1232,mer3,2025-03-21 17:23:00,1736.04,upi,bank_j,food_delivery,card_expired,1,0.0233,0,,0.3786,0.0,0.0,0.064,0.1989,0,17,4,21,7.4599377941855165,medium
pay104081,cus3647,mer25,2025-02-21 06:22:00,469.87,upi,bank_b,ecommerce,insufficient_funds,2,0.4653,0,,0.1714,0.1629,0.7774,0.0,0.5027,0,6,4,21,6.154582047426494,small
pay110799,cus146,mer103,2025-01-08 08:24:00,5189.22,upi,bank_g,ecommerce,issuer_decline,2,0.4003,0,,0.4299,0.2851,0.2236,0.1309,0.0946,0,8,2,8,8.554531364471556,large
pay103477,cus3018,mer114,2025-04-06 15:11:00,749.98,credit_card,bank_c,ecommerce,issuer_decline,2,0.4822,0,,0.246,0.2283,0.3172,0.1817,0.0,1,15,6,6,6.621379020251064,medium
pay115968,cus3127,mer34,2025-04-19 12:33:00,2521.21,netbanking,bank_a,education_fees,upi_server_busy,2,0.9085,1,1.0,0.2716,0.5809,0.4505,0.6837,0.1649,1,12,5,19,7.832890780306555,medium
pay100910,cus2382,mer16,2025-05-19 15:30:00,5025.55,debit_card,bank_c,ecommerce,issuer_decline,1,0.4484,0,,0.4062,0.3485,0.1342,0.2338,0.0,0,15,0,19,8.52248914307542,large
pay115291,cus1586,mer45,2025-02-15 16:46:00,2541.63,upi,bank_a,ecommerce,network_timeout,3,0.6806,0,,0.3867,0.8719,0.3061,0.453,0.3291,1,16,5,15,7.840954257392376,medium
pay107171,cus961,mer1,2025-05-25 03:05:00,1324.24,upi,bank_g,food_delivery,card_expired,4,0.0,0,,0.1937,0.0,0.0605,0.1031,0.0289,1,3,6,25,7.18934885409336,medium
pay107247,cus249,mer14,2025-05-31 09:25:00,632.63,upi,bank_h,utility_bills,bank_server_timeout,4,0.7367,1,1.0,0.2129,0.6554,0.4674,0.7156,0.1668,1,9,5,31,6.4514651878641605,medium
pay108550,cus1960,mer67,2025-06-07 20:33:00,1394.76,upi,bank_i,travel,issuer_decline,3,0.401,0,,0.2502,0.0,0.1246,0.064,0.0493,1,20,5,7,7.241194348771646,medium
pay100221,cus285,mer92,2025-03-24 00:57:00,166.88,debit_card,bank_b,food_delivery,account_blocked,3,0.0,0,,0.1533,0.0,0.0,0.0,0.0063,0,0,0,24,5.12324943846539,small
pay105727,cus574,mer101,2025-01-19 18:21:00,3033.8,netbanking,bank_a,education_fees,network_timeout,2,0.7494,1,0.0,0.3069,0.4059,0.0121,0.4137,0.3492,1,18,6,19,8.01790080346392,medium
pay106284,cus1079,mer61,2025-03-25 21:33:00,570.81,debit_card,bank_d,food_delivery,bank_server_timeout,3,0.7593,0,,0.3528,0.6951,0.1315,0.5384,0.4872,0,21,1,25,6.348806768367676,medium
pay108372,cus2595,mer14,2025-04-28 09:33:00,115.86,upi,bank_b,travel,issuer_decline,2,0.4691,0,,0.2211,0.2446,0.2855,0.2955,0.1755,0,9,0,28,4.760976637126291,small
pay119941,cus2238,mer6,2025-05-01 11:20:00,66.59,netbanking,bank_d,education_fees,upi_server_busy,1,0.8622,1,0.0,0.3608,0.4474,0.2506,0.0769,0.2601,0,11,3,1,4.213460043112263,small
pay105158,cus2161,mer37,2025-01-25 20:07:00,435.57,upi,bank_g,education_fees,account_blocked,1,0.0735,0,,0.1092,0.0654,0.0,0.043,0.0458,1,20,5,25,6.078948728974435,small
pay110357,cus3509,mer108,2025-04-01 18:11:00,395.11,upi,bank_c,education_fees,duplicate_payment_block,2,0.2853,0,,0.1846,0.0,0.2048,0.0,0.2823,0,18,1,1,5.981691950459155,small
pay109546,cus2190,mer51,2025-01-04 00:32:00,325.87,upi,bank_a,food_delivery,insufficient_funds,1,0.4865,1,0.0,0.265,0.0266,0.6867,0.0,0.3514,1,0,5,4,5.789562538335084,small
pay100040,cus121,mer75,2025-01-30 17:47:00,756.26,upi,bank_d,ecommerce,upi_server_busy,2,0.818,0,,0.4106,0.7028,0.2823,0.5802,0.5806,0,17,3,30,6.629706655498595,medium
pay117314,cus2959,mer107,2025-04-29 11:46:00,401.87,upi,bank_b,subscription_saas,bank_server_timeout,2,0.7869,1,1.0,0.2363,0.444,0.4477,0.6495,0.2377,0,11,1,29,5.998613929261194,small
pay107306,cus1108,mer97,2025-04-08 05:56:00,166.84,netbanking,bank_f,utility_bills,network_timeout,4,0.7512,0,,0.141,0.3878,0.3427,0.5196,0.4374,0,5,1,8,5.123011144647987,small
pay109404,cus725,mer98,2025-05-18 10:20:00,4339.68,credit_card,bank_j,education_fees,insufficient_funds,2,0.4675,1,1.0,0.5465,0.3095,0.3338,0.1461,0.5075,1,10,6,18,8.375786296848753,medium
pay102811,cus3700,mer16,2025-02-21 11:43:00,344.74,upi,bank_e,ecommerce,insufficient_funds,4,0.5644,0,,0.1922,0.1112,0.361,0.1975,0.3974,0,11,4,21,5.845687047494641,small
pay115770,cus2034,mer110,2025-04-29 02:03:00,87.22,credit_card,bank_d,utility_bills,insufficient_funds,3,0.4575,0,,0.2877,0.614,0.5662,0.1143,0.3689,0,2,1,29,4.479833694676794,small
pay113429,cus1886,mer22,2025-04-23 19:40:00,120.51,credit_card,bank_e,travel,bank_server_timeout,2,0.8176,0,,0.2338,0.5884,0.2941,0.7199,0.3178,0,19,2,23,4.79999656392052,small
pay119166,cus3940,mer14,2025-04-03 16:16:00,65.84,credit_card,bank_e,education_fees,bank_server_timeout,1,0.7708,1,1.0,0.1835,0.6379,0.4451,0.0,0.3572,0,16,3,3,4.202301703727193,small
pay119877,cus3800,mer86,2025-03-10 06:58:00,750.69,upi,bank_i,utility_bills,card_expired,4,0.0674,0,,0.1631,0.0507,0.0,0.0,0.0,0,6,0,10,6.622324004915475,medium
pay114859,cus624,mer40,2025-06-17 05:02:00,1280.44,debit_card,bank_b,utility_bills,network_timeout,2,0.6326,0,,0.2091,0.7067,0.1117,0.2939,0.1576,0,5,1,17,7.155739724575372,medium
pay105222,cus3712,mer81,2025-06-15 19:35:00,635.41,upi,bank_a,ecommerce,bank_server_timeout,4,0.791,1,1.0,0.1492,0.6704,0.388,0.7613,0.2877,1,19,6,15,6.455843009727984,medium
pay117728,cus1897,mer14,2025-01-05 09:20:00,530.21,upi,bank_j,subscription_saas,upi_server_busy,1,0.9066,1,1.0,0.4122,0.6764,0.3939,0.1095,0.4838,1,9,6,5,6.2751574232862355,medium
pay112764,cus626,mer77,2025-03-07 17:46:00,1879.27,debit_card,bank_j,ecommerce,network_timeout,2,0.6542,1,1.0,0.4261,0.7629,0.0,0.3849,0.3956,0,17,4,7,7.539170662533334,medium
pay114517,cus94,mer59,2025-05-09 02:42:00,371.03,credit_card,bank_j,travel,insufficient_funds,2,0.4909,1,1.0,0.2683,0.115,0.6078,0.0692,0.3093,0,2,4,9,5.91897449618279,small
pay113873,cus691,mer34,2025-06-12 23:58:00,906.63,upi,bank_g,food_delivery,issuer_decline,2,0.2826,0,,0.2159,0.4699,0.2835,0.211,0.1905,0,23,3,12,6.810836806568311,medium
pay102032,cus2321,mer43,2025-01-17 07:48:00,2236.94,upi,bank_d,travel,bank_server_timeout,3,0.7527,1,1.0,0.4425,0.7032,0.6763,0.8542,0.3703,0,7,4,17,7.713311078861011,medium
pay113307,cus1558,mer21,2025-04-05 12:25:00,2491.75,netbanking,bank_c,utility_bills,insufficient_funds,3,0.5174,1,1.0,0.3906,0.1272,0.509,0.1393,0.5482,1,12,5,5,7.821141797708902,medium
pay108785,cus727,mer71,2025-04-04 09:47:00,187.34,debit_card,bank_e,subscription_saas,bank_server_timeout,4,0.8371,1,1.0,0.172,0.796,0.579,0.5744,0.3366,0,9,4,4,5.238248840081917,small
pay115161,cus3275,mer49,2025-02-16 12:53:00,189.21,credit_card,bank_i,utility_bills,issuer_decline,4,0.435,1,0.0,0.1026,0.0,0.2724,0.1621,0.0104,1,12,6,16,5.24812872496475,small
pay110847,cus461,mer86,2025-01-02 02:18:00,957.55,upi,bank_e,education_fees,insufficient_funds,1,0.5388,1,0.0,0.1992,0.2031,0.7853,0.0,0.4485,0,2,3,2,6.865421725966058,medium
pay106453,cus2125,mer5,2025-05-02 21:24:00,338.26,upi,bank_g,food_delivery,issuer_decline,3,0.4636,0,,0.2145,0.1922,0.0692,0.2324,0.1996,0,21,4,2,5.8267667750675765,small
pay111751,cus1865,mer111,2025-03-28 00:03:00,1105.11,credit_card,bank_f,subscription_saas,card_expired,3,0.0412,0,,0.3953,0.0,0.0236,0.0222,0.0159,0,0,4,28,7.008604634641231,medium
pay119948,cus2299,mer19,2025-04-26 15:14:00,2120.45,netbanking,bank_a,food_delivery,upi_server_busy,1,0.8303,1,1.0,0.277,0.4984,0.4857,0.0,0.6167,1,15,5,26,7.659855096134619,medium
pay115931,cus848,mer57,2025-05-27 13:03:00,718.61,upi,bank_c,education_fees,network_timeout,1,0.8125,1,0.0,0.1584,0.4673,0.0,0.0064,0.495,0,13,1,27,6.578709398589049,medium
pay101888,cus307,mer87,2025-01-12 01:34:00,3991.51,upi,bank_b,utility_bills,card_expired,1,0.0078,0,,0.4428,0.0977,0.0,0.0,0.0,1,1,6,12,8.292175384782336,medium
pay116452,cus1727,mer108,2025-05-26 01:49:00,50.0,upi,bank_c,education_fees,issuer_decline,1,0.4138,0,,0.1016,0.2366,0.197,0.0,0.2403,0,1,0,26,3.9318256327243257,small
pay111548,cus2233,mer68,2025-02-27 22:40:00,50.0,debit_card,bank_f,travel,bank_server_timeout,3,0.7694,1,1.0,0.1232,0.6317,0.6136,0.881,0.1338,0,22,3,27,3.9318256327243257,small
pay113758,cus3950,mer87,2025-06-24 18:04:00,928.58,credit_card,bank_j,travel,insufficient_funds,3,0.5459,0,,0.3879,0.0486,0.5127,0.2699,0.4787,0,18,1,24,6.834732871236255,medium
pay111368,cus3435,mer17,2025-06-03 17:32:00,1025.41,netbanking,bank_c,subscription_saas,otp_expired,2,0.6391,0,,0.2218,0.0806,0.0893,0.3425,0.3945,0,17,1,3,6.933822556044301,medium
pay113379,cus2598,mer51,2025-03-27 14:07:00,433.51,debit_card,bank_c,food_delivery,insufficient_funds,1,0.4177,0,,0.1748,0.3054,0.6067,0.0388,0.3638,0,14,3,27,6.07421895940033,small
pay114621,cus520,mer4,2025-03-11 15:04:00,373.19,upi,bank_e,travel,network_timeout,4,0.7038,1,1.0,0.2388,0.5342,0.2166,0.4161,0.3914,0,15,1,11,5.924763689805728,small
pay107825,cus3889,mer5,2025-06-05 18:40:00,1109.3,upi,bank_h,food_delivery,issuer_decline,2,0.4538,1,1.0,0.2547,0.1577,0.1199,0.1143,0.0869,0,18,3,5,7.01238552806022,medium
pay104532,cus3138,mer85,2025-05-07 18:34:00,777.06,upi,bank_h,subscription_saas,card_expired,3,0.0,0,,0.2175,0.0321,0.1491,0.0101,0.0504,0,18,2,7,6.656803642027356,medium
pay108710,cus2579,mer24,2025-02-13 02:47:00,1952.16,upi,bank_d,utility_bills,duplicate_payment_block,4,0.3372,0,,0.3284,0.0386,0.0988,0.0438,0.0789,0,2,3,13,7.577203852764205,medium
pay106418,cus711,mer102,2025-06-26 14:09:00,217.61,upi,bank_d,ecommerce,account_blocked,3,0.0381,0,,0.8744,0.0,0.0479,0.0111,0.0289,0,14,3,26,5.387289320350301,small
pay116126,cus576,mer58,2025-04-24 05:28:00,605.55,upi,bank_a,utility_bills,duplicate_payment_block,2,0.1851,0,,0.1952,0.0,0.3546,0.1192,0.1547,0,5,3,24,6.407787165216928,medium
pay101918,cus3358,mer14,2025-03-23 06:45:00,503.38,upi,bank_g,education_fees,otp_expired,3,0.6561,0,,0.1577,0.4295,0.3539,0.1824,0.1334,1,6,6,23,6.223329952234061,medium
pay105607,cus1050,mer70,2025-04-18 06:06:00,4244.89,upi,bank_e,education_fees,insufficient_funds,3,0.4775,0,,0.2977,0.1665,0.733,0.262,0.349,0,6,4,18,8.353706735191865,medium
pay108446,cus2462,mer87,2025-03-31 20:44:00,147.75,upi,bank_d,travel,duplicate_payment_block,1,0.3256,0,,0.1769,0.0,0.144,0.0575,0.0,0,20,0,31,5.002267044425739,small
pay119902,cus667,mer64,2025-06-28 23:34:00,280.61,upi,bank_a,utility_bills,insufficient_funds,4,0.4614,0,,0.0457,0.0471,0.8144,0.109,0.2516,1,23,5,28,5.64052313501701,small
pay106971,cus810,mer61,2025-05-15 22:50:00,109.31,credit_card,bank_d,food_delivery,issuer_decline,4,0.3738,0,,0.287,0.2019,0.2325,0.2259,0.1337,0,22,3,15,4.7032945839812905,small
pay107849,cus2235,mer37,2025-02-07 07:46:00,2307.8,upi,bank_a,utility_bills,otp_expired,1,0.5911,1,1.0,0.3814,0.5637,0.4135,0.0455,0.2286,0,7,4,7,7.744483188019607,medium
pay100960,cus3426,mer90,2025-01-28 14:52:00,237.84,upi,bank_e,utility_bills,insufficient_funds,4,0.4194,0,,0.1849,0.5456,0.4838,0.1844,0.4163,0,14,1,28,5.475793871678792,small
pay111944,cus87,mer72,2025-05-13 18:19:00,414.2,credit_card,bank_j,ecommerce,issuer_decline,4,0.3939,0,,0.4504,0.3473,0.1621,0.0956,0.1771,0,18,1,13,6.028760331851679,small
pay100376,cus1070,mer53,2025-05-13 14:11:00,50.0,upi,bank_c,food_delivery,card_expired,3,0.1378,0,,0.106,0.0269,0.0059,0.054,0.0,0,14,1,13,3.9318256327243257,small
pay111926,cus1976,mer20,2025-01-29 11:48:00,282.44,upi,bank_h,food_delivery,network_timeout,3,0.7,0,,0.1124,0.5921,0.2614,0.4987,0.2521,0,11,2,29,5.647000460557217,small
pay103164,cus1661,mer19,2025-01-24 01:47:00,108.22,debit_card,bank_d,ecommerce,insufficient_funds,2,0.5139,0,,0.3088,0.4642,0.4505,0.2858,0.3384,0,1,4,24,4.693364196724008,small
pay106716,cus2224,mer16,2025-04-12 13:29:00,2426.15,upi,bank_b,education_fees,account_blocked,1,0.0,0,,0.299,0.0,0.0,0.0,0.0434,1,13,5,12,7.794473008513926,medium
pay116300,cus2454,mer67,2025-04-18 23:04:00,6673.98,upi,bank_b,utility_bills,upi_server_busy,3,0.8429,0,,0.4759,0.7556,0.4848,0.805,0.2191,0,23,4,18,8.80612148700928,large
pay111205,cus1949,mer102,2025-06-11 12:16:00,2156.52,upi,bank_g,education_fees,upi_server_busy,2,0.8485,0,,0.2152,0.2472,0.3556,0.7609,0.3722,0,12,2,11,7.67671469290303,medium
pay104198,cus3214,mer120,2025-06-21 10:59:00,1767.08,debit_card,bank_j,travel,insufficient_funds,2,0.5625,1,0.0,0.4048,0.3592,0.356,0.2327,0.215,1,10,5,21,7.477649491042667,medium
pay110687,cus3748,mer59,2025-04-15 20:06:00,349.96,debit_card,bank_a,utility_bills,issuer_decline,3,0.425,0,,0.2076,0.0,0.3923,0.2889,0.0386,0,20,1,15,5.860672256857958,small
pay115972,cus2114,mer105,2025-05-27 18:54:00,278.04,debit_card,bank_a,travel,card_expired,2,0.0347,0,,0.14,0.2006,0.0,0.0,0.0699,0,18,1,27,5.631355140720615,small
pay107709,cus2058,mer113,2025-04-19 16:42:00,267.97,netbanking,bank_i,food_delivery,card_expired,4,0.1008,0,,0.1897,0.0,0.0467,0.0,0.0856,1,16,5,19,5.594599849218988,small
pay113058,cus845,mer80,2025-02-11 21:21:00,299.88,credit_card,bank_a,food_delivery,issuer_decline,2,0.5018,1,0.0,0.1314,0.2283,0.1591,0.1716,0.1086,0,21,1,11,5.706711514162081,small
pay118861,cus3884,mer34,2025-03-31 08:12:00,3303.9,upi,bank_j,food_delivery,network_timeout,3,0.7446,0,,0.5602,0.8082,0.2562,0.5352,0.4564,0,8,0,31,8.103161494641947,medium
pay113668,cus3795,mer71,2025-02-18 14:48:00,293.44,upi,bank_j,education_fees,network_timeout,3,0.7469,1,0.0,0.1778,0.4432,0.2385,0.2089,0.1297,0,14,1,18,5.685075247190505,small
pay102720,cus804,mer81,2025-04-23 19:05:00,421.14,upi,bank_h,food_delivery,bank_server_timeout,4,0.8465,0,,0.1589,0.4235,0.3447,0.6416,0.6045,0,19,2,23,6.045337012572472,small
pay110780,cus2054,mer50,2025-02-08 07:09:00,676.43,debit_card,bank_g,subscription_saas,upi_server_busy,3,0.9165,0,,0.2261,0.7892,0.5539,0.5997,0.6373,1,7,5,8,6.51830622638266,medium
pay100694,cus2570,mer74,2025-01-17 05:15:00,1906.45,upi,bank_e,food_delivery,insufficient_funds,4,0.4888,1,0.0,0.3191,0.3877,0.6126,0.3937,0.4215,0,5,4,17,7.5535225504952725,medium
pay105137,cus1708,mer90,2025-04-28 21:35:00,204.47,credit_card,bank_a,ecommerce,otp_expired,3,0.6248,1,0.0,0.1516,0.2145,0.3807,0.1885,0.3703,0,21,0,28,5.325300037877923,small
pay111002,cus3315,mer32,2025-04-25 08:23:00,166.85,credit_card,bank_g,education_fees,insufficient_funds,4,0.5144,1,1.0,0.0497,0.1954,0.5117,0.0549,0.2136,0,8,4,25,5.123070723426044,small
pay112308,cus1946,mer56,2025-06-01 20:27:00,6647.87,debit_card,bank_a,ecommerce,bank_server_timeout,1,0.8269,1,1.0,0.4421,0.4949,0.3353,0.0,0.5387,1,20,6,1,8.802202194399014,large
pay118689,cus2595,mer102,2025-04-24 10:42:00,102.61,debit_card,bank_a,ecommerce,otp_expired,3,0.6191,1,0.0,0.2019,0.2705,0.5241,0.2118,0.5549,0,10,3,24,4.640633850263661,small
pay109800,cus3680,mer58,2025-05-09 04:04:00,361.29,debit_card,bank_h,utility_bills,card_expired,4,0.039,0,,0.1866,0.1135,0.0247,0.0,0.087,0,4,4,9,5.89244499608483,small
pay119935,cus3036,mer29,2025-05-23 09:04:00,648.31,debit_card,bank_g,subscription_saas,otp_expired,2,0.6415,1,0.0,0.2208,0.3299,0.2762,0.2324,0.609,0,9,4,23,6.4759102605971375,medium
pay112846,cus2163,mer77,2025-03-16 09:37:00,308.29,debit_card,bank_e,utility_bills,upi_server_busy,4,0.8095,0,,0.2148,0.9915,0.4868,0.7577,0.5775,1,9,6,16,5.734279348098205,small
pay117535,cus1795,mer2,2025-06-27 05:06:00,8639.79,upi,bank_d,subscription_saas,network_timeout,4,0.7314,0,,0.6687,0.5898,0.2932,0.2809,0.3821,0,5,4,27,9.064249292803344,large
pay114608,cus2681,mer94,2025-03-03 08:02:00,2298.93,upi,bank_j,education_fees,issuer_decline,1,0.5442,1,1.0,0.4396,0.2796,0.0751,0.2261,0.1103,0,8,0,3,7.740633966671485,medium
pay104832,cus3515,mer102,2025-03-12 03:39:00,714.65,upi,bank_h,ecommerce,insufficient_funds,3,0.5671,0,,0.2228,0.2127,0.5124,0.2471,0.2962,0,3,2,12,6.573191220630226,medium
pay101815,cus2637,mer63,2025-01-20 22:11:00,3360.7,debit_card,bank_a,ecommerce,insufficient_funds,2,0.5363,0,,0.3765,0.3031,0.6925,0.2047,0.75,0,22,0,20,8.120202077387452,medium
pay115811,cus3989,mer91,2025-02-03 18:23:00,6331.4,debit_card,bank_e,travel,insufficient_funds,3,0.4923,0,,0.4661,0.0645,0.6429,0.0,0.4378,0,18,0,3,8.753434590199623,large
pay108313,cus687,mer26,2025-06-13 09:15:00,3980.02,upi,bank_c,subscription_saas,network_timeout,3,0.7662,1,1.0,0.4738,0.596,0.1494,0.5331,0.3148,0,9,4,13,8.289293346851048,medium
pay111857,cus1031,mer65,2025-06-07 22:36:00,1949.21,upi,bank_d,ecommerce,upi_server_busy,3,0.8484,1,1.0,0.519,0.9073,0.3254,0.7675,0.4453,1,22,5,7,7.575692338067085,medium
pay119870,cus1320,mer93,2025-02-22 10:45:00,106.63,credit_card,bank_e,ecommerce,insufficient_funds,1,0.5281,1,0.0,0.1074,0.1303,0.4626,0.0,0.5649,1,10,5,22,4.678699419276207,small
pay102827,cus1786,mer31,2025-06-19 19:25:00,3846.02,credit_card,bank_c,subscription_saas,issuer_decline,4,0.3975,1,0.0,0.3977,0.0254,0.224,0.1715,0.1601,0,19,3,19,8.255054101595032,medium
pay103433,cus489,mer79,2025-03-02 15:13:00,14422.68,credit_card,bank_e,utility_bills,bank_server_timeout,1,0.7436,1,1.0,0.4515,0.8771,0.5673,0.0635,0.0592,1,15,6,2,9.576626579390247,large
pay116555,cus3897,mer51,2025-05-15 13:21:00,440.71,upi,bank_b,education_fees,card_expired,4,0.0366,0,,0.0392,0.0,0.129,0.189,0.0688,0,13,3,15,6.090653558146974,small
pay102924,cus955,mer97,2025-03-18 03:26:00,5027.19,upi,bank_i,food_delivery,upi_server_busy,4,0.8582,1,0.0,0.366,0.6405,0.4369,0.7224,0.192,0,3,1,18,8.52281535738122,large
pay111596,cus2931,mer8,2025-04-04 09:27:00,4008.18,upi,bank_a,travel,bank_server_timeout,3,0.8024,1,1.0,0.516,0.8223,0.5181,0.7723,0.2961,0,9,4,4,8.296342010611879,medium
pay111985,cus3689,mer6,2025-06-23 09:48:00,1778.73,upi,bank_j,food_delivery,network_timeout,3,0.786,1,1.0,0.4642,0.8577,0.2349,0.5082,0.2889,0,9,0,23,7.4842169463874795,medium
pay100139,cus3843,mer1,2025-03-20 14:37:00,518.52,upi,bank_e,food_delivery,issuer_decline,4,0.4589,1,0.0,0.1461,0.173,0.2501,0.2313,0.1657,0,14,3,20,6.252905308354536,medium
pay102729,cus117,mer104,2025-03-25 02:40:00,2302.89,netbanking,bank_a,utility_bills,otp_expired,3,0.5208,0,,0.2897,0.167,0.3384,0.2553,0.3677,0,2,1,25,7.74235427762049,medium
pay105551,cus303,mer29,2025-03-05 20:25:00,7442.19,debit_card,bank_a,subscription_saas,card_expired,3,0.0217,0,,0.3532,0.0,0.0052,0.091,0.0,0,20,2,5,8.91505479937522,large
pay104969,cus780,mer22,2025-05-27 19:58:00,600.04,credit_card,bank_h,food_delivery,account_blocked,4,0.0703,0,,0.3548,0.0,0.0,0.0,0.0493,0,19,1,27,6.398661488060905,medium
pay111591,cus1752,mer23,2025-04-23 14:00:00,74.99,upi,bank_i,ecommerce,upi_server_busy,2,0.8914,1,1.0,0.2588,0.6572,0.6513,0.7708,0.5018,0,14,2,23,4.330601752681694,small
pay105156,cus3117,mer85,2025-06-17 05:38:00,15435.93,upi,bank_c,education_fees,insufficient_funds,1,0.5283,0,,0.3798,0.3249,0.4182,0.0895,0.2305,0,5,1,17,9.644517969611737,large
pay100097,cus3259,mer52,2025-05-03 20:23:00,126.32,upi,bank_h,ecommerce,insufficient_funds,3,0.5346,1,0.0,0.2643,0.0502,0.723,0.1595,0.3466,1,20,5,3,4.846703602413892,small
pay109574,cus1491,mer63,2025-05-09 00:43:00,237.74,upi,bank_e,food_delivery,issuer_decline,1,0.3828,1,1.0,0.215,0.396,0.2585,0.0,0.1967,0,0,4,9,5.475375093666893,small
pay104190,cus1803,mer74,2025-03-19 06:10:00,1056.16,credit_card,bank_i,ecommerce,otp_expired,4,0.6116,1,0.0,0.1842,0.5502,0.4032,0.2484,0.3286,0,6,2,19,6.963341346221683,medium
pay107186,cus2412,mer61,2025-03-26 12:55:00,2349.19,netbanking,bank_a,utility_bills,upi_server_busy,4,0.7576,1,1.0,0.2456,0.2279,0.4086,0.547,0.3824,0,12,2,26,7.762251454933764,medium
pay117795,cus3654,mer115,2025-02-24 12:03:00,760.8,credit_card,bank_g,ecommerce,insufficient_funds,2,0.3946,1,0.0,0.1895,0.2574,0.2689,0.3649,0.5552,0,12,0,24,6.6356840540445035,medium
pay104312,cus2704,mer44,2025-03-04 15:28:00,531.93,upi,bank_i,subscription_saas,insufficient_funds,4,0.5284,0,,0.2007,0.0885,0.862,0.0621,0.4901,0,15,1,4,6.27839008345848,medium
pay116941,cus1266,mer57,2025-03-22 15:52:00,256.07,upi,bank_b,food_delivery,bank_server_timeout,2,0.8282,1,0.0,0.2171,0.5531,0.3899,0.6395,0.3149,1,15,5,22,5.549348421349137,small
pay102157,cus64,mer94,2025-04-24 19:07:00,2370.21,upi,bank_i,ecommerce,duplicate_payment_block,2,0.2682,0,,0.2977,0.1284,0.2259,0.0689,0.1761,0,19,3,24,7.771155652366829,medium
pay102424,cus3692,mer54,2025-03-04 17:38:00,273.39,upi,bank_j,ecommerce,insufficient_funds,4,0.4595,1,0.0,0.243,0.4351,0.407,0.0526,0.6079,0,17,1,4,5.614550452038975,small
pay110033,cus275,mer49,2025-04-02 04:16:00,1434.74,debit_card,bank_f,food_delivery,upi_server_busy,1,0.8523,1,1.0,0.264,0.7801,0.2444,0.0,0.5566,0,4,2,2,7.269435674719279,medium
pay109728,cus3618,mer18,2025-06-04 17:08:00,10855.0,debit_card,bank_e,ecommerce,network_timeout,1,0.7965,1,0.0,0.3639,0.4782,0.2731,0.1096,0.3865,0,17,2,4,9.292473201514705,large
pay109985,cus703,mer7,2025-05-07 16:17:00,98.73,credit_card,bank_h,travel,bank_server_timeout,4,0.7543,1,1.0,0.1384,0.6382,0.5271,0.6353,0.488,0,16,2,7,4.602466534413777,small
pay100981,cus939,mer117,2025-05-07 08:39:00,3431.04,upi,bank_h,food_delivery,upi_server_busy,2,0.978,1,0.0,0.311,0.6935,0.5237,0.51,0.4607,0,8,2,7,8.14091011555159,medium
pay101061,cus2805,mer27,2025-05-04 18:43:00,358.09,upi,bank_e,ecommerce,network_timeout,3,0.7314,0,,0.2088,0.5758,0.2466,0.3342,0.3467,1,18,6,4,5.883573053448023,small
pay112858,cus3289,mer48,2025-06-16 22:03:00,50.0,upi,bank_i,utility_bills,bank_server_timeout,2,0.7743,0,,0.0897,0.5576,0.4252,0.7775,0.311,0,22,0,16,3.9318256327243257,small
pay107688,cus1490,mer70,2025-01-08 14:02:00,200.0,upi,bank_g,subscription_saas,card_expired,2,0.156,0,,0.1476,0.0,0.0639,0.1022,0.076,0,14,2,8,5.303304908059076,small
pay102828,cus2887,mer55,2025-04-23 17:53:00,870.02,upi,bank_c,food_delivery,bank_server_timeout,3,0.7991,0,,0.2281,0.6906,0.4123,0.8665,0.3546,0,17,2,23,6.769664938701392,medium
pay107778,cus316,mer61,2025-03-17 21:09:00,1554.32,upi,bank_e,ecommerce,upi_server_busy,4,0.8356,1,0.0,0.233,0.602,0.3899,0.7352,0.6398,0,21,0,17,7.349436591223284,medium
pay107138,cus143,mer51,2025-02-10 09:42:00,3983.01,upi,bank_g,education_fees,insufficient_funds,1,0.5477,1,0.0,0.3161,0.2287,0.6247,0.0,0.4674,0,9,0,10,8.2900441287415,medium
pay108320,cus3762,mer46,2025-04-30 16:50:00,711.7,debit_card,bank_c,food_delivery,upi_server_busy,1,0.8294,1,1.0,0.2116,0.8959,0.4097,0.0,0.3427,0,16,2,30,6.569060574507825,medium
pay103662,cus507,mer97,2025-06-24 06:17:00,424.35,upi,bank_j,education_fees,insufficient_funds,2,0.5951,0,,0.4174,0.4385,0.4058,0.1414,0.419,0,6,1,24,6.052912359421893,small
pay116488,cus1541,mer53,2025-01-06 00:51:00,1295.44,upi,bank_g,education_fees,insufficient_funds,3,0.5052,1,0.0,0.1863,0.2778,0.5711,0.2477,0.2295,0,0,0,6,7.16737732546588,medium
pay114058,cus3454,mer61,2025-06-27 01:25:00,1202.05,netbanking,bank_j,ecommerce,insufficient_funds,1,0.4958,1,0.0,0.3338,0.0237,0.2619,0.0708,0.5039,0,1,4,27,7.092615277870738,medium
pay101681,cus3698,mer94,2025-01-03 05:52:00,365.53,credit_card,bank_c,education_fees,insufficient_funds,3,0.4321,1,0.0,0.1122,0.2259,0.9192,0.0918,0.3094,0,5,4,3,5.90408037336555,small
pay107210,cus3119,mer91,2025-05-20 00:23:00,24655.87,credit_card,bank_f,ecommerce,account_blocked,2,0.0,0,,0.4416,0.0,0.0238,0.0,0.0859,0,0,1,20,10.112810842466255,large
pay114675,cus1818,mer120,2025-03-29 21:15:00,2918.85,upi,bank_i,food_delivery,issuer_decline,2,0.4894,1,1.0,0.8858,0.1899,0.2675,0.0457,0.2652,1,21,5,29,7.979287524079837,medium
pay112810,cus1414,mer9,2025-01-22 05:03:00,420.24,debit_card,bank_a,subscription_saas,issuer_decline,3,0.4719,0,,0.1185,0.3348,0.3296,0.1355,0.0039,0,5,2,22,6.043202742512396,small
pay110008,cus1813,mer100,2025-06-18 22:58:00,50.0,upi,bank_h,education_fees,insufficient_funds,4,0.4589,0,,0.1698,0.2763,0.5665,0.2293,0.4425,0,22,2,18,3.9318256327243257,small
pay101350,cus1759,mer77,2025-01-11 20:27:00,528.6,upi,bank_f,food_delivery,upi_server_busy,4,0.8405,1,1.0,0.176,0.8146,0.347,0.528,0.3415,1,20,5,11,6.272122004622799,medium
pay119538,cus3229,mer86,2025-01-16 07:27:00,759.49,upi,bank_a,food_delivery,insufficient_funds,2,0.4716,1,0.0,0.1511,0.1693,0.7456,0.3205,0.3231,0,7,3,16,6.633962962368977,medium
pay103194,cus3581,mer74,2025-05-14 04:15:00,234.21,upi,bank_g,ecommerce,upi_server_busy,2,0.8755,0,,0.1657,0.7432,0.3985,0.5133,0.3188,0,4,2,14,5.460478732127452,small
pay113076,cus3248,mer24,2025-01-07 05:05:00,2495.04,netbanking,bank_g,utility_bills,issuer_decline,2,0.4143,1,0.0,0.3735,0.1513,0.1346,0.4031,0.0824,0,5,1,7,7.822460755001934,medium
pay102544,cus809,mer81,2025-05-25 22:52:00,399.31,credit_card,bank_e,ecommerce,otp_expired,3,0.5852,1,1.0,0.7704,0.4778,0.5674,0.2547,0.2188,1,22,6,25,5.992239246950553,small
pay104254,cus111,mer67,2025-03-03 12:05:00,677.04,netbanking,bank_a,food_delivery,issuer_decline,1,0.4188,0,,0.2248,0.0,0.0724,0.1157,0.2156,0,12,0,3,6.519206283250285,medium
pay106409,cus1038,mer31,2025-06-17 02:00:00,5657.45,upi,bank_h,travel,bank_server_timeout,1,0.7803,1,1.0,0.4449,0.8245,0.4862,0.0817,0.4079,0,2,1,17,8.64090528210293,large
pay110904,cus2427,mer81,2025-04-03 10:52:00,373.8,upi,bank_i,education_fees,card_expired,4,0.0718,0,,0.0622,0.0,0.0,0.1695,0.0,0,10,3,3,5.926392550364267,small
pay106540,cus3677,mer92,2025-06-18 21:24:00,94.54,upi,bank_c,ecommerce,network_timeout,1,0.7561,1,0.0,0.1762,0.6429,0.0543,0.1512,0.4707,0,21,2,18,4.559545007961816,small
pay107277,cus393,mer57,2025-05-25 19:39:00,212.41,upi,bank_b,subscription_saas,network_timeout,2,0.6728,1,1.0,0.1577,0.5326,0.0256,0.561,0.2893,1,19,6,25,5.3632151981258795,small
pay116157,cus810,mer45,2025-06-26 02:56:00,409.95,upi,bank_a,travel,bank_server_timeout,4,0.8381,0,,0.1456,0.8852,0.5729,0.8671,0.384,0,2,3,26,6.018471552594509,small
pay116543,cus961,mer92,2025-01-29 06:05:00,50.0,upi,bank_d,education_fees,account_blocked,3,0.1444,1,0.0,0.2527,0.0926,0.0,0.0,0.0165,0,6,2,29,3.9318256327243257,small
pay103676,cus1801,mer79,2025-03-07 23:12:00,2076.2,upi,bank_d,education_fees,bank_server_timeout,2,0.7063,1,1.0,0.4171,0.4671,0.4557,0.6495,0.3957,0,23,4,7,7.638776111970164,medium
pay117594,cus1571,mer112,2025-04-16 10:19:00,1327.51,upi,bank_i,food_delivery,upi_server_busy,4,0.8369,0,,0.225,0.639,0.1936,0.7875,0.5085,0,10,2,16,7.191813292457952,medium
pay109708,cus3300,mer75,2025-06-05 09:46:00,50.0,credit_card,bank_c,utility_bills,account_blocked,2,0.0309,0,,0.1693,0.0,0.0,0.0,0.2115,0,9,3,5,3.9318256327243257,small
pay105902,cus3547,mer55,2025-01-17 20:55:00,582.71,netbanking,bank_g,ecommerce,upi_server_busy,3,0.8913,1,1.0,0.1781,0.4615,0.1516,0.563,0.5942,0,20,4,17,6.369404284151394,medium
pay119685,cus1612,mer81,2025-06-29 06:30:00,2259.07,upi,bank_i,food_delivery,issuer_decline,3,0.386,0,,0.2593,0.0,0.0531,0.3315,0.2556,1,6,6,29,7.7231510652379916,medium
pay106509,cus3662,mer84,2025-01-07 17:10:00,212.75,upi,bank_c,subscription_saas,issuer_decline,4,0.4691,0,,0.1236,0.3476,0.2615,0.2345,0.0383,0,17,1,7,5.36480710781687,small
pay116913,cus1605,mer21,2025-06-21 09:29:00,1157.16,netbanking,bank_f,utility_bills,card_expired,1,0.047,0,,0.2597,0.202,0.2689,0.0,0.0,1,9,5,21,7.054587817845788,medium
pay111193,cus3491,mer106,2025-06-14 17:56:00,123.6,upi,bank_i,ecommerce,upi_server_busy,1,0.82,1,1.0,0.1539,0.5428,0.1838,0.1443,0.5556,1,17,5,14,4.825108606353353,small
pay111162,cus631,mer23,2025-04-08 22:18:00,69.86,upi,bank_g,food_delivery,otp_expired,4,0.5736,0,,0.155,0.1574,0.5095,0.2103,0.2161,0,22,1,8,4.260706099437326,small
pay109366,cus2111,mer91,2025-03-03 03:14:00,2773.79,credit_card,bank_f,education_fees,insufficient_funds,2,0.5305,1,0.0,0.3954,0.2278,0.924,0.162,0.3995,0,3,0,3,7.928330347641311,medium
pay100920,cus180,mer118,2025-06-07 02:02:00,597.49,debit_card,bank_e,ecommerce,insufficient_funds,1,0.487,0,,0.217,0.4088,0.4703,0.0725,0.4506,1,2,5,7,6.394409816420679,medium
pay115318,cus3145,mer94,2025-03-20 16:23:00,254.91,upi,bank_i,food_delivery,bank_server_timeout,2,0.7417,1,1.0,0.2066,0.5733,0.6218,0.8313,0.3856,0,16,3,20,5.544825820166979,small
pay113930,cus466,mer92,2025-06-17 17:15:00,1533.29,debit_card,bank_g,education_fees,issuer_decline,3,0.4286,0,,0.1575,0.0,0.0577,0.1347,0.4804,0,17,1,17,7.3358230122997306,medium
pay108444,cus211,mer6,2025-05-15 10:59:00,622.07,upi,bank_c,ecommerce,issuer_decline,2,0.3923,1,0.0,0.8597,0.1686,0.0111,0.2689,0.3478,0,10,3,15,6.434658872026153,medium
pay110316,cus2555,mer90,2025-02-25 12:25:00,185.1,debit_card,bank_f,ecommerce,upi_server_busy,4,0.8452,1,0.0,0.0676,0.7672,0.3939,0.783,0.4246,0,12,1,25,5.226284163648205,small
pay100240,cus3999,mer88,2025-01-26 05:46:00,7447.48,upi,bank_h,utility_bills,insufficient_funds,2,0.4569,1,1.0,0.4708,0.2899,0.798,0.0633,0.2763,1,5,6,26,8.91576526371166,large
pay100203,cus3857,mer33,2025-05-06 22:44:00,388.87,debit_card,bank_e,utility_bills,bank_server_timeout,4,0.843,0,,0.0373,0.7257,0.6356,0.6303,0.0667,0,22,1,6,5.965813350222454,small
pay115334,cus3015,mer53,2025-03-26 20:38:00,82.23,credit_card,bank_e,food_delivery,insufficient_funds,4,0.5337,0,,0.1572,0.086,0.5732,0.2411,0.5206,0,20,2,26,4.421607859758004,small
pay119098,cus2246,mer61,2025-04-03 05:35:00,700.67,upi,bank_b,utility_bills,insufficient_funds,4,0.5015,1,0.0,0.1857,0.3259,0.8781,0.295,0.4874,0,5,3,3,6.553463208030912,medium
pay100826,cus1261,mer36,2025-05-03 12:45:00,380.36,debit_card,bank_d,ecommerce,otp_expired,4,0.6156,1,1.0,0.2864,0.2598,0.2553,0.1569,0.4289,1,12,5,3,5.94374381089657,small
pay103125,cus2999,mer110,2025-06-10 03:51:00,1274.58,debit_card,bank_c,travel,duplicate_payment_block,3,0.3455,1,0.0,0.2682,0.1603,0.2348,0.0,0.0,0,3,1,10,7.151156256116781,medium
pay106963,cus481,mer84,2025-05-07 22:38:00,1567.47,debit_card,bank_a,food_delivery,issuer_decline,1,0.4987,0,,0.3118,0.2797,0.2129,0.0,0.2673,0,22,2,7,7.357855900893785,medium
pay111632,cus87,mer4,2025-02-14 18:24:00,3057.41,debit_card,bank_f,travel,bank_server_timeout,2,0.8092,1,1.0,0.4156,0.4991,0.346,0.5737,0.1406,0,18,4,14,8.025650452060352,medium
pay108705,cus3956,mer90,2025-04-29 01:43:00,337.89,debit_card,bank_c,utility_bills,insufficient_funds,1,0.4847,1,0.0,0.1453,0.2466,0.5823,0.0,0.3693,0,1,1,29,5.825675570948388,small
pay100517,cus3365,mer56,2025-01-12 23:32:00,224.82,debit_card,bank_e,food_delivery,bank_server_timeout,4,0.7886,1,1.0,0.1482,0.9633,0.5605,0.479,0.2633,1,23,6,12,5.419738221752376,small
pay103620,cus2296,mer119,2025-06-29 07:07:00,260.83,debit_card,bank_h,travel,network_timeout,4,0.774,1,1.0,0.1416,0.6924,0.2704,0.508,0.3526,1,7,6,29,5.567695438201781,small
pay109860,cus576,mer102,2025-04-06 06:22:00,516.06,upi,bank_e,travel,insufficient_funds,3,0.4932,1,0.0,0.7978,0.2061,0.4224,0.2909,0.4792,1,6,6,6,6.248158921933274,medium
pay102564,cus2824,mer67,2025-03-21 03:28:00,1674.86,upi,bank_h,travel,insufficient_funds,4,0.414,1,1.0,0.3796,0.2259,0.4956,0.035,0.2938,0,3,4,21,7.424081745333448,medium
pay111623,cus184,mer45,2025-01-14 10:40:00,73.94,netbanking,bank_d,ecommerce,insufficient_funds,3,0.4933,1,0.0,0.2065,0.3296,0.275,0.2735,0.4895,0,10,1,14,4.316687793365541,small
pay107019,cus2545,mer31,2025-02-20 01:17:00,4955.48,debit_card,bank_c,subscription_saas,insufficient_funds,1,0.4638,1,0.0,0.4627,0.047,0.5895,0.0,0.3879,0,1,3,20,8.508451090359394,medium
pay119496,cus483,mer85,2025-05-31 20:16:00,233.58,upi,bank_a,food_delivery,account_blocked,1,0.0961,0,,0.1192,0.0,0.0,0.0491,0.0,1,20,5,31,5.457796681093359,small
pay106079,cus254,mer53,2025-04-25 09:32:00,653.39,upi,bank_e,food_delivery,otp_expired,2,0.5235,1,0.0,0.1774,0.4006,0.3497,0.1396,0.5932,0,9,4,25,6.483703503998185,medium
pay100865,cus228,mer33,2025-05-06 15:53:00,5634.28,upi,bank_g,subscription_saas,bank_server_timeout,3,0.7423,1,1.0,0.3723,1.0,0.2511,0.6307,0.3103,0,15,1,6,8.63680211468039,large
pay106408,cus1327,mer74,2025-04-05 12:00:00,1361.55,upi,bank_j,utility_bills,upi_server_busy,3,0.8452,1,1.0,0.3427,0.8209,0.4171,0.7043,0.2778,1,12,5,5,7.217113223111778,medium
pay113019,cus2215,mer82,2025-04-14 13:32:00,1037.34,credit_card,bank_i,education_fees,insufficient_funds,3,0.4796,0,,0.3072,0.072,0.4991,0.1005,0.3201,0,13,0,14,6.945378563078578,medium
pay107271,cus3486,mer92,2025-01-12 03:01:00,1229.91,upi,bank_g,education_fees,insufficient_funds,1,0.5342,0,,0.183,0.1546,0.649,0.0302,0.2985,1,3,6,12,7.11550901222006,medium
pay117057,cus1776,mer80,2025-05-15 18:52:00,166.56,credit_card,bank_e,utility_bills,insufficient_funds,4,0.406,0,,0.144,0.015,0.3322,0.0,0.5057,0,18,3,15,5.121341496078834,small
pay116109,cus1431,mer82,2025-06-18 11:13:00,100.09,upi,bank_c,education_fees,upi_server_busy,3,0.8219,1,1.0,0.1526,0.6488,0.4801,0.4429,0.3577,0,11,2,18,4.616011209165967,small
pay118415,cus673,mer21,2025-03-16 22:52:00,216.11,debit_card,bank_d,food_delivery,issuer_decline,2,0.5021,1,0.0,0.203,0.2368,0.3274,0.2619,0.1086,1,22,6,16,5.380404137546146,small
pay117982,cus2325,mer85,2025-06-14 13:25:00,1651.49,netbanking,bank_f,travel,insufficient_funds,1,0.5527,0,,0.374,0.2886,0.4591,0.1674,0.3584,1,13,5,14,7.410038520270315,medium
pay112554,cus1523,mer10,2025-04-29 07:16:00,3917.28,upi,bank_d,food_delivery,otp_expired,2,0.6289,0,,0.5736,0.3118,0.4801,0.3064,0.3014,0,7,1,29,8.273408060984162,medium
pay118536,cus3014,mer89,2025-03-30 03:17:00,259.04,netbanking,bank_h,education_fees,issuer_decline,2,0.4846,0,,0.1112,0.1658,0.1373,0.0,0.1114,1,3,6,30,5.560835465336268,small
pay116095,cus3839,mer59,2025-06-26 00:58:00,474.93,credit_card,bank_h,education_fees,otp_expired,3,0.5438,1,0.0,0.7969,0.4634,0.5335,0.0366,0.4735,0,0,3,26,6.165270784593681,small
pay103872,cus2363,mer26,2025-06-05 15:36:00,848.13,credit_card,bank_b,food_delivery,insufficient_funds,3,0.5087,1,0.0,0.215,0.2793,0.8648,0.1705,0.2494,0,15,3,5,6.744212295908674,medium
pay105811,cus2072,mer113,2025-04-27 18:43:00,1397.73,upi,bank_d,subscription_saas,issuer_decline,4,0.4415,0,,0.3834,0.2929,0.1855,0.2782,0.1678,1,18,6,27,7.243319961043125,medium
pay116623,cus2235,mer97,2025-02-26 21:49:00,1045.5,upi,bank_a,food_delivery,card_expired,4,0.0903,0,,0.201,0.0,0.0,0.1215,0.0,0,21,2,26,6.953206541886054,medium
pay103927,cus2791,mer98,2025-01-28 15:28:00,4856.12,debit_card,bank_d,subscription_saas,bank_server_timeout,2,0.7377,1,1.0,0.5146,0.8459,0.5597,0.71,0.4033,0,15,1,28,8.48820094864956,medium
pay115276,cus2371,mer66,2025-04-10 12:54:00,281.1,credit_card,bank_c,education_fees,issuer_decline,2,0.4226,1,1.0,0.1407,0.2467,0.2422,0.0,0.0,0,12,3,10,5.642261618007951,small
pay102925,cus2318,mer66,2025-02-02 21:44:00,1725.77,debit_card,bank_h,utility_bills,bank_server_timeout,3,0.8102,1,0.0,0.2762,0.5274,0.2486,0.7632,0.3353,1,21,6,2,7.454007890354591,medium
pay105030,cus2827,mer44,2025-02-27 02:02:00,76.09,upi,bank_j,utility_bills,otp_expired,1,0.4854,0,,0.356,0.4862,0.3331,0.0632,0.4369,0,2,3,27,4.344973570471171,small
pay118125,cus3800,mer112,2025-03-28 01:42:00,1143.14,credit_card,bank_j,utility_bills,bank_server_timeout,3,0.8096,1,1.0,0.3513,0.6912,0.3963,0.7199,0.469,0,1,4,28,7.0424085420745905,medium
pay108124,cus3353,mer40,2025-05-16 12:37:00,11040.42,upi,bank_i,food_delivery,account_blocked,1,0.0717,0,,0.4214,0.0843,0.0,0.0,0.1832,0,12,4,16,9.30940893474824,large
pay114606,cus146,mer33,2025-06-16 21:14:00,1556.11,upi,bank_g,subscription_saas,card_expired,4,0.0,0,,0.3341,0.0,0.0,0.0103,0.1684,0,21,0,16,7.350586818021863,medium
pay101519,cus3523,mer96,2025-03-24 22:31:00,392.01,upi,bank_i,food_delivery,upi_server_busy,1,0.8462,1,1.0,0.1838,0.9326,0.4151,0.0,0.3683,0,22,0,24,5.973835056838156,small
pay110428,cus3263,mer82,2025-02-27 13:55:00,652.34,upi,bank_c,food_delivery,network_timeout,4,0.7376,0,,0.186,0.4918,0.1917,0.2917,0.4015,0,13,3,27,6.482097667586024,medium
pay116618,cus1048,mer28,2025-01-19 00:32:00,723.09,debit_card,bank_a,utility_bills,insufficient_funds,4,0.5576,0,,0.1367,0.2948,0.2905,0.0652,0.2006,1,0,6,19,6.584915694052209,medium
pay119909,cus2440,mer28,2025-04-22 12:03:00,2448.04,upi,bank_i,food_delivery,network_timeout,4,0.6969,1,1.0,0.354,0.2904,0.2281,0.3934,0.4147,0,12,1,22,7.803451390016006,medium
pay105502,cus207,mer17,2025-01-07 07:32:00,948.92,netbanking,bank_f,travel,otp_expired,2,0.6063,1,1.0,0.9021,0.1904,0.4015,0.0837,0.2538,0,7,1,7,6.856377770522365,medium
pay106214,cus25,mer52,2025-05-08 21:14:00,5983.94,debit_card,bank_j,ecommerce,insufficient_funds,4,0.4556,0,,0.5598,0.3012,0.2892,0.1339,0.4011,0,21,3,8,8.697001592879166,large
pay106363,cus2913,mer22,2025-02-16 07:40:00,1001.18,upi,bank_i,subscription_saas,otp_expired,1,0.6025,0,,0.2626,0.4947,0.6216,0.2303,0.207,1,7,6,16,6.909932906229911,medium
pay116155,cus325,mer55,2025-02-13 15:43:00,428.61,debit_card,bank_h,education_fees,insufficient_funds,4,0.556,0,,0.1898,0.3964,0.5657,0.1368,0.4317,0,15,3,13,6.062877820391151,small
pay107513,cus3652,mer18,2025-02-17 02:21:00,794.33,debit_card,bank_e,subscription_saas,otp_expired,3,0.6239,1,0.0,0.2043,0.7113,0.4122,0.0759,0.3532,0,2,0,17,6.678757122866132,medium
pay109044,cus1561,mer70,2025-06-22 12:57:00,767.27,credit_card,bank_d,utility_bills,bank_server_timeout,1,0.7643,1,0.0,0.4271,0.4895,0.2733,0.0918,0.3432,1,12,6,22,6.644141233864056,medium
pay108451,cus1594,mer38,2025-06-07 02:17:00,1023.96,debit_card,bank_e,food_delivery,insufficient_funds,3,0.4653,1,1.0,0.2094,0.3174,0.795,0.0761,0.3864,1,2,5,7,6.9324088664207935,medium
pay112370,cus2080,mer40,2025-01-16 21:19:00,117.39,upi,bank_f,ecommerce,upi_server_busy,4,0.8366,1,1.0,0.2099,0.6585,0.3906,0.6843,0.3694,0,21,3,16,4.773984259423544,small
pay116669,cus223,mer29,2025-02-08 06:53:00,482.26,debit_card,bank_e,food_delivery,upi_server_busy,3,0.8599,1,1.0,0.1304,0.8307,0.3511,0.7446,0.333,1,6,5,8,6.180554811097308,small
pay119373,cus1722,mer88,2025-05-11 14:26:00,1628.6,upi,bank_h,travel,upi_server_busy,3,0.7729,1,1.0,0.3119,0.9706,0.5778,0.9649,0.4626,1,14,6,11,7.396089864912596,medium
pay110041,cus2690,mer34,2025-06-15 12:08:00,622.25,netbanking,bank_d,ecommerce,issuer_decline,3,0.4484,0,,0.2804,0.2181,0.1002,0.4677,0.0945,1,12,6,15,6.434947722403667,medium
pay101954,cus3101,mer63,2025-06-24 18:30:00,478.22,debit_card,bank_e,ecommerce,insufficient_funds,1,0.5108,1,0.0,0.2325,0.3056,0.4105,0.0,0.3058,0,18,1,24,6.172159782157353,small
pay113676,cus1210,mer85,2025-03-04 16:20:00,5754.77,upi,bank_f,food_delivery,otp_expired,4,0.641,1,1.0,0.4484,0.5382,0.337,0.2286,0.3075,0,16,1,4,8.657958108904527,large
pay115311,cus3082,mer107,2025-05-18 02:49:00,11143.02,upi,bank_h,travel,bank_server_timeout,2,0.806,1,1.0,0.4636,0.604,0.444,0.7942,0.5489,1,2,6,18,9.318658310145755,large
pay100050,cus212,mer23,2025-05-17 18:46:00,402.09,upi,bank_a,travel,otp_expired,1,0.6339,1,1.0,0.1925,0.2572,0.288,0.0503,0.6021,1,18,5,17,5.999159862075388,small
pay111285,cus1325,mer10,2025-05-22 02:41:00,2362.13,debit_card,bank_j,food_delivery,network_timeout,2,0.7572,1,1.0,0.4856,0.7827,0.2307,0.5704,0.3963,0,2,3,22,7.767742290485328,medium
pay104856,cus455,mer118,2025-06-02 06:35:00,121.38,upi,bank_b,ecommerce,insufficient_funds,3,0.4946,0,,0.1395,0.3074,0.6093,0.2614,0.3145,0,6,0,2,4.807130958034395,small
pay101229,cus1593,mer112,2025-02-21 21:09:00,2171.64,upi,bank_i,education_fees,card_expired,4,0.0961,0,,0.2389,0.0,0.0,0.2911,0.0387,0,21,4,21,7.683698296950484,medium
pay115455,cus3911,mer82,2025-02-17 20:54:00,256.74,credit_card,bank_g,food_delivery,issuer_decline,2,0.4268,0,,0.1828,0.2073,0.2529,0.0959,0.0,0,20,0,17,5.551951324860245,small
pay106958,cus1402,mer79,2025-02-22 22:31:00,1053.25,upi,bank_c,ecommerce,bank_server_timeout,2,0.8329,1,1.0,0.189,0.5529,0.3631,0.9014,0.2205,1,22,5,22,6.960584892626669,medium
pay118952,cus3734,mer5,2025-05-10 16:00:00,164.52,upi,bank_e,subscription_saas,bank_server_timeout,2,0.8272,1,0.0,0.2046,0.7003,0.4117,0.6056,0.2169,1,16,5,10,5.109092033437288,small
pay111564,cus1786,mer110,2025-02-02 23:49:00,188.9,debit_card,bank_i,travel,account_blocked,4,0.144,1,0.0,0.1173,0.0,0.0,0.0,0.0873,1,23,6,2,5.24649761781824,small
pay117524,cus2847,mer74,2025-05-27 12:13:00,1607.71,credit_card,bank_e,utility_bills,network_timeout,4,0.7651,1,1.0,0.3973,0.4488,0.1814,0.417,0.1395,0,12,1,27,7.383187894576357,medium
pay119107,cus3480,mer64,2025-01-19 13:20:00,292.83,upi,bank_j,utility_bills,bank_server_timeout,4,0.8526,1,1.0,0.2369,0.7171,0.3475,0.7199,0.1532,1,13,6,19,5.683001368805979,small
pay116518,cus3589,mer104,2025-01-02 17:56:00,388.55,upi,bank_h,travel,otp_expired,3,0.6602,1,0.0,0.1742,0.1962,0.4903,0.0,0.417,0,17,3,2,5.964992226776867,small
pay108801,cus1697,mer23,2025-05-24 15:24:00,523.69,upi,bank_g,ecommerce,network_timeout,3,0.7988,1,0.0,0.2233,0.5598,0.4308,0.2991,0.339,1,15,5,24,6.262807612001426,medium
pay115873,cus3576,mer77,2025-02-08 15:36:00,141.1,upi,bank_c,ecommerce,bank_server_timeout,1,0.8312,1,1.0,0.1288,0.7486,0.3706,0.0,0.4653,1,15,5,8,4.956531035103055,small
pay119939,cus1231,mer97,2025-06-06 08:48:00,181.08,upi,bank_c,education_fees,network_timeout,2,0.7561,0,,0.1034,0.7138,0.2985,0.4744,0.1541,0,8,4,6,5.204446150937966,small
pay115229,cus380,mer100,2025-03-14 14:00:00,3565.75,netbanking,bank_f,travel,issuer_decline,3,0.4427,1,1.0,0.3834,0.4708,0.2421,0.1674,0.0424,0,14,4,14,8.179410095994923,medium
pay104358,cus1257,mer69,2025-05-01 12:08:00,569.3,upi,bank_c,utility_bills,bank_server_timeout,4,0.7925,0,,0.1333,0.7911,0.6084,0.7132,0.3744,0,12,3,1,6.346162538162493,medium
pay100863,cus3801,mer33,2025-05-19 23:31:00,213.49,debit_card,bank_g,education_fees,bank_server_timeout,2,0.8046,1,1.0,0.1363,0.5949,0.306,0.4177,0.2861,0,23,0,19,5.3682631172347035,small
pay118229,cus1784,mer51,2025-03-20 01:26:00,114.81,debit_card,bank_e,utility_bills,upi_server_busy,4,0.8419,1,1.0,0.0853,0.8238,0.4805,0.7123,0.4484,0,1,3,20,4.751950917196286,small
pay107673,cus2979,mer92,2025-05-04 09:46:00,514.74,debit_card,bank_a,food_delivery,bank_server_timeout,2,0.6559,1,1.0,0.1674,0.9463,0.4699,0.797,0.4148,1,9,6,4,6.245602762524415,medium
pay100278,cus2219,mer51,2025-01-12 16:36:00,1650.31,netbanking,bank_e,education_fees,issuer_decline,2,0.4777,1,0.0,0.3435,0.0,0.0485,0.2535,0.2721,1,16,6,12,7.409324191285403,medium
pay108190,cus1388,mer88,2025-02-06 01:19:00,6304.74,upi,bank_b,utility_bills,insufficient_funds,4,0.4913,0,,0.3536,0.2727,0.5956,0.226,0.1648,0,1,3,6,8.749215608680947,large
pay118343,cus3522,mer75,2025-05-02 21:04:00,734.58,upi,bank_c,ecommerce,otp_expired,4,0.5696,0,,0.2117,0.1231,0.485,0.2678,0.3795,0,21,4,2,6.6006593036710415,medium
pay113309,cus3874,mer71,2025-04-04 18:22:00,1434.36,upi,bank_c,ecommerce,bank_server_timeout,2,0.8061,0,,0.215,0.6871,0.465,0.5773,0.4067,0,18,4,4,7.2691709678109735,medium
pay109793,cus649,mer119,2025-02-09 18:12:00,1358.98,credit_card,bank_g,utility_bills,card_expired,4,0.0781,0,,0.2341,0.2519,0.1063,0.0,0.0,1,18,6,9,7.2152252727396124,medium
pay110147,cus616,mer112,2025-04-02 00:46:00,491.97,upi,bank_b,education_fees,issuer_decline,2,0.4015,0,,0.1363,0.0568,0.296,0.2037,0.1697,0,0,2,2,6.200448320264159,small
pay105992,cus3684,mer99,2025-05-29 10:32:00,2229.46,debit_card,bank_j,food_delivery,bank_server_timeout,1,0.801,0,,0.4437,0.5274,0.1354,0.0,0.3063,0,10,3,29,7.709963121208683,medium
pay107143,cus2315,mer74,2025-01-26 06:44:00,316.27,debit_card,bank_i,subscription_saas,upi_server_busy,2,0.8898,1,1.0,0.1741,0.8903,0.466,0.4345,0.5429,1,6,6,26,5.759753146372618,small
pay105711,cus3656,mer119,2025-06-19 02:50:00,743.19,upi,bank_i,subscription_saas,bank_server_timeout,1,0.7935,0,,0.2183,0.4585,0.1859,0.0,0.2556,0,2,3,19,6.61229637857419,medium
pay100267,cus2529,mer90,2025-03-04 10:29:00,701.73,credit_card,bank_f,subscription_saas,network_timeout,3,0.6991,0,,0.3093,0.6907,0.2391,0.5613,0.2411,0,10,1,4,6.554972749758749,medium
pay101338,cus1025,mer49,2025-05-20 13:15:00,774.8,upi,bank_h,ecommerce,upi_server_busy,4,0.8182,1,0.0,0.1796,0.7036,0.2573,0.8468,0.5862,0,13,1,20,6.653894755005867,medium
pay119507,cus2240,mer48,2025-06-11 13:08:00,92.83,debit_card,bank_d,food_delivery,otp_expired,1,0.7011,1,1.0,0.2315,0.2801,0.3966,0.1208,0.1103,0,13,2,11,4.541484634301958,small
pay113025,cus2578,mer44,2025-02-02 06:52:00,180.93,upi,bank_c,utility_bills,issuer_decline,2,0.3814,0,,0.2048,0.5296,0.0438,0.1169,0.29,1,6,6,2,5.203621997708712,small
pay101236,cus375,mer76,2025-01-01 20:21:00,646.5,credit_card,bank_a,ecommerce,bank_server_timeout,1,0.7971,1,0.0,0.1561,0.587,0.2087,0.0,0.2685,0,20,2,1,6.4731187935736925,medium
pay105596,cus2599,mer76,2025-04-07 02:47:00,722.54,upi,bank_a,utility_bills,account_blocked,4,0.0,0,,0.2259,0.0682,0.0181,0.0019,0.0092,0,2,0,7,6.584155831343556,medium
pay111585,cus285,mer107,2025-01-24 20:11:00,271.03,upi,bank_e,food_delivery,card_expired,2,0.015,0,,0.1273,0.0,0.2232,0.0368,0.0,0,20,4,24,5.6059123543316955,small
pay116819,cus3898,mer19,2025-05-03 14:00:00,972.14,upi,bank_d,education_fees,insufficient_funds,4,0.4509,1,1.0,0.4056,0.4357,0.6395,0.2113,0.5672,1,14,5,3,6.880527956727653,medium
pay109605,cus477,mer18,2025-01-09 07:00:00,958.81,netbanking,bank_d,ecommerce,bank_server_timeout,3,0.7516,1,1.0,0.3482,0.7109,0.336,0.8705,0.0,0,7,3,9,6.866735348207127,medium
pay100214,cus3522,mer107,2025-05-13 15:30:00,205.7,debit_card,bank_c,ecommerce,upi_server_busy,3,0.8116,1,1.0,0.2038,0.8809,0.4658,0.5835,0.3492,0,15,1,13,5.331268466687723,small
pay103758,cus592,mer51,2025-01-15 12:07:00,272.17,upi,bank_e,education_fees,card_expired,3,0.1252,0,,0.0506,0.0841,0.0147,0.0962,0.094,0,12,2,15,5.610094312003862,small
pay107335,cus3235,mer95,2025-01-24 03:30:00,2113.39,netbanking,bank_a,ecommerce,bank_server_timeout,3,0.757,0,,0.3154,0.5858,0.2991,0.5487,0.3432,0,3,4,24,7.656521633804813,medium
pay106863,cus3061,mer90,2025-04-11 08:50:00,72.23,credit_card,bank_b,subscription_saas,account_blocked,3,0.0741,0,,0.208,0.0,0.0,0.0232,0.0,0,8,4,11,4.2936051730729785,small
pay117782,cus2047,mer35,2025-01-15 14:49:00,169.12,debit_card,bank_i,education_fees,insufficient_funds,1,0.554,0,,0.172,0.0177,0.4309,0.0542,0.4743,0,14,2,15,5.136504070385433,small
pay109531,cus3893,mer27,2025-02-19 01:09:00,402.6,debit_card,bank_h,travel,card_expired,1,0.0789,0,,0.2119,0.0,0.1288,0.1561,0.2023,0,1,2,19,6.000424288479454,small
pay115302,cus297,mer10,2025-06-01 14:48:00,327.59,upi,bank_d,food_delivery,upi_server_busy,1,0.8406,0,,0.2866,0.9808,0.3213,0.0,0.5674,1,14,6,1,5.794810773003765,small
pay117032,cus237,mer87,2025-04-22 19:00:00,2296.35,netbanking,bank_a,travel,bank_server_timeout,2,0.8188,1,1.0,0.3945,0.3256,0.4343,0.7863,0.2575,0,19,1,22,7.739511563741555,medium
pay116093,cus2971,mer37,2025-05-09 17:49:00,205.17,credit_card,bank_c,ecommerce,otp_expired,4,0.4834,1,0.0,0.1388,0.1861,0.1336,0.3076,0.4273,0,17,4,9,5.3287010711824765,small
pay116747,cus3818,mer70,2025-03-14 22:46:00,495.19,upi,bank_i,education_fees,upi_server_busy,3,0.851,1,0.0,0.2008,0.6008,0.5287,0.6451,0.439,0,22,4,14,6.206958917890576,small
pay107337,cus3471,mer104,2025-03-10 09:35:00,7798.11,debit_card,bank_f,food_delivery,upi_server_busy,1,0.8197,0,,0.478,0.6127,0.3267,0.0786,0.521,0,9,0,10,8.961764903603388,large
pay110519,cus2850,mer41,2025-02-04 22:05:00,4633.17,netbanking,bank_h,travel,otp_expired,3,0.6787,1,0.0,0.344,0.3235,0.3687,0.0828,0.2327,0,22,1,4,8.441212389688442,medium
pay118198,cus1840,mer55,2025-02-18 11:55:00,718.01,upi,bank_f,food_delivery,bank_server_timeout,3,0.7846,1,1.0,0.1524,0.8513,0.3929,0.7611,0.2582,0,11,1,18,6.57787526583017,medium
pay109129,cus1355,mer119,2025-01-29 20:55:00,2431.74,upi,bank_h,utility_bills,card_expired,3,0.071,0,,0.3326,0.0,0.0,0.0935,0.1061,0,20,2,29,7.796773473119197,medium
pay100880,cus3485,mer34,2025-01-16 11:37:00,337.92,credit_card,bank_c,education_fees,otp_expired,4,0.6197,0,,0.078,0.2584,0.0518,0.0142,0.1752,0,11,3,16,5.825764091330264,small
pay115261,cus341,mer17,2025-04-02 14:20:00,188.3,debit_card,bank_h,education_fees,bank_server_timeout,3,0.795,1,1.0,0.6039,0.8662,0.4144,0.7334,0.3242,0,14,2,2,5.243333058215277,small
pay102441,cus1409,mer72,2025-01-01 04:36:00,597.73,upi,bank_g,education_fees,insufficient_funds,1,0.4956,0,,0.283,0.3883,0.7714,0.0,0.486,0,4,2,1,6.394810745244479,medium
pay118065,cus1912,mer75,2025-03-13 16:32:00,130.56,upi,bank_g,travel,bank_server_timeout,3,0.7838,1,1.0,0.1655,0.7427,0.5041,0.5415,0.4632,0,16,3,13,4.8794630213208565,small
pay101173,cus80,mer47,2025-02-01 22:49:00,2926.78,debit_card,bank_b,subscription_saas,network_timeout,3,0.7382,1,0.0,0.4207,0.5686,0.3775,0.5167,0.4936,1,22,5,1,7.9819997356462835,medium
pay113224,cus955,mer51,2025-03-18 09:14:00,154.4,upi,bank_a,food_delivery,bank_server_timeout,3,0.7464,1,0.0,0.1992,0.6293,0.546,0.5254,0.287,0,9,1,18,5.046002437933547,small
pay111667,cus268,mer52,2025-04-28 14:32:00,50.0,upi,bank_i,food_delivery,duplicate_payment_block,2,0.307,0,,0.119,0.0527,0.2564,0.0,0.0211,0,14,0,28,3.9318256327243257,small
pay113878,cus573,mer6,2025-06-07 09:32:00,642.54,netbanking,bank_j,ecommerce,upi_server_busy,3,0.8387,1,1.0,0.4524,0.7692,0.1366,0.8483,0.4266,1,9,5,7,6.466984185166485,medium
pay111001,cus664,mer80,2025-01-31 19:36:00,426.0,credit_card,bank_c,travel,upi_server_busy,4,0.7745,1,1.0,0.195,0.6841,0.1314,0.5724,0.3594,0,19,4,31,6.056784013228625,small
pay107110,cus799,mer37,2025-01-08 02:50:00,1830.19,debit_card,bank_j,food_delivery,insufficient_funds,4,0.4772,1,0.0,0.5152,0.4178,0.8086,0.267,0.3467,0,2,2,8,7.51272130772349,medium
pay117012,cus2011,mer9,2025-02-21 21:08:00,369.2,debit_card,bank_h,travel,insufficient_funds,1,0.4934,0,,0.132,0.0,0.5903,0.0596,0.4078,0,21,4,21,5.914043400139397,small
pay111471,cus1518,mer49,2025-06-21 09:56:00,2052.27,netbanking,bank_c,ecommerce,bank_server_timeout,3,0.8324,1,1.0,0.2953,0.6948,0.3847,0.9436,0.375,1,9,5,21,7.627188923227921,medium
pay112239,cus3875,mer17,2025-01-01 01:48:00,1813.21,upi,bank_h,food_delivery,network_timeout,3,0.7745,0,,0.2517,0.6672,0.3521,0.4584,0.244,0,1,2,1,7.503405390237089,medium
pay110756,cus2448,mer10,2025-01-30 02:37:00,477.3,debit_card,bank_a,utility_bills,upi_server_busy,2,0.84,1,1.0,0.0813,0.9799,0.1038,0.6002,0.1627,0,2,3,30,6.170238150686251,small
pay109173,cus2517,mer72,2025-04-02 00:53:00,94.86,credit_card,bank_a,utility_bills,bank_server_timeout,4,0.8932,1,1.0,0.0919,0.5783,0.6172,0.6249,0.3277,0,0,2,2,4.562888793731485,small
pay102246,cus2799,mer46,2025-04-14 14:44:00,417.97,debit_card,bank_j,utility_bills,insufficient_funds,1,0.4883,0,,0.2714,0.3292,0.6943,0.0987,0.3294,0,14,0,14,6.037799318313458,small
pay111584,cus942,mer49,2025-03-02 23:45:00,1646.88,upi,bank_f,food_delivery,network_timeout,4,0.8081,1,0.0,0.3829,0.7725,0.1328,0.3826,0.0551,1,23,6,2,7.407244892284257,medium
pay116944,cus357,mer89,2025-05-26 18:02:00,4192.71,credit_card,bank_g,food_delivery,upi_server_busy,4,0.876,0,,0.3489,0.6245,0.3155,0.735,0.3648,0,18,0,26,8.341341062671525,medium
pay108407,cus1795,mer47,2025-04-21 14:20:00,1944.22,upi,bank_d,education_fees,card_expired,4,0.0195,0,,0.4582,0.0,0.0493,0.0489,0.0298,0,14,0,21,7.5731303601958775,medium
pay106298,cus193,mer105,2025-02-23 07:17:00,82.35,upi,bank_f,education_fees,upi_server_busy,4,0.8158,1,1.0,0.1347,0.8672,0.516,0.6064,0.2761,1,7,6,23,4.423048609196803,small
pay105442,cus2296,mer120,2025-06-16 01:43:00,284.54,upi,bank_c,education_fees,network_timeout,2,0.7659,1,0.0,0.1293,0.5393,0.2712,0.2038,0.3362,0,1,0,16,5.654382124361074,small
pay106551,cus1928,mer59,2025-05-28 13:35:00,538.07,credit_card,bank_e,ecommerce,insufficient_funds,1,0.4857,0,,0.0845,0.195,0.5541,0.1096,0.3789,0,13,2,28,6.289845432606472,medium
pay102328,cus3024,mer26,2025-01-05 17:49:00,2128.94,debit_card,bank_i,food_delivery,insufficient_funds,1,0.4439,0,,0.3514,0.0,0.884,0.0,0.6588,1,17,6,5,7.663849089292632,medium
pay110857,cus1477,mer47,2025-06-17 00:16:00,741.45,upi,bank_f,travel,issuer_decline,2,0.5342,0,,0.2034,0.1873,0.2664,0.3945,0.239,0,0,1,17,6.609955528342071,medium
pay109592,cus768,mer110,2025-06-29 20:35:00,4985.29,upi,bank_b,travel,otp_expired,2,0.5806,0,,0.4466,0.1438,0.306,0.4732,0.3442,1,20,6,29,8.514447425248107,medium
pay110227,cus2655,mer31,2025-06-18 11:44:00,907.36,upi,bank_j,food_delivery,issuer_decline,4,0.3213,0,,0.3318,0.2093,0.0,0.1365,0.2491,0,11,2,18,6.8116407757964685,medium
pay104910,cus3670,mer11,2025-06-20 09:45:00,15494.5,upi,bank_g,food_delivery,bank_server_timeout,2,0.7834,1,0.0,0.518,0.8321,0.3227,0.3869,0.3108,0,9,4,20,9.648304938174935,large
pay106796,cus3670,mer113,2025-01-14 18:42:00,862.88,upi,bank_a,subscription_saas,card_expired,2,0.0,0,,0.8578,0.0,0.0,0.0,0.0439,0,18,1,14,6.761433870269212,medium
pay109940,cus2975,mer53,2025-04-14 04:48:00,1063.65,debit_card,bank_e,utility_bills,otp_expired,4,0.5733,1,1.0,0.3136,0.4708,0.434,0.0189,0.3714,0,4,0,14,6.970401385632408,medium
pay101822,cus2701,mer106,2025-02-24 07:01:00,315.32,debit_card,bank_j,travel,issuer_decline,3,0.5448,1,0.0,0.3081,0.1067,0.0713,0.2754,0.3083,0,7,0,24,5.756754359422307,small
pay106773,cus1232,mer112,2025-04-09 19:35:00,1734.12,upi,bank_h,ecommerce,insufficient_funds,2,0.4201,0,,0.3975,0.2714,0.4821,0.3714,0.3652,0,19,2,9,7.458831854254352,medium
pay100211,cus146,mer49,2025-05-10 00:58:00,2259.29,upi,bank_e,travel,upi_server_busy,3,0.8513,0,,0.3447,0.8596,0.66,0.4562,0.372,1,0,5,10,7.723248402618277,medium
pay108575,cus3924,mer51,2025-02-08 22:48:00,151.93,debit_card,bank_a,utility_bills,insufficient_funds,4,0.5474,1,0.0,0.0538,0.0788,0.6711,0.1593,0.378,1,22,5,8,5.029980300360032,small
pay104541,cus1288,mer98,2025-04-24 05:03:00,698.87,debit_card,bank_g,travel,account_blocked,3,0.007,0,,0.0796,0.0774,0.1907,0.0972,0.0,0,5,3,24,6.550894603510657,medium
pay110530,cus2135,mer101,2025-02-16 03:39:00,1266.12,upi,bank_e,ecommerce,bank_server_timeout,1,0.7619,1,1.0,0.3084,0.6565,0.5532,0.0,0.3355,1,3,6,16,7.144501887754164,medium
pay101055,cus3025,mer58,2025-06-29 04:25:00,418.16,upi,bank_i,travel,insufficient_funds,1,0.4368,1,1.0,0.2366,0.2514,0.7203,0.0,0.4801,1,4,6,29,6.038252708606741,small
pay117760,cus1709,mer41,2025-01-27 07:13:00,2012.59,upi,bank_g,ecommerce,otp_expired,1,0.6266,1,0.0,0.3814,0.3344,0.4023,0.067,0.2488,0,7,0,27,7.607674477579136,medium
pay112643,cus2784,mer9,2025-03-10 03:09:00,53.99,upi,bank_h,food_delivery,otp_expired,2,0.6822,1,0.0,0.1668,0.4993,0.6365,0.0679,0.3514,0,3,0,10,4.007151350519723,small
pay112774,cus2259,mer75,2025-01-26 18:52:00,849.53,upi,bank_h,subscription_saas,bank_server_timeout,2,0.8548,1,1.0,0.1927,0.5613,0.1566,0.7138,0.2941,1,18,6,26,6.745859684582433,medium
pay110057,cus679,mer39,2025-04-17 13:27:00,492.71,debit_card,bank_i,travel,network_timeout,4,0.8432,1,0.0,0.2688,0.5712,0.0724,0.3969,0.3747,0,13,3,17,6.201948300275401,small
pay110088,cus339,mer110,2025-03-17 17:55:00,664.03,upi,bank_g,ecommerce,bank_server_timeout,4,0.7528,1,1.0,0.1368,0.6596,0.3668,0.8651,0.391,0,17,0,17,6.499832152420258,medium
pay102115,cus3169,mer92,2025-02-06 10:54:00,456.76,upi,bank_j,utility_bills,issuer_decline,2,0.437,1,1.0,0.269,0.1975,0.4256,0.0,0.1973,0,10,3,6,6.1263450293018,small
pay107902,cus2356,mer50,2025-03-02 05:22:00,146.54,upi,bank_h,food_delivery,network_timeout,1,0.75,1,0.0,0.1001,0.7775,0.4967,0.0108,0.4533,1,5,6,2,4.9940993254561565,small
pay112512,cus3795,mer95,2025-06-27 15:02:00,1508.89,credit_card,bank_c,education_fees,upi_server_busy,2,0.8156,1,0.0,0.265,0.7054,0.4615,0.2751,0.5611,0,15,4,27,7.31979207947333,medium
pay118356,cus3565,mer35,2025-04-14 19:15:00,1581.76,upi,bank_i,ecommerce,upi_server_busy,4,0.8445,1,1.0,0.2117,0.7259,0.1865,0.5114,0.3836,0,19,0,14,7.366925437521478,medium
pay117116,cus670,mer69,2025-03-26 21:44:00,5957.77,credit_card,bank_i,education_fees,bank_server_timeout,3,0.8827,1,0.0,0.4274,0.4049,0.2412,0.5506,0.1539,0,21,2,26,8.692619362922045,large
pay112442,cus2796,mer40,2025-06-14 13:21:00,368.36,credit_card,bank_j,ecommerce,account_blocked,4,0.0138,0,,0.3041,0.0,0.1499,0.0,0.1145,1,13,5,14,5.911771778198734,small
pay119393,cus1239,mer78,2025-02-14 06:00:00,113.61,credit_card,bank_b,ecommerce,bank_server_timeout,3,0.8302,1,1.0,0.211,0.874,0.6077,0.664,0.4553,0,6,4,14,4.741535060508608,small
pay118327,cus3557,mer40,2025-04-15 02:18:00,548.96,netbanking,bank_a,travel,issuer_decline,4,0.3716,1,0.0,0.1294,0.0443,0.0,0.3718,0.0555,0,2,1,15,6.309845548309033,medium
pay116619,cus2033,mer69,2025-06-24 15:52:00,1074.83,upi,bank_b,utility_bills,upi_server_busy,1,0.7778,0,,0.1638,0.8804,0.7798,0.0515,0.5935,0,15,1,24,6.9808477356745335,medium
pay108159,cus3052,mer11,2025-03-23 03:00:00,337.67,credit_card,bank_c,ecommerce,network_timeout,4,0.6999,0,,0.0992,0.6199,0.2226,0.3883,0.37,1,3,6,23,5.825026181941565,small
pay119257,cus1380,mer48,2025-06-20 20:50:00,2118.41,netbanking,bank_e,subscription_saas,insufficient_funds,1,0.514,1,0.0,0.2406,0.2849,0.3123,0.0641,0.4538,0,20,4,20,7.658893027046109,medium
pay118280,cus1934,mer76,2025-04-19 22:57:00,2837.65,upi,bank_j,travel,bank_server_timeout,2,0.8398,1,1.0,0.4746,0.8477,0.2746,0.8702,0.3499,1,22,5,19,7.951083866026944,medium
pay113672,cus508,mer41,2025-02-17 00:18:00,347.15,netbanking,bank_b,utility_bills,bank_server_timeout,3,0.8574,1,0.0,0.1717,0.5171,0.3558,0.6937,0.3678,0,0,0,17,5.852633421388556,small
pay112611,cus2078,mer15,2025-01-16 23:54:00,260.17,upi,bank_d,food_delivery,insufficient_funds,2,0.4478,0,,0.2639,0.1535,0.5979,0.2456,0.2241,0,23,3,16,5.56517153628838,small
pay102953,cus521,mer50,2025-03-20 14:24:00,203.25,netbanking,bank_g,utility_bills,network_timeout,3,0.669,0,,0.1848,0.6718,0.3935,0.3457,0.3037,0,14,3,20,5.319344733740112,small
pay111721,cus3821,mer47,2025-04-19 07:05:00,4319.26,upi,bank_g,food_delivery,insufficient_funds,4,0.5511,1,0.0,0.4238,0.0423,0.6316,0.1515,0.4418,1,7,5,19,8.371070864612285,medium
pay110788,cus975,mer113,2025-01-22 10:45:00,322.93,upi,bank_j,education_fees,otp_expired,4,0.6079,1,0.0,0.3846,0.4881,0.3728,0.0058,0.2441,0,10,2,22,5.780527443067584,small
pay106155,cus3240,mer16,2025-04-20 23:21:00,206.32,upi,bank_f,subscription_saas,insufficient_funds,4,0.4962,1,0.0,0.1579,0.4463,0.8075,0.0368,0.2797,1,23,6,20,5.334263493321505,small
pay111535,cus1095,mer88,2025-04-21 22:27:00,645.26,upi,bank_g,travel,insufficient_funds,1,0.581,1,0.0,0.0234,0.0928,0.6551,0.0,0.4848,0,22,0,21,6.471201899590734,medium
pay101193,cus711,mer118,2025-05-07 13:06:00,116.38,debit_card,bank_a,utility_bills,bank_server_timeout,3,0.7853,1,0.0,0.216,0.2648,0.5747,0.7981,0.155,0,13,2,7,4.765416535130188,small
pay117203,cus1332,mer52,2025-01-10 02:34:00,1538.1,credit_card,bank_b,ecommerce,otp_expired,3,0.6224,1,0.0,0.2596,0.3626,0.432,0.3462,0.4355,0,2,4,10,7.338953108985908,medium
pay117218,cus2227,mer66,2025-06-06 05:36:00,96.92,debit_card,bank_d,ecommerce,issuer_decline,4,0.3898,1,0.0,0.2639,0.1669,0.3316,0.2375,0.2674,0,5,4,6,4.584150818764016,small
pay101442,cus89,mer43,2025-06-18 05:43:00,829.26,upi,bank_a,food_delivery,bank_server_timeout,2,0.7498,1,0.0,0.1781,0.6603,0.502,0.4793,0.3348,0,5,2,18,6.721738904749211,medium
pay114954,cus1293,mer92,2025-03-21 04:40:00,120.82,debit_card,bank_i,subscription_saas,insufficient_funds,3,0.4608,0,,0.0905,0.4101,0.5982,0.0831,0.3656,0,4,4,21,4.802544545408338,small
pay108034,cus1919,mer78,2025-05-27 05:35:00,568.51,upi,bank_f,utility_bills,network_timeout,2,0.7706,1,1.0,0.2633,0.8432,0.1662,0.4909,0.331,0,5,1,27,6.344776341995586,medium
pay103284,cus3031,mer50,2025-03-16 12:42:00,751.46,debit_card,bank_a,utility_bills,issuer_decline,3,0.4068,0,,0.176,0.0864,0.1136,0.3965,0.0162,1,12,6,16,6.623347839064014,medium
pay113707,cus2215,mer96,2025-03-15 09:34:00,4660.12,credit_card,bank_j,education_fees,bank_server_timeout,4,0.7852,1,1.0,0.5958,0.7064,0.5558,0.8574,0.2773,1,9,5,15,8.447011041589496,medium
pay118021,cus64,mer105,2025-03-22 18:34:00,1236.79,upi,bank_d,travel,bank_server_timeout,3,0.7584,1,1.0,0.4639,0.669,0.438,0.7674,0.2793,1,18,5,22,7.121082810423055,medium
pay109010,cus3230,mer55,2025-03-24 14:27:00,2196.02,debit_card,bank_j,ecommerce,otp_expired,2,0.6384,0,,0.5156,0.3714,0.43,0.0,0.2281,0,14,0,24,7.694857175665888,medium
pay119929,cus3640,mer89,2025-04-12 17:25:00,148.92,debit_card,bank_e,food_delivery,issuer_decline,4,0.42,1,0.0,0.1186,0.3822,0.0082,0.3558,0.289,1,17,5,12,5.010101818490112,small
pay116411,cus1509,mer26,2025-03-08 17:05:00,4936.8,credit_card,bank_i,food_delivery,otp_expired,1,0.5735,1,0.0,0.4866,0.4261,0.4179,0.1745,0.4105,1,17,5,8,8.504675166857265,medium
pay117801,cus2912,mer27,2025-02-03 23:14:00,804.58,upi,bank_f,ecommerce,network_timeout,2,0.7174,1,1.0,0.8464,0.6939,0.2725,0.2278,0.2829,0,23,0,3,6.691562514879692,medium
pay113305,cus2788,mer52,2025-05-01 12:02:00,1470.61,debit_card,bank_a,utility_bills,insufficient_funds,3,0.4108,0,,0.3422,0.0575,0.847,0.3634,0.3754,0,12,3,1,7.294112318532347,medium
pay101013,cus1184,mer71,2025-02-26 14:25:00,12210.05,netbanking,bank_b,travel,issuer_decline,4,0.4467,1,1.0,0.5191,0.1788,0.1582,0.0,0.3409,0,14,2,26,9.41009655849338,large
pay115226,cus1841,mer78,2025-03-10 18:53:00,4588.32,debit_card,bank_e,food_delivery,otp_expired,1,0.5572,0,,0.4139,0.1539,0.4641,0.0446,0.451,0,18,0,10,8.431487143931422,medium
pay119019,cus1089,mer27,2025-01-14 04:24:00,2548.64,debit_card,bank_e,food_delivery,issuer_decline,1,0.3264,1,0.0,0.2985,0.1966,0.2586,0.0025,0.0751,0,4,1,14,7.843707451715548,medium
pay107558,cus1833,mer15,2025-01-19 19:40:00,84.06,debit_card,bank_e,utility_bills,insufficient_funds,1,0.4501,1,0.0,0.1748,0.2529,0.4581,0.2047,0.5751,1,19,6,19,4.443356889825488,small
pay114906,cus3748,mer77,2025-01-19 14:11:00,501.73,debit_card,bank_h,utility_bills,insufficient_funds,3,0.4816,1,0.0,0.1888,0.2101,0.498,0.115,0.3247,1,14,6,19,6.220053246658087,medium
pay119625,cus2248,mer101,2025-04-28 04:40:00,651.09,credit_card,bank_a,education_fees,bank_server_timeout,3,0.7585,1,1.0,0.2078,0.6519,0.2244,0.6933,0.2823,0,4,0,28,6.480182589210266,medium
pay100591,cus862,mer8,2025-06-12 11:28:00,88.41,debit_card,bank_a,subscription_saas,bank_server_timeout,3,0.7043,0,,0.1084,0.6268,0.4578,0.5683,0.2984,0,11,3,12,4.493232532747227,small
pay114555,cus989,mer11,2025-04-29 05:11:00,714.35,upi,bank_i,ecommerce,insufficient_funds,3,0.6003,1,0.0,0.2411,0.314,0.7073,0.0904,0.2642,0,5,1,29,6.572771933412343,medium
pay105967,cus2167,mer5,2025-04-20 03:00:00,2591.85,upi,bank_b,food_delivery,bank_server_timeout,1,0.8577,1,1.0,0.3812,0.825,0.6328,0.1499,0.3101,1,3,6,20,7.860512935812952,medium
pay103207,cus2851,mer28,2025-05-27 14:32:00,262.33,debit_card,bank_f,food_delivery,duplicate_payment_block,3,0.1757,0,,0.1882,0.0438,0.1994,0.0,0.1018,0,14,1,27,5.573407998484993,small
pay100007,cus3757,mer44,2025-05-06 12:38:00,899.94,upi,bank_c,education_fees,bank_server_timeout,3,0.7799,1,1.0,0.2917,0.8192,0.4888,0.6765,0.3654,0,12,1,6,6.803438662716141,medium
pay113331,cus2398,mer66,2025-05-09 19:31:00,66.41,debit_card,bank_b,ecommerce,card_expired,4,0.108,0,,0.2364,0.0095,0.0,0.1308,0.0392,0,19,4,9,4.210793374865347,small
pay118211,cus346,mer38,2025-05-12 05:35:00,2974.68,upi,bank_h,food_delivery,issuer_decline,3,0.395,1,0.0,0.1696,0.0503,0.2052,0.2223,0.3075,0,5,0,12,7.9982278632898325,medium
pay111767,cus3509,mer81,2025-06-22 18:24:00,746.47,netbanking,bank_f,food_delivery,issuer_decline,4,0.5129,1,1.0,0.2413,0.1672,0.1351,0.3009,0.0427,1,18,6,22,6.616694170680196,medium
pay116043,cus1964,mer117,2025-02-17 10:52:00,146.81,upi,bank_j,food_delivery,upi_server_busy,2,0.8899,1,1.0,0.3541,0.6975,0.3418,0.7454,0.2897,0,10,0,17,4.995927665223982,small
pay103920,cus555,mer14,2025-06-18 21:07:00,1720.4,upi,bank_h,ecommerce,otp_expired,2,0.619,1,0.0,0.3328,0.2348,0.1552,0.2879,0.3486,0,21,2,18,7.450893192215374,medium
pay110597,cus1458,mer116,2025-02-17 05:06:00,50.0,credit_card,bank_f,food_delivery,insufficient_funds,4,0.5307,1,0.0,0.2495,0.0951,0.6031,0.2825,0.3386,0,5,0,17,3.9318256327243257,small
pay114804,cus3512,mer78,2025-01-31 05:44:00,273.78,netbanking,bank_g,utility_bills,network_timeout,2,0.7256,0,,0.006,0.5806,0.2761,0.2577,0.1596,0,5,4,31,5.615970777495802,small
pay115532,cus952,mer102,2025-05-31 16:33:00,2296.33,debit_card,bank_a,travel,bank_server_timeout,3,0.8783,1,1.0,0.3457,0.7172,0.6107,0.6165,0.5018,1,16,5,31,7.739502858021026,medium
pay111456,cus1565,mer24,2025-03-16 07:08:00,5687.0,netbanking,bank_g,travel,network_timeout,3,0.7661,0,,0.4815,0.6505,0.5489,0.3708,0.352,1,7,6,16,8.646113971483077,large
pay112383,cus2165,mer41,2025-01-25 11:50:00,188.64,netbanking,bank_b,utility_bills,insufficient_funds,3,0.5025,0,,0.2523,0.1541,0.0265,0.2533,0.4482,1,11,5,25,5.245127538033917,small
pay102848,cus829,mer67,2025-02-20 09:16:00,510.75,debit_card,bank_h,ecommerce,issuer_decline,4,0.3482,0,,0.0834,0.1448,0.043,0.17,0.0,0,9,3,20,6.2378362245413985,medium
pay119324,cus2870,mer19,2025-02-17 12:21:00,637.14,upi,bank_i,utility_bills,issuer_decline,3,0.5491,0,,0.0845,0.1514,0.1781,0.1072,0.0246,0,12,0,17,6.458557695008968,medium
pay114483,cus1630,mer29,2025-02-22 04:20:00,2397.13,upi,bank_i,subscription_saas,issuer_decline,3,0.4592,0,,0.4542,0.2637,0.3114,0.0371,0.0299,1,4,5,22,7.782444545961253,medium
pay118964,cus2235,mer112,2025-06-20 11:49:00,125.48,credit_card,bank_g,education_fees,duplicate_payment_block,4,0.3744,0,,0.121,0.0,0.0,0.0297,0.0,0,11,4,20,4.840084192901217,small
pay117682,cus2535,mer25,2025-03-13 05:08:00,525.76,upi,bank_b,travel,bank_server_timeout,4,0.8728,1,1.0,0.2429,0.7215,0.5365,0.4322,0.4584,0,5,3,13,6.2667450368420194,medium
pay119710,cus1516,mer23,2025-01-18 02:37:00,73.56,netbanking,bank_d,food_delivery,otp_expired,3,0.5521,1,0.0,0.2527,0.3338,0.2732,0.1472,0.3281,1,2,5,18,4.311604170377335,small
pay113257,cus3380,mer85,2025-02-06 06:52:00,1171.94,credit_card,bank_i,food_delivery,bank_server_timeout,2,0.7776,1,1.0,0.28,0.8344,0.5065,0.473,0.3088,0,6,3,6,7.067268696450083,medium
pay106929,cus131,mer81,2025-05-16 05:43:00,676.7,credit_card,bank_g,ecommerce,card_expired,3,0.0,0,,0.3038,0.0,0.0337,0.1298,0.0974,0,5,4,16,6.518704712142068,medium
pay107194,cus3355,mer54,2025-05-14 16:00:00,387.63,credit_card,bank_b,subscription_saas,network_timeout,4,0.6943,1,1.0,0.1968,0.7579,0.0675,0.5077,0.3935,0,16,2,14,5.962627734169424,small
pay100274,cus1490,mer84,2025-03-17 06:26:00,3677.89,upi,bank_e,ecommerce,issuer_decline,4,0.5556,1,0.0,0.393,0.2136,0.1315,0.1055,0.0569,0,6,0,17,8.210366355228585,medium
pay107701,cus79,mer71,2025-03-18 07:45:00,805.55,upi,bank_g,food_delivery,bank_server_timeout,2,0.7083,1,1.0,0.2422,0.8354,0.543,0.5401,0.2277,0,7,1,18,6.692765891923797,medium
pay106235,cus2929,mer94,2025-05-02 04:47:00,4523.16,credit_card,bank_c,travel,bank_server_timeout,1,0.8444,1,1.0,0.384,0.7687,0.5104,0.0863,0.2978,0,4,4,2,8.417187203542534,medium
pay103599,cus846,mer65,2025-04-22 22:27:00,1005.56,debit_card,bank_f,subscription_saas,network_timeout,2,0.7951,1,0.0,0.2759,0.7223,0.3643,0.5373,0.3707,0,22,1,22,6.914293855821719,medium
pay106518,cus784,mer91,2025-02-05 02:03:00,1261.9,debit_card,bank_g,education_fees,upi_server_busy,2,0.8654,1,1.0,0.3547,0.5334,0.301,0.6771,0.1295,0,2,2,5,7.141165942652124,medium
pay111286,cus3951,mer85,2025-01-10 10:35:00,880.74,debit_card,bank_c,education_fees,insufficient_funds,2,0.5159,0,,0.2986,0.3481,0.5012,0.3828,0.3439,0,10,4,10,6.781897227968777,medium
pay110498,cus2674,mer27,2025-05-06 16:39:00,1140.01,upi,bank_i,ecommerce,upi_server_busy,3,0.8957,1,1.0,0.3959,0.7754,0.3146,0.7607,0.3105,0,16,1,6,7.039669114065563,medium
pay111566,cus899,mer29,2025-01-24 11:08:00,50.0,debit_card,bank_i,education_fees,insufficient_funds,2,0.4982,0,,0.1867,0.1482,0.5736,0.4165,0.3941,0,11,4,24,3.9318256327243257,small
pay102181,cus3631,mer1,2025-02-13 05:46:00,217.07,netbanking,bank_e,ecommerce,upi_server_busy,1,0.8577,1,0.0,0.1328,0.6378,0.3389,0.0855,0.4261,0,5,3,13,5.384816112164653,small
pay101459,cus2102,mer40,2025-04-03 21:30:00,1721.6,upi,bank_g,food_delivery,bank_server_timeout,4,0.8085,0,,0.3828,0.8102,0.4045,0.9368,0.2329,0,21,3,3,7.451590056355073,medium
pay115767,cus2605,mer46,2025-05-08 12:38:00,1212.21,netbanking,bank_f,travel,network_timeout,3,0.7518,1,0.0,0.2582,0.4383,0.0252,0.4344,0.4734,0,12,3,8,7.101025018444484,medium
pay116264,cus236,mer60,2025-01-04 00:01:00,5477.43,netbanking,bank_g,ecommerce,network_timeout,2,0.713,1,0.0,0.4396,0.5441,0.157,0.5652,0.2192,1,0,5,4,8.608573842543777,large
pay117969,cus1125,mer81,2025-04-18 10:34:00,884.25,upi,bank_h,ecommerce,upi_server_busy,4,0.8664,1,1.0,0.1693,0.6976,0.2695,0.7668,0.3831,0,10,4,18,6.785870090992013,medium
pay117588,cus3738,mer37,2025-04-14 23:32:00,4022.73,upi,bank_c,food_delivery,issuer_decline,1,0.4341,1,0.0,0.3457,0.3041,0.2225,0.2442,0.0584,0,23,0,14,8.299964612112936,medium
pay108078,cus1573,mer97,2025-01-08 12:12:00,278.24,netbanking,bank_j,utility_bills,network_timeout,3,0.7981,1,1.0,0.3058,0.5859,0.2248,0.387,0.322,0,12,2,8,5.632071627102201,small
pay118769,cus215,mer82,2025-03-28 02:22:00,3112.03,upi,bank_b,education_fees,upi_server_busy,2,0.8273,0,,0.4307,0.5687,0.3009,0.7791,0.4453,0,2,4,28,8.043351807401276,medium
pay117367,cus1761,mer64,2025-06-05 19:02:00,144.96,debit_card,bank_e,utility_bills,issuer_decline,4,0.4906,1,0.0,0.1435,0.0165,0.1741,0.0131,0.0663,0,19,3,5,4.983332611568247,small
pay113252,cus1907,mer70,2025-06-28 05:07:00,470.62,debit_card,bank_c,ecommerce,upi_server_busy,3,0.8173,1,1.0,0.1922,0.727,0.2915,0.6943,0.274,1,5,5,28,6.156173576585022,small
pay102825,cus1430,mer1,2025-06-01 14:07:00,904.48,credit_card,bank_h,food_delivery,upi_server_busy,3,0.8015,1,0.0,0.0569,0.544,0.4123,0.7431,0.4659,1,14,6,1,6.808465189834925,medium
pay102941,cus1718,mer100,2025-06-18 14:25:00,71.83,debit_card,bank_e,ecommerce,bank_server_timeout,3,0.7479,1,1.0,0.0824,0.7415,0.6017,0.7841,0.3072,0,14,2,18,4.288127958229824,small
pay115682,cus1012,mer1,2025-03-14 03:02:00,371.0,upi,bank_j,food_delivery,issuer_decline,2,0.4219,1,0.0,0.2973,0.1705,0.1434,0.1221,0.0792,0,3,4,14,5.918893854273146,small
pay108090,cus1256,mer109,2025-04-05 04:03:00,211.43,debit_card,bank_d,food_delivery,issuer_decline,4,0.4453,1,1.0,0.2541,0.4965,0.0811,0.306,0.0,1,4,5,5,5.358612522331792,small
pay107738,cus634,mer82,2025-05-01 11:03:00,6060.29,debit_card,bank_j,food_delivery,upi_server_busy,2,0.8725,1,0.0,0.4539,0.4737,0.257,0.6447,0.402,0,11,3,1,8.709677927696612,large
pay111200,cus3986,mer85,2025-06-26 18:22:00,2938.27,upi,bank_c,education_fees,bank_server_timeout,2,0.8007,0,,0.4013,0.6389,0.3473,1.0,0.2742,0,18,3,26,7.98591653018162,medium
pay108012,cus1987,mer61,2025-01-12 20:24:00,809.51,upi,bank_a,travel,issuer_decline,3,0.4819,1,0.0,0.2682,0.2293,0.1122,0.1059,0.2918,1,20,6,12,6.697663679162542,medium
pay103109,cus2408,mer13,2025-02-12 11:30:00,581.33,upi,bank_e,ecommerce,account_blocked,4,0.0141,0,,0.3236,0.0,0.0458,0.0,0.2408,0,11,2,12,6.36703729735111,medium
pay107935,cus310,mer98,2025-01-29 11:17:00,1640.51,upi,bank_c,food_delivery,upi_server_busy,1,0.916,1,1.0,0.2527,0.4273,0.1749,0.1062,0.3669,0,11,2,29,7.4033718289121255,medium
pay116008,cus3334,mer34,2025-05-25 05:12:00,7561.08,credit_card,bank_j,ecommerce,insufficient_funds,4,0.5019,1,0.0,0.5807,0.2876,0.6814,0.1626,0.2278,1,5,6,25,8.930901563606767,large
pay103312,cus896,mer65,2025-06-17 09:24:00,495.99,credit_card,bank_j,ecommerce,bank_server_timeout,2,0.8076,1,1.0,0.3005,0.6117,0.3754,0.7892,0.2202,0,9,1,17,6.208569905169858,small
pay110814,cus1296,mer54,2025-01-29 17:48:00,3261.13,netbanking,bank_b,education_fees,insufficient_funds,1,0.4508,1,0.0,0.3523,0.0,0.6457,0.0,0.2013,0,17,2,29,8.090135635237868,medium
pay109951,cus3915,mer33,2025-03-16 03:44:00,669.56,upi,bank_h,utility_bills,network_timeout,2,0.7772,1,1.0,0.259,0.8695,0.1312,0.5476,0.4442,1,3,6,16,6.508113184176762,medium
pay118534,cus1331,mer73,2025-05-13 03:19:00,2384.5,upi,bank_d,education_fees,issuer_decline,4,0.4428,0,,0.5013,0.3925,0.3442,0.0128,0.1891,0,3,1,13,7.7771640249561615,medium
pay113740,cus436,mer92,2025-04-05 12:37:00,466.35,credit_card,bank_j,subscription_saas,bank_server_timeout,4,0.7798,1,1.0,0.3877,0.6567,0.2055,0.6057,0.44,1,12,5,5,6.147078441628593,small
pay100523,cus2430,mer1,2025-05-29 10:33:00,78.36,credit_card,bank_b,utility_bills,insufficient_funds,1,0.4317,0,,0.1045,0.0434,0.4176,0.2134,0.2928,0,10,3,29,4.373994462976618,small
pay107397,cus1196,mer29,2025-01-05 11:02:00,1664.15,credit_card,bank_a,utility_bills,otp_expired,2,0.5994,1,0.0,0.2666,0.3411,0.3895,0.4264,0.1023,1,11,6,5,7.417670488446766,medium
pay110310,cus2074,mer96,2025-03-05 18:51:00,2040.16,upi,bank_f,food_delivery,insufficient_funds,1,0.5011,1,0.0,0.2562,0.4973,0.6303,0.0,0.3699,0,18,2,5,7.621273552681913,medium
pay105572,cus1211,mer45,2025-02-12 23:31:00,573.59,credit_card,bank_h,ecommerce,bank_server_timeout,1,0.8103,1,0.0,0.2628,0.8977,0.4081,0.1687,0.3166,0,23,2,12,6.35365674298268,medium
pay109665,cus2769,mer55,2025-05-03 19:30:00,221.87,netbanking,bank_g,ecommerce,upi_server_busy,3,0.9022,1,1.0,0.1892,0.5555,0.1647,0.7353,0.3462,1,19,5,3,5.406588641831824,small
pay119464,cus1475,mer99,2025-06-28 19:12:00,420.79,upi,bank_a,education_fees,card_expired,3,0.0781,0,,0.2265,0.0,0.0,0.0,0.0,1,19,5,28,6.044507559845193,small
pay112413,cus766,mer64,2025-03-13 05:43:00,9433.94,upi,bank_b,ecommerce,network_timeout,3,0.734,0,,0.4224,0.7372,0.3084,0.307,0.3335,0,5,3,13,9.152175098481953,large
pay109507,cus2709,mer38,2025-03-28 20:34:00,912.47,upi,bank_d,subscription_saas,otp_expired,4,0.5006,0,,0.5012,0.3144,0.2948,0.3765,0.4369,0,20,4,28,6.8172505345562975,medium
pay100110,cus1711,mer18,2025-02-19 21:10:00,845.06,upi,bank_d,education_fees,account_blocked,3,0.0,0,,0.3413,0.0,0.235,0.0,0.1121,0,21,2,19,6.740590279077193,medium
pay119934,cus2405,mer83,2025-04-22 16:02:00,714.57,debit_card,bank_a,ecommerce,account_blocked,1,0.0234,0,,0.1643,0.0,0.1789,0.253,0.0219,0,16,1,22,6.573079427893842,medium
pay108346,cus2237,mer13,2025-02-15 14:19:00,1378.55,debit_card,bank_c,subscription_saas,issuer_decline,1,0.4229,1,0.0,0.3094,0.3275,0.3427,0.0,0.0445,1,14,5,15,7.229512638016816,medium
pay110732,cus1129,mer12,2025-02-12 16:20:00,50.0,credit_card,bank_c,education_fees,otp_expired,4,0.5987,1,1.0,0.0965,0.3402,0.4894,0.1421,0.1949,0,16,2,12,3.9318256327243257,small
pay102975,cus3370,mer37,2025-03-26 10:06:00,265.87,debit_card,bank_f,food_delivery,network_timeout,3,0.7844,1,1.0,0.1848,0.5929,0.3667,0.5539,0.315,0,10,2,26,5.586761648444382,small
pay111791,cus1928,mer37,2025-05-20 21:18:00,1848.97,credit_card,bank_h,subscription_saas,upi_server_busy,4,0.9102,1,1.0,0.2373,0.7435,0.0318,0.8336,0.3588,0,21,1,20,7.52292470172467,medium
pay115926,cus721,mer97,2025-06-11 02:27:00,7653.44,upi,bank_i,subscription_saas,insufficient_funds,3,0.5833,0,,0.4438,0.1155,0.6702,0.2034,0.4296,0,2,2,11,8.943041150615057,large
pay105634,cus3178,mer15,2025-05-18 23:35:00,82.64,netbanking,bank_j,utility_bills,upi_server_busy,4,0.8358,1,0.0,0.2805,0.5617,0.4391,0.6462,0.2664,1,23,6,18,4.426521874560433,small
pay102689,cus395,mer13,2025-06-26 18:52:00,10235.41,upi,bank_j,food_delivery,insufficient_funds,4,0.4217,1,0.0,0.6127,0.0582,0.6131,0.0,0.528,0,18,3,26,9.233706251186382,large
pay117137,cus3197,mer27,2025-05-05 23:25:00,601.87,upi,bank_c,utility_bills,upi_server_busy,4,0.8119,1,1.0,0.2463,0.7011,0.2613,0.767,0.681,0,23,0,5,6.401701584761545,medium
pay104678,cus911,mer36,2025-04-28 14:48:00,108.26,debit_card,bank_f,ecommerce,upi_server_busy,3,0.8143,1,1.0,0.096,0.7308,0.4335,0.7332,0.4017,0,14,0,28,4.693730362967572,small
pay114907,cus3129,mer89,2025-04-19 13:44:00,1719.55,upi,bank_c,ecommerce,issuer_decline,4,0.3912,0,,0.271,0.0267,0.0419,0.11,0.2645,1,13,5,19,7.450399286134647,medium
pay111421,cus3207,mer112,2025-05-20 00:12:00,255.35,upi,bank_j,subscription_saas,network_timeout,3,0.7669,1,1.0,0.89,0.5924,0.2436,0.4943,0.3459,0,0,1,20,5.546543698229709,small
pay119957,cus2622,mer55,2025-05-23 08:25:00,531.33,upi,bank_f,food_delivery,insufficient_funds,1,0.518,1,0.0,0.2893,0.1905,0.4462,0.1064,0.3674,0,8,4,23,6.2772635977865345,medium
pay101819,cus1072,mer65,2025-02-23 01:25:00,1100.52,credit_card,bank_a,ecommerce,issuer_decline,3,0.4786,1,0.0,0.2726,0.1988,0.0,0.2071,0.2832,1,1,6,23,7.004446323136117,medium
pay119603,cus854,mer16,2025-02-01 20:36:00,3717.14,upi,bank_g,subscription_saas,upi_server_busy,2,0.8256,1,1.0,0.3504,0.4848,0.1908,0.5304,0.2986,1,20,5,1,8.22097882222551,medium
pay114507,cus145,mer17,2025-04-20 22:58:00,1333.4,credit_card,bank_d,education_fees,otp_expired,1,0.7164,0,,0.4813,0.4766,0.2545,0.0,0.404,1,22,6,20,7.196237031604483,medium
pay100027,cus3985,mer58,2025-05-29 02:20:00,666.54,credit_card,bank_d,utility_bills,bank_server_timeout,4,0.8393,1,1.0,0.3995,0.6095,0.5012,0.5781,0.1054,0,2,3,29,6.503599313572601,medium
pay101478,cus303,mer46,2025-02-11 11:58:00,768.03,credit_card,bank_i,education_fees,upi_server_busy,3,0.8503,1,1.0,0.2143,0.6181,0.2112,0.4198,0.5394,0,11,1,11,6.6451299804482185,medium
pay101621,cus2263,mer72,2025-01-01 17:18:00,90.55,upi,bank_a,utility_bills,bank_server_timeout,4,0.9207,1,1.0,0.176,0.4369,0.4865,0.6905,0.3358,0,17,2,1,4.51688527112052,small
pay111304,cus2062,mer113,2025-05-13 00:53:00,610.31,upi,bank_j,subscription_saas,bank_server_timeout,3,0.908,1,1.0,0.4257,0.8906,0.4821,0.6131,0.294,0,0,1,13,6.415604195480955,medium
pay104603,cus3607,mer73,2025-05-17 04:06:00,531.34,credit_card,bank_f,subscription_saas,insufficient_funds,2,0.5248,1,0.0,0.2044,0.3289,0.7239,0.0353,0.3893,1,4,5,17,6.277282382950013,medium
pay112323,cus2275,mer36,2025-04-12 03:11:00,745.71,debit_card,bank_i,food_delivery,issuer_decline,3,0.4646,1,1.0,0.2149,0.2884,0.04,0.1406,0.0958,1,3,5,12,6.615676890211255,medium
pay119165,cus1265,mer10,2025-02-10 09:58:00,114.37,upi,bank_h,ecommerce,account_blocked,4,0.0,0,,0.17,0.0,0.0,0.0725,0.0,0,9,0,10,4.748144354939198,small
pay111633,cus2199,mer5,2025-02-24 01:04:00,14863.8,upi,bank_h,subscription_saas,insufficient_funds,1,0.4627,1,0.0,0.4283,0.3941,0.5866,0.0,0.4644,0,1,0,24,9.606751280918544,large
pay106200,cus3667,mer15,2025-06-18 21:55:00,127.14,debit_card,bank_a,education_fees,insufficient_funds,3,0.5464,0,,0.188,0.3027,0.3648,0.0,0.3933,0,21,2,18,4.853123416210876,small
pay106404,cus2729,mer88,2025-05-27 07:07:00,1102.03,upi,bank_c,subscription_saas,insufficient_funds,1,0.4705,0,,0.2318,0.2726,0.6186,0.0874,0.5354,0,7,1,27,7.005816217433039,medium
pay116143,cus1109,mer40,2025-04-07 01:12:00,3943.7,upi,bank_b,food_delivery,bank_server_timeout,4,0.8328,1,1.0,0.3282,0.8769,0.499,0.9818,0.2007,0,1,0,7,8.280128184760983,medium
pay101467,cus2114,mer51,2025-03-11 05:03:00,177.28,credit_card,bank_d,education_fees,network_timeout,1,0.7453,1,0.0,0.2711,0.5242,0.2525,0.1112,0.4147,0,5,1,11,5.183355348078355,small
pay115489,cus2703,mer29,2025-05-22 14:53:00,2054.75,credit_card,bank_b,ecommerce,upi_server_busy,1,0.8319,1,1.0,0.2938,0.7609,0.2349,0.0,0.3057,0,14,3,22,7.628396023851005,medium
pay101372,cus560,mer65,2025-03-22 22:45:00,781.41,netbanking,bank_e,education_fees,insufficient_funds,3,0.5911,1,0.0,0.2027,0.1317,0.4644,0.4229,0.2927,1,22,5,22,6.662378899825023,medium
pay100017,cus1847,mer82,2025-01-24 01:27:00,420.53,upi,bank_a,utility_bills,issuer_decline,1,0.4952,1,0.0,0.0552,0.1915,0.3181,0.0,0.0999,0,1,4,24,6.043890949286358,small
pay115991,cus3648,mer47,2025-03-03 00:56:00,1387.96,upi,bank_c,subscription_saas,otp_expired,4,0.587,0,,0.2056,0.3215,0.3338,0.1453,0.1031,0,0,0,3,7.236310544643498,medium
pay105785,cus2045,mer56,2025-04-22 04:18:00,361.85,netbanking,bank_f,ecommerce,network_timeout,3,0.694,1,1.0,0.235,0.4326,0.1908,0.4831,0.2302,0,4,1,22,5.893989525724146,small
pay106025,cus929,mer14,2025-05-18 04:10:00,597.12,credit_card,bank_d,ecommerce,bank_server_timeout,1,0.8879,0,,0.33,0.5638,0.5416,0.0832,0.4172,1,4,6,18,6.393791402715643,medium
pay100984,cus3741,mer63,2025-04-16 16:29:00,2607.3,upi,bank_h,subscription_saas,insufficient_funds,1,0.4759,1,1.0,0.2547,0.3499,0.5007,0.0,0.4475,0,16,2,16,7.866453947105869,medium
pay116466,cus1096,mer60,2025-02-24 22:02:00,572.17,upi,bank_h,travel,otp_expired,4,0.6294,1,1.0,0.1221,0.1231,0.4066,0.1237,0.454,0,22,0,24,6.351182356831383,medium
pay119493,cus862,mer39,2025-06-27 02:17:00,411.25,debit_card,bank_h,ecommerce,network_timeout,1,0.7041,1,1.0,0.0223,0.7223,0.3612,0.0603,0.2666,0,2,4,27,6.021629961439708,small
pay114386,cus2126,mer11,2025-01-12 20:29:00,668.75,debit_card,bank_i,food_delivery,account_blocked,4,0.0582,0,,0.2687,0.013,0.0417,0.0475,0.0862,1,20,6,12,6.506904508424718,medium
pay110457,cus1860,mer100,2025-02-04 17:39:00,929.34,credit_card,bank_d,ecommerce,otp_expired,2,0.6035,1,0.0,0.4065,0.607,0.3287,0.3151,0.5697,0,17,1,4,6.8355501107329,medium
pay105146,cus1371,mer55,2025-03-27 14:44:00,594.07,netbanking,bank_g,education_fees,upi_server_busy,3,0.9197,1,1.0,0.089,0.5305,0.3881,0.599,0.2493,0,14,3,27,6.388679045684581,medium
pay115969,cus1208,mer49,2025-05-19 07:08:00,1509.1,upi,bank_i,utility_bills,issuer_decline,4,0.5432,1,0.0,0.2605,0.183,0.1999,0.1783,0.0706,0,7,0,19,7.319931152781743,medium
pay105245,cus3181,mer107,2025-02-11 02:24:00,3407.89,credit_card,bank_c,utility_bills,insufficient_funds,2,0.5129,1,0.0,0.3885,0.1422,0.4861,0.2072,0.3453,0,2,1,11,8.134142004090162,medium
pay113088,cus614,mer22,2025-05-01 05:24:00,1860.07,upi,bank_g,food_delivery,duplicate_payment_block,4,0.3526,1,0.0,0.3985,0.3365,0.1151,0.2832,0.012,0,5,3,1,7.528906870120776,medium
pay105880,cus3685,mer6,2025-01-29 00:41:00,472.73,upi,bank_g,education_fees,insufficient_funds,2,0.4799,1,0.0,0.3649,0.1049,0.6706,0.0667,0.3776,0,0,2,29,6.160637539146662,small
pay110397,cus3173,mer35,2025-05-16 14:18:00,156.82,upi,bank_j,ecommerce,duplicate_payment_block,3,0.2889,0,,0.2537,0.2184,0.2309,0.0382,0.0255,0,14,4,16,5.061455143092889,small
pay104313,cus3657,mer19,2025-01-18 14:51:00,12441.38,netbanking,bank_a,utility_bills,insufficient_funds,2,0.5823,1,1.0,0.4683,0.5038,0.5835,0.3176,0.3224,1,14,5,18,9.428863666322128,large
pay105741,cus2180,mer26,2025-04-22 20:42:00,1805.35,credit_card,bank_j,subscription_saas,upi_server_busy,3,0.8609,1,0.0,0.4662,0.2808,0.2159,0.6315,0.2605,0,20,1,22,7.499063513650049,medium
pay100789,cus952,mer77,2025-01-03 05:08:00,916.04,netbanking,bank_c,utility_bills,account_blocked,3,0.0207,0,,0.2417,0.0,0.2047,0.252,0.0,0,5,4,3,6.821151091806754,medium
pay107341,cus2579,mer92,2025-03-06 18:54:00,743.41,upi,bank_d,ecommerce,duplicate_payment_block,2,0.2922,0,,0.3745,0.0,0.3162,0.07,0.1021,0,18,3,6,6.6125919583156945,medium
pay100574,cus3746,mer100,2025-01-02 06:34:00,1305.5,debit_card,bank_b,education_fees,network_timeout,1,0.8021,1,0.0,0.2458,0.5097,0.1501,0.1242,0.2356,0,6,3,2,7.1751070849606675,medium
pay112400,cus1608,mer89,2025-01-10 07:13:00,294.16,debit_card,bank_c,utility_bills,account_blocked,2,0.0323,0,,0.0557,0.0125,0.0,0.0,0.0,0,7,4,10,5.687517582190166,small
pay103581,cus3953,mer97,2025-05-18 16:55:00,301.1,debit_card,bank_f,food_delivery,issuer_decline,4,0.4588,0,,0.2656,0.2209,0.0258,0.0,0.0,1,16,6,18,5.710758088392627,small
pay119859,cus1636,mer14,2025-05-16 01:05:00,8257.47,upi,bank_d,utility_bills,account_blocked,2,0.0334,0,,0.6238,0.0,0.1588,0.1405,0.0,0,1,4,16,9.018994619333611,large
pay119090,cus240,mer60,2025-01-07 23:32:00,713.08,upi,bank_g,food_delivery,upi_server_busy,3,0.8249,1,1.0,0.1536,0.7946,0.468,0.5836,0.2553,0,23,1,7,6.57099500088096,medium
pay109050,cus20,mer14,2025-01-06 11:37:00,9410.7,upi,bank_h,food_delivery,bank_server_timeout,3,0.7872,1,0.0,0.4792,0.3538,0.4194,0.5756,0.1779,0,11,0,6,9.149708875136115,large
pay109120,cus1129,mer75,2025-04-27 12:31:00,1243.81,upi,bank_b,utility_bills,otp_expired,1,0.6209,0,,0.2545,0.2721,0.4027,0.0099,0.4877,1,12,6,27,7.126738186810883,medium
pay116178,cus3692,mer4,2025-02-12 04:19:00,1763.86,debit_card,bank_j,ecommerce,upi_server_busy,2,0.8531,1,1.0,0.4633,0.7856,0.3232,0.4196,0.445,0,4,2,12,7.475826646108076,medium
pay116703,cus1967,mer19,2025-06-08 21:01:00,71.44,debit_card,bank_f,travel,insufficient_funds,3,0.5638,1,1.0,0.1864,0.2758,0.5801,0.1479,0.4036,1,21,6,8,4.282758633015213,small
pay114544,cus1131,mer15,2025-03-04 02:49:00,79.15,debit_card,bank_d,utility_bills,upi_server_busy,1,0.7792,1,1.0,0.3449,0.755,0.3413,0.0,0.3529,0,2,1,4,4.383899879055562,small
pay119611,cus3919,mer1,2025-04-01 09:06:00,342.75,upi,bank_f,travel,bank_server_timeout,2,0.8109,1,1.0,0.1896,0.9048,0.7633,0.6585,0.3898,0,9,1,1,5.839914648980781,small
pay109282,cus2449,mer116,2025-01-23 07:38:00,564.83,upi,bank_i,utility_bills,upi_server_busy,1,0.8589,1,0.0,0.0956,0.8313,0.4921,0.0296,0.472,0,7,3,23,6.338293679731189,medium
pay117284,cus503,mer59,2025-02-09 07:01:00,199.63,debit_card,bank_f,utility_bills,upi_server_busy,4,0.829,1,1.0,0.1699,0.8123,0.3112,0.5619,0.4121,1,7,6,9,5.301462415692109,small
pay119766,cus3553,mer119,2025-03-04 06:10:00,1559.36,credit_card,bank_i,food_delivery,otp_expired,1,0.5801,1,1.0,0.3386,0.5352,0.5124,0.0,0.4893,0,6,1,4,7.352671842851229,medium
pay107356,cus2509,mer110,2025-02-23 15:11:00,143.45,debit_card,bank_h,education_fees,upi_server_busy,3,0.8799,1,1.0,0.3195,0.988,0.1934,0.3309,0.3819,1,15,6,23,4.9729334269122445,small
pay102990,cus148,mer54,2025-03-24 02:10:00,2777.98,upi,bank_i,utility_bills,insufficient_funds,2,0.5572,0,,0.2962,0.4187,0.5611,0.0,0.5506,0,2,0,24,7.9298392328832135,medium
pay108101,cus3204,mer36,2025-06-20 22:18:00,2240.69,upi,bank_g,subscription_saas,issuer_decline,3,0.3144,0,,0.3011,0.4147,0.4042,0.3484,0.1925,0,22,4,20,7.714985324669691,medium
pay116971,cus454,mer15,2025-05-31 20:56:00,77.34,netbanking,bank_c,education_fees,bank_server_timeout,3,0.7578,1,0.0,0.2127,0.5882,0.2361,0.9304,0.3149,1,20,5,31,4.361058328237685,small
pay116080,cus1805,mer65,2025-04-13 06:38:00,287.84,debit_card,bank_e,food_delivery,issuer_decline,4,0.4309,0,,0.1989,0.0,0.3782,0.2802,0.0753,1,6,6,13,5.665872901582981,small
pay106449,cus1481,mer3,2025-01-26 00:30:00,1336.77,credit_card,bank_j,ecommerce,issuer_decline,2,0.5311,0,,0.5432,0.2156,0.2269,0.3078,0.1693,1,0,6,26,7.198759327556203,medium
pay110492,cus3485,mer93,2025-01-08 21:47:00,854.96,netbanking,bank_d,food_delivery,upi_server_busy,3,0.8701,1,0.0,0.3655,0.4648,0.374,0.7089,0.2436,0,21,2,8,6.7522236460779474,medium
pay117567,cus3399,mer24,2025-02-15 09:31:00,88.45,upi,bank_d,ecommerce,upi_server_busy,2,0.8184,1,1.0,0.2437,0.8943,0.563,0.41,0.284,1,9,5,15,4.493679809954728,small
pay100169,cus3664,mer67,2025-01-05 02:06:00,4584.97,upi,bank_g,subscription_saas,insufficient_funds,3,0.6608,1,1.0,0.3305,0.1207,0.8426,0.305,0.3291,1,2,6,5,8.430756921747959,medium
pay104492,cus3708,mer18,2025-05-06 08:54:00,335.44,credit_card,bank_e,subscription_saas,insufficient_funds,2,0.5424,0,,0.1032,0.1356,0.6852,0.1698,0.2734,0,8,1,6,5.818419827094236,small
pay103688,cus117,mer71,2025-06-24 00:36:00,941.08,upi,bank_b,food_delivery,network_timeout,4,0.7028,1,1.0,0.8581,0.6096,0.3403,0.3978,0.2266,0,0,1,24,6.848090196660402,medium
pay105801,cus956,mer108,2025-03-11 02:40:00,588.65,upi,bank_a,ecommerce,card_expired,3,0.0,0,,0.1068,0.0168,0.0,0.0197,0.0,0,2,1,11,6.379529140535979,medium
pay102487,cus1989,mer85,2025-01-10 22:46:00,84.24,credit_card,bank_i,subscription_saas,insufficient_funds,3,0.4365,1,0.0,0.1664,0.1818,0.6676,0.1236,0.5427,0,22,4,10,4.445470807230416,small
pay111798,cus3817,mer56,2025-06-22 21:53:00,50.0,upi,bank_j,food_delivery,issuer_decline,2,0.4403,1,0.0,0.9568,0.0,0.238,0.1787,0.1501,1,21,6,22,3.9318256327243257,small
pay112762,cus57,mer99,2025-01-25 18:22:00,1091.84,upi,bank_h,utility_bills,network_timeout,1,0.7247,1,1.0,0.267,0.4735,0.1314,0.1589,0.1813,1,18,5,25,6.996535091367727,medium
pay108892,cus3282,mer77,2025-05-04 04:45:00,2478.47,upi,bank_b,ecommerce,network_timeout,3,0.8017,1,1.0,0.2732,0.7838,0.3467,0.4432,0.3519,1,4,6,4,7.815800106642441,medium
pay104452,cus3727,mer50,2025-03-27 23:23:00,1065.57,debit_card,bank_c,education_fees,bank_server_timeout,2,0.7174,1,0.0,0.2788,0.639,0.547,0.4844,0.275,0,23,3,27,6.972203171013015,medium
pay110355,cus2767,mer77,2025-01-01 18:30:00,600.76,upi,bank_h,subscription_saas,issuer_decline,2,0.4489,0,,0.1696,0.4867,0.2627,0.1885,0.1926,0,18,2,1,6.399858694722027,medium
pay105066,cus3352,mer2,2025-04-05 18:56:00,372.49,credit_card,bank_b,food_delivery,issuer_decline,4,0.456,0,,0.1669,0.0726,0.0,0.3533,0.1258,1,18,5,5,5.922891230452735,small
pay114234,cus2442,mer80,2025-03-21 16:18:00,650.13,upi,bank_j,ecommerce,network_timeout,3,0.7354,0,,0.2015,0.6456,0.4647,0.4899,0.2774,0,16,4,21,6.478709315052958,medium
pay113137,cus2687,mer34,2025-04-21 23:37:00,366.09,upi,bank_i,ecommerce,network_timeout,2,0.7502,0,,0.0997,0.6495,0.3223,0.407,0.2305,0,23,0,21,5.905607049597844,small
pay116241,cus3772,mer16,2025-03-09 17:30:00,191.84,debit_card,bank_j,travel,issuer_decline,3,0.5394,1,0.0,0.3908,0.0934,0.0797,0.1452,0.0433,1,17,6,9,5.261860829537421,small
pay101465,cus141,mer104,2025-01-21 02:06:00,2592.83,upi,bank_g,travel,bank_server_timeout,3,0.7929,1,1.0,0.2962,0.6877,0.4686,0.585,0.3254,0,2,1,21,7.860890826876855,medium
pay115266,cus3302,mer88,2025-04-23 12:23:00,97.07,debit_card,bank_a,food_delivery,insufficient_funds,1,0.4935,1,0.0,0.0815,0.0663,0.4458,0.0206,0.4925,0,12,2,23,4.585681509404229,small
pay106454,cus85,mer8,2025-03-25 20:36:00,50.0,debit_card,bank_a,utility_bills,upi_server_busy,2,0.8292,1,0.0,0.124,0.6433,0.5255,0.8059,0.3764,0,20,1,25,3.9318256327243257,small
pay104204,cus1246,mer112,2025-02-23 09:37:00,1176.17,upi,bank_h,food_delivery,bank_server_timeout,3,0.8003,1,1.0,0.3354,0.6355,0.4237,0.6423,0.3046,1,9,6,23,7.070868531834794,medium
pay112590,cus123,mer62,2025-01-21 09:31:00,432.34,upi,bank_j,food_delivery,insufficient_funds,3,0.5143,0,,0.9768,0.4073,0.727,0.2317,0.5432,0,9,1,21,6.071522639278561,small
pay112343,cus293,mer26,2025-03-18 10:57:00,89.67,upi,bank_h,education_fees,insufficient_funds,3,0.5061,0,,0.2328,0.1505,0.1753,0.0,0.3316,0,10,1,18,4.507226541657965,small
pay116074,cus3171,mer91,2025-01-09 02:50:00,583.68,upi,bank_h,utility_bills,issuer_decline,3,0.4365,1,0.0,0.2167,0.0233,0.1307,0.0118,0.3207,0,2,3,9,6.371064689021092,medium
pay119273,cus2679,mer22,2025-05-01 14:26:00,1219.33,upi,bank_e,utility_bills,insufficient_funds,4,0.554,0,,0.1936,0.1684,0.945,0.1373,0.4201,0,14,3,1,7.1068765929542685,medium
pay111780,cus737,mer78,2025-01-22 04:10:00,966.86,upi,bank_h,food_delivery,insufficient_funds,2,0.5117,1,0.0,0.2287,0.2565,0.7071,0.0961,0.4188,0,4,2,22,6.875087448717752,medium
pay111112,cus3724,mer23,2025-06-06 15:14:00,779.88,debit_card,bank_j,food_delivery,issuer_decline,3,0.4562,0,,0.407,0.3317,0.1724,0.2715,0.0087,0,15,4,6,6.660421488866709,medium
pay116188,cus271,mer13,2025-03-21 05:31:00,2177.36,credit_card,bank_c,food_delivery,insufficient_funds,3,0.5044,0,,0.3161,0.2139,0.7185,0.1564,0.3458,0,5,4,21,7.6863275790903405,medium
pay106122,cus3991,mer5,2025-05-25 10:13:00,6091.59,upi,bank_j,food_delivery,bank_server_timeout,2,0.801,1,1.0,0.53,0.436,0.5532,0.6588,0.3638,1,10,6,25,8.714828557651229,large
pay104448,cus1534,mer61,2025-04-10 04:34:00,681.81,debit_card,bank_b,travel,bank_server_timeout,2,0.7856,1,1.0,0.1506,0.9578,0.6852,0.5889,0.2414,0,4,3,10,6.5262166363900755,medium
pay110777,cus3044,mer28,2025-03-23 23:54:00,1436.69,upi,bank_c,education_fees,network_timeout,2,0.7766,1,1.0,0.168,0.5203,0.2916,0.2971,0.2715,1,23,6,23,7.270792937850347,medium
pay116312,cus1896,mer85,2025-02-15 06:41:00,960.8,upi,bank_f,travel,upi_server_busy,4,0.9423,1,1.0,0.2459,0.7018,0.4461,0.516,0.3269,1,6,5,15,6.868806528843562,medium
pay115045,cus2892,mer10,2025-03-25 04:18:00,1466.98,upi,bank_j,education_fees,account_blocked,3,0.0,0,,0.3994,0.0,0.0,0.0821,0.0,0,4,1,25,7.291642585103452,medium
pay103013,cus2922,mer116,2025-05-13 14:00:00,636.47,upi,bank_i,education_fees,insufficient_funds,2,0.5483,1,1.0,0.2113,0.2547,0.456,0.1893,0.2628,0,14,1,13,6.4575072171017505,medium
pay118940,cus3552,mer69,2025-04-14 11:41:00,2277.55,upi,bank_a,food_delivery,insufficient_funds,1,0.4544,0,,0.3636,0.143,0.5122,0.1665,0.3954,0,11,0,14,7.731294554724741,medium
pay115099,cus518,mer66,2025-01-02 06:58:00,2363.68,upi,bank_b,ecommerce,insufficient_funds,3,0.5196,0,,0.3165,0.0725,0.8626,0.2983,0.5545,0,6,3,2,7.768397985217365,medium
pay114409,cus2857,mer10,2025-04-20 04:06:00,538.83,debit_card,bank_g,food_delivery,issuer_decline,2,0.5433,1,0.0,0.2227,0.2854,0.2471,0.3555,0.0,1,4,6,20,6.291254275178919,medium
pay107164,cus648,mer57,2025-04-23 18:05:00,1568.78,debit_card,bank_h,ecommerce,bank_server_timeout,3,0.8094,1,1.0,0.364,0.5606,0.3885,0.6224,0.2274,0,18,2,23,7.358690761135059,medium
pay113985,cus2345,mer5,2025-06-13 06:03:00,901.02,credit_card,bank_h,travel,otp_expired,1,0.6633,1,0.0,0.1865,0.3326,0.3045,0.0,0.2477,0,6,4,13,6.8046366927658095,medium
pay114422,cus3931,mer56,2025-06-26 06:03:00,349.34,debit_card,bank_j,food_delivery,duplicate_payment_block,2,0.27,0,,0.2705,0.0,0.1753,0.2224,0.2433,0,6,3,26,5.858904111523501,small
pay100206,cus3740,mer98,2025-05-18 13:29:00,951.54,upi,bank_g,ecommerce,issuer_decline,2,0.455,0,,0.3845,0.0,0.2387,0.2737,0.0,1,13,6,18,6.859132100869758,medium
pay113655,cus1769,mer80,2025-06-05 00:34:00,252.95,debit_card,bank_g,ecommerce,insufficient_funds,2,0.5799,1,0.0,0.1469,0.2284,1.0,0.02,0.375,0,0,3,5,5.537137397247254,small
pay118742,cus515,mer16,2025-06-26 03:46:00,15380.48,upi,bank_g,travel,bank_server_timeout,1,0.8074,1,1.0,0.4165,0.7835,0.3041,0.128,0.4625,0,3,3,26,9.640919467298595,large
pay113956,cus3894,mer92,2025-05-17 06:58:00,788.63,debit_card,bank_c,subscription_saas,upi_server_busy,4,0.8848,1,1.0,0.188,0.8031,0.614,0.4585,0.5196,1,6,5,17,6.6715644813184936,medium
pay116253,cus1556,mer7,2025-03-17 11:42:00,2001.26,credit_card,bank_j,education_fees,otp_expired,1,0.5979,1,0.0,0.4017,0.2969,0.3167,0.0292,0.2185,0,11,0,17,7.60203182157264,medium
pay115185,cus2307,mer72,2025-05-28 19:33:00,1932.03,upi,bank_i,food_delivery,duplicate_payment_block,3,0.2454,0,,0.3338,0.211,0.0647,0.18,0.095,0,19,2,28,7.566843999005125,medium
pay102450,cus1809,mer3,2025-06-01 04:06:00,950.94,credit_card,bank_d,subscription_saas,network_timeout,2,0.6132,1,1.0,0.4413,0.8117,0.4013,0.509,0.3463,1,4,6,1,6.858502007595109,medium
pay104915,cus1492,mer47,2025-01-19 05:09:00,4297.25,credit_card,bank_b,ecommerce,insufficient_funds,1,0.5056,1,0.0,0.4401,0.2942,0.7047,0.0,0.3402,1,5,6,19,8.365963242099957,medium
pay104262,cus1413,mer102,2025-02-22 11:14:00,2680.82,upi,bank_g,food_delivery,network_timeout,4,0.8196,1,1.0,0.3643,0.3537,0.171,0.484,0.3257,1,11,5,22,7.894250947495412,medium
pay106680,cus3417,mer36,2025-02-03 18:46:00,9313.82,debit_card,bank_j,travel,upi_server_busy,1,0.8029,0,,0.5569,0.5334,0.2337,0.0138,0.3529,0,18,0,3,9.139361959177487,large
pay116686,cus1695,mer37,2025-06-16 03:26:00,372.97,netbanking,bank_c,food_delivery,upi_server_busy,3,0.868,1,0.0,0.2131,0.6358,0.2001,0.7846,0.3807,0,3,0,16,5.924175580293482,small
pay114551,cus2669,mer55,2025-05-17 05:34:00,598.53,netbanking,bank_g,food_delivery,otp_expired,1,0.6457,1,0.0,0.2891,0.0759,0.414,0.1074,0.3388,1,5,5,17,6.396146014916942,medium
pay110113,cus2540,mer40,2025-04-09 20:51:00,6115.13,debit_card,bank_d,utility_bills,bank_server_timeout,1,0.7874,1,0.0,1.0,0.6542,0.355,0.0,0.3221,0,20,2,9,8.718684822545749,large
pay101547,cus601,mer83,2025-06-02 21:34:00,50.0,upi,bank_g,food_delivery,insufficient_funds,1,0.5229,1,0.0,0.1578,0.1597,0.5819,0.0,0.4239,0,21,0,2,3.9318256327243257,small
pay115649,cus278,mer92,2025-06-27 19:37:00,3261.11,credit_card,bank_a,food_delivery,network_timeout,1,0.7286,1,0.0,0.38,0.4198,0.2985,0.0,0.3834,0,19,4,27,8.090129504255561,medium
pay111110,cus185,mer52,2025-02-21 05:36:00,1048.36,debit_card,bank_h,food_delivery,insufficient_funds,3,0.4962,1,1.0,0.274,0.2088,0.6064,0.1594,0.4288,0,5,4,21,6.95593573350689,medium
pay112894,cus253,mer8,2025-04-02 18:58:00,3265.16,upi,bank_h,education_fees,issuer_decline,3,0.4252,0,,0.3771,0.225,0.3287,0.2767,0.0917,0,18,2,2,8.091370261920172,medium
pay107650,cus3546,mer13,2025-03-08 03:59:00,355.9,debit_card,bank_i,subscription_saas,upi_server_busy,4,0.8494,0,,0.2127,0.6672,0.5355,0.6605,0.2857,1,3,5,8,5.877455630496114,small
pay113619,cus2423,mer84,2025-05-22 20:29:00,1545.28,upi,bank_a,education_fees,issuer_decline,2,0.4785,0,,0.3902,0.1902,0.2873,0.2141,0.069,0,20,3,22,7.343607325296982,medium
pay103794,cus733,mer9,2025-06-10 12:31:00,50.0,debit_card,bank_e,education_fees,upi_server_busy,4,0.8485,1,0.0,0.08,0.4775,0.4211,0.5451,0.2071,0,12,1,10,3.9318256327243257,small
pay102623,cus177,mer67,2025-06-16 07:15:00,211.87,netbanking,bank_e,education_fees,account_blocked,4,0.0,0,,0.1129,0.0,0.0225,0.05,0.0,0,7,0,16,5.360681650744587,small
pay110406,cus2404,mer85,2025-02-23 13:42:00,393.63,debit_card,bank_g,education_fees,otp_expired,2,0.6399,0,,0.164,0.1243,0.2616,0.1306,0.2317,1,13,6,23,5.977948617054461,small
pay103597,cus576,mer67,2025-04-10 18:31:00,4847.75,upi,bank_j,utility_bills,upi_server_busy,3,0.8055,1,0.0,0.5231,0.595,0.2297,0.6674,0.4258,0,18,3,10,8.486476218754177,medium
pay102475,cus3069,mer3,2025-03-18 02:13:00,366.64,debit_card,bank_b,food_delivery,bank_server_timeout,2,0.8318,0,,0.1763,0.6921,0.613,0.8248,0.5134,0,2,1,18,5.907104198489908,small
pay110557,cus1497,mer46,2025-02-02 00:02:00,201.41,debit_card,bank_c,ecommerce,bank_server_timeout,3,0.7821,1,1.0,0.2279,0.7418,0.4785,0.6527,0.4258,1,0,6,2,5.310295343307444,small
pay110837,cus2694,mer98,2025-01-27 14:17:00,1594.36,credit_card,bank_i,ecommerce,network_timeout,1,0.7787,1,0.0,0.3197,0.624,0.1904,0.0,0.2699,0,14,0,27,7.374854695080483,medium
pay118154,cus2961,mer59,2025-03-19 21:16:00,366.39,credit_card,bank_i,ecommerce,insufficient_funds,3,0.4446,0,,0.1183,0.1241,0.6644,0.2481,0.4271,0,21,2,19,5.9064239541199095,small
pay117285,cus3358,mer101,2025-01-11 07:57:00,411.1,upi,bank_a,utility_bills,insufficient_funds,1,0.4011,0,,0.1469,0.2749,0.6786,0.0,0.4095,1,7,5,11,6.021266038344772,small
pay111737,cus1620,mer96,2025-01-24 02:14:00,230.36,upi,bank_c,food_delivery,duplicate_payment_block,1,0.3019,1,0.0,0.1598,0.1806,0.0964,0.0,0.2082,0,2,4,24,5.4439749389704,small
pay109902,cus2233,mer22,2025-02-21 05:08:00,836.15,upi,bank_e,utility_bills,network_timeout,4,0.6955,0,,0.177,0.7713,0.4241,0.5917,0.3216,0,5,4,21,6.730003265902552,medium
pay104552,cus92,mer88,2025-01-18 19:50:00,142.24,credit_card,bank_c,food_delivery,insufficient_funds,2,0.4687,0,,0.1616,0.0927,0.6769,0.1806,0.4329,1,19,5,18,4.964521545130232,small
pay108489,cus3154,mer38,2025-05-10 05:47:00,958.3,upi,bank_c,education_fees,insufficient_funds,2,0.4759,1,0.0,0.2687,0.1009,0.4837,0.3637,0.3432,1,5,5,10,6.866203851823902,medium
pay105974,cus2342,mer22,2025-06-23 10:18:00,50.0,debit_card,bank_b,ecommerce,issuer_decline,3,0.4925,1,1.0,0.1126,0.3866,0.2549,0.3091,0.2084,0,10,0,23,3.9318256327243257,small
pay112935,cus3534,mer117,2025-05-13 11:26:00,108.16,upi,bank_j,ecommerce,insufficient_funds,4,0.5467,0,,0.3633,0.0,0.5071,0.1933,0.4419,0,11,1,13,4.692814695840138,small
pay116621,cus2588,mer23,2025-06-11 01:08:00,2012.84,credit_card,bank_d,food_delivery,bank_server_timeout,1,0.8412,1,0.0,0.522,0.7063,0.6078,0.0,0.3296,0,1,2,11,7.607798626229924,medium
pay104457,cus937,mer18,2025-01-07 23:24:00,298.36,debit_card,bank_b,food_delivery,insufficient_funds,2,0.5556,0,,0.2626,0.0151,0.4594,0.0803,0.5096,0,23,1,7,5.70164686252578,small
pay107726,cus27,mer90,2025-01-02 10:48:00,189.12,netbanking,bank_h,utility_bills,otp_expired,2,0.59,0,,0.1028,0.2021,0.3376,0.3891,0.0782,0,10,3,2,5.247655451745809,small
pay101383,cus3522,mer34,2025-06-11 11:02:00,4766.58,upi,bank_b,education_fees,bank_server_timeout,3,0.7849,1,1.0,0.351,0.7692,0.2718,0.3483,0.388,0,11,2,11,8.469594117616953,medium
pay117071,cus3649,mer10,2025-02-11 12:30:00,745.54,debit_card,bank_f,food_delivery,card_expired,1,0.0597,0,,0.2036,0.0,0.0,0.0,0.1303,0,12,1,11,6.615449198932856,medium
pay113187,cus3739,mer52,2025-05-25 14:29:00,341.24,debit_card,bank_g,utility_bills,upi_server_busy,3,0.8544,0,,0.1898,1.0,0.2858,0.6917,0.2949,1,14,6,25,5.835512245334096,small
pay104567,cus2190,mer105,2025-05-07 16:19:00,200.49,upi,bank_g,utility_bills,bank_server_timeout,3,0.7876,1,1.0,0.1539,0.6167,0.4795,0.9261,0.2172,0,16,2,7,5.3057397523636745,small
pay111946,cus1019,mer119,2025-03-27 14:56:00,188.93,debit_card,bank_b,ecommerce,upi_server_busy,2,0.8302,0,,0.262,0.6503,0.3813,0.5801,0.3761,0,14,3,27,5.246655583224145,small
pay117084,cus958,mer64,2025-02-21 17:46:00,426.12,debit_card,bank_h,education_fees,insufficient_funds,3,0.5402,1,1.0,0.2172,0.2402,0.4997,0.1992,0.5005,0,17,4,21,6.057065004191931,small
pay106199,cus1455,mer21,2025-01-31 14:08:00,339.06,upi,bank_h,ecommerce,duplicate_payment_block,3,0.3646,0,,0.0485,0.1161,0.2356,0.1781,0.2489,0,14,4,31,5.82912207262934,small
pay104243,cus138,mer72,2025-01-06 21:44:00,826.58,upi,bank_j,ecommerce,network_timeout,4,0.7453,0,,0.3989,0.6703,0.2269,0.4324,0.4395,0,21,0,6,6.718505779315484,medium
pay112310,cus150,mer44,2025-02-07 18:36:00,12349.04,netbanking,bank_c,subscription_saas,issuer_decline,1,0.366,1,0.0,0.4496,0.2978,0.1472,0.0653,0.2229,0,18,4,7,9.421414580917276,large
pay102568,cus2657,mer95,2025-03-10 05:29:00,10618.94,upi,bank_h,food_delivery,upi_server_busy,3,0.8406,0,,0.4934,0.731,0.4206,0.7184,0.3239,0,5,0,10,9.270488645062455,large
pay115951,cus2404,mer41,2025-06-11 21:59:00,1479.29,credit_card,bank_e,food_delivery,insufficient_funds,3,0.5611,0,,0.2189,0.3043,0.3772,0.1644,0.3719,0,21,2,11,7.299993293509207,medium
pay100534,cus3820,mer3,2025-04-14 22:26:00,415.78,upi,bank_i,food_delivery,insufficient_funds,4,0.5747,1,0.0,0.136,0.2469,0.7581,0.156,0.2531,0,22,0,14,6.032558504642943,small
pay116630,cus266,mer67,2025-04-02 09:45:00,395.57,upi,bank_a,ecommerce,bank_server_timeout,2,0.8762,1,1.0,0.1333,0.5092,0.4619,0.4459,0.4036,0,9,2,2,5.982852570259418,small
pay100533,cus996,mer18,2025-02-21 05:59:00,1234.3,upi,bank_g,ecommerce,otp_expired,4,0.5916,1,1.0,0.2672,0.355,0.4747,0.2444,0.2553,0,5,4,21,7.119069134542768,medium
pay100020,cus1199,mer32,2025-04-01 01:31:00,3470.6,upi,bank_h,education_fees,insufficient_funds,2,0.5337,1,1.0,0.3918,0.4426,0.7949,0.2272,0.4795,0,1,1,1,8.15237086177009,medium
pay111018,cus222,mer95,2025-01-29 14:45:00,50.0,upi,bank_f,education_fees,bank_server_timeout,3,0.7003,1,1.0,0.2123,0.4121,0.2758,0.7127,0.2905,0,14,2,29,3.9318256327243257,small
pay115196,cus1153,mer63,2025-04-03 13:24:00,1604.4,credit_card,bank_g,food_delivery,upi_server_busy,2,0.8947,1,0.0,0.3009,0.7146,0.3364,0.4782,0.5744,0,13,3,3,7.381128225697476,medium
pay108807,cus3911,mer82,2025-02-19 03:56:00,1606.86,credit_card,bank_d,food_delivery,issuer_decline,3,0.4421,0,,0.4086,0.1586,0.2662,0.1301,0.233,0,3,2,19,7.382659381271946,medium
pay107754,cus1766,mer11,2025-01-29 00:02:00,1444.73,credit_card,bank_a,subscription_saas,network_timeout,2,0.6973,1,0.0,0.2518,0.6633,0.3354,0.3033,0.3662,0,0,2,29,7.276369663292288,medium
pay119503,cus3540,mer11,2025-03-11 03:47:00,703.57,upi,bank_h,utility_bills,insufficient_funds,1,0.5043,1,0.0,0.2082,0.0761,0.7123,0.0294,0.5209,0,3,1,11,6.5575876876518455,medium
pay108942,cus3064,mer111,2025-06-16 04:00:00,2170.65,debit_card,bank_h,food_delivery,upi_server_busy,1,0.9381,0,,0.2708,0.7481,0.2511,0.0,0.446,0,4,0,16,7.683242526264302,medium
pay117857,cus1729,mer111,2025-03-10 09:35:00,656.62,upi,bank_j,ecommerce,insufficient_funds,3,0.4614,1,0.0,0.3493,0.101,0.5765,0.1273,0.4535,0,9,0,10,6.488627256904789,medium
pay118411,cus1183,mer76,2025-06-01 18:52:00,1012.82,upi,bank_h,subscription_saas,otp_expired,1,0.5997,0,,0.2783,0.4467,0.4413,0.0,0.3145,1,18,6,1,6.9214806536006135,medium
pay109338,cus2111,mer36,2025-05-05 18:56:00,8722.47,debit_card,bank_a,ecommerce,account_blocked,2,0.0,0,,0.3992,0.0346,0.0,0.0438,0.0,0,18,0,5,9.073772373527397,large
pay114024,cus3442,mer117,2025-04-17 07:08:00,225.91,upi,bank_g,food_delivery,bank_server_timeout,1,0.8067,0,,0.2538,0.7913,0.401,0.1038,0.3958,0,7,3,17,5.424553463093178,small
pay114816,cus3302,mer111,2025-06-13 01:56:00,1211.07,upi,bank_a,travel,otp_expired,4,0.5789,0,,0.2981,0.5143,0.3569,0.0916,0.304,0,1,4,13,7.100084920737037,medium
pay102031,cus772,mer81,2025-02-01 21:39:00,185.2,credit_card,bank_a,subscription_saas,bank_server_timeout,1,0.7865,0,,0.1626,0.4815,0.5003,0.0044,0.4556,1,21,5,1,5.226821364842967,small
pay116435,cus363,mer47,2025-04-14 07:36:00,2147.22,upi,bank_h,travel,insufficient_funds,3,0.4728,1,0.0,0.3449,0.0813,0.7353,0.0706,0.3095,0,7,0,14,7.672394871240709,medium
pay106516,cus81,mer50,2025-02-19 07:09:00,3253.39,debit_card,bank_b,education_fees,upi_server_busy,3,0.819,1,1.0,0.3732,0.8352,0.2982,0.6261,0.2616,0,7,2,19,8.08776013308649,medium
pay115749,cus1463,mer12,2025-04-08 13:13:00,174.66,upi,bank_d,ecommerce,bank_server_timeout,3,0.7908,0,,0.2287,0.5566,0.285,0.7086,0.164,0,13,1,8,5.168550308488971,small
pay114817,cus1626,mer111,2025-04-17 01:10:00,63.11,upi,bank_c,education_fees,network_timeout,2,0.8567,1,1.0,0.6765,0.534,0.066,0.5335,0.3729,0,1,3,17,4.160600357999166,small
pay117039,cus1640,mer97,2025-01-20 00:30:00,1376.29,netbanking,bank_b,ecommerce,network_timeout,4,0.775,1,0.0,0.2774,0.4904,0.2895,0.4057,0.3825,0,0,0,20,7.227873079314629,medium
pay103061,cus628,mer18,2025-02-25 12:00:00,296.06,debit_card,bank_j,ecommerce,bank_server_timeout,1,0.7574,1,0.0,0.4202,0.4681,0.4694,0.1157,0.2966,0,12,1,25,5.693934138601387,small
pay114147,cus104,mer7,2025-04-06 08:52:00,5588.37,upi,bank_j,ecommerce,issuer_decline,4,0.4252,0,,0.485,0.2679,0.4588,0.2186,0.296,1,8,6,6,8.628621858545646,large
pay118847,cus389,mer90,2025-02-06 14:10:00,697.29,credit_card,bank_g,ecommerce,bank_server_timeout,1,0.8,0,,0.0891,0.7868,0.6284,0.1403,0.1592,0,14,3,6,6.548634489256825,medium
pay100165,cus875,mer19,2025-05-27 12:34:00,4507.36,netbanking,bank_h,food_delivery,insufficient_funds,3,0.463,1,0.0,0.2839,0.0,0.5524,0.1807,0.4371,0,12,1,27,8.413688730001352,medium
pay100114,cus2557,mer120,2025-04-02 00:13:00,30347.07,upi,bank_d,food_delivery,insufficient_funds,2,0.4315,1,1.0,0.6298,0.4298,0.8661,0.0605,0.4837,0,0,2,2,10.320488203032346,large
pay112233,cus2794,mer39,2025-03-11 14:34:00,143.43,debit_card,bank_f,ecommerce,insufficient_funds,1,0.5279,0,,0.0907,0.2894,0.627,0.0405,0.3759,0,14,1,11,4.972794961113076,small
pay112728,cus2354,mer13,2025-06-20 01:14:00,363.31,credit_card,bank_e,utility_bills,issuer_decline,1,0.5161,0,,0.0505,0.4354,0.061,0.1586,0.0,0,1,4,20,5.8980051535417015,small
pay115742,cus610,mer71,2025-06-28 09:55:00,320.86,upi,bank_i,food_delivery,card_expired,3,0.0389,0,,0.6754,0.1082,0.0365,0.0,0.0,1,9,5,28,5.774116668390349,small
pay112612,cus2313,mer68,2025-01-14 20:03:00,778.97,credit_card,bank_j,travel,insufficient_funds,2,0.5408,1,1.0,0.3251,0.3363,0.7605,0.0958,0.4017,0,20,1,14,6.659255457405512,medium
pay109603,cus1210,mer83,2025-02-07 13:42:00,3054.99,upi,bank_g,education_fees,bank_server_timeout,4,0.8313,1,1.0,0.3306,0.7545,0.3731,0.4866,0.305,0,13,4,7,8.024858878029749,medium
pay112793,cus510,mer7,2025-05-23 18:37:00,1238.44,upi,bank_f,travel,issuer_decline,1,0.488,1,1.0,0.2139,0.4916,0.3894,0.0,0.1427,0,18,4,23,7.122414943688036,medium
pay107530,cus3073,mer42,2025-03-18 13:56:00,481.82,credit_card,bank_g,travel,bank_server_timeout,3,0.6748,0,,0.256,0.5336,0.4046,0.7016,0.4705,0,13,1,18,6.179643913386096,small
pay117707,cus582,mer4,2025-04-18 13:06:00,3342.49,upi,bank_f,subscription_saas,insufficient_funds,2,0.5288,1,1.0,0.3639,0.1079,0.6894,0.0182,0.2846,0,13,4,18,8.114770450611738,medium
pay112964,cus2381,mer83,2025-06-28 10:09:00,3793.39,debit_card,bank_i,food_delivery,insufficient_funds,3,0.486,1,0.0,0.4071,0.3093,0.4819,0.1149,0.537,1,10,5,28,8.241278939097112,medium
pay106627,cus3726,mer67,2025-04-21 23:53:00,13911.04,upi,bank_i,education_fees,otp_expired,3,0.5496,1,0.0,0.4261,0.3798,0.2938,0.1835,0.4495,0,23,0,21,9.540509931245627,large
pay102617,cus1424,mer11,2025-01-10 11:07:00,4799.54,upi,bank_f,food_delivery,network_timeout,1,0.7666,1,0.0,0.4252,0.4154,0.2806,0.0,0.5634,0,11,4,10,8.476483690568331,medium
pay104537,cus1283,mer15,2025-05-11 05:14:00,290.69,netbanking,bank_e,food_delivery,upi_server_busy,4,0.8182,1,0.0,0.1882,0.4736,0.3673,0.7838,0.4752,1,5,6,11,5.675691594489676,small
pay100177,cus2156,mer26,2025-01-30 00:41:00,397.45,upi,bank_d,education_fees,insufficient_funds,2,0.4215,0,,0.1651,0.1634,0.3787,0.2407,0.1927,0,0,3,30,5.9875820198437575,small
pay112743,cus3551,mer28,2025-01-10 06:56:00,288.06,netbanking,bank_j,ecommerce,account_blocked,2,0.0233,0,,0.3446,0.0239,0.0526,0.0,0.1399,0,6,4,10,5.666634279020696,small
pay119034,cus1444,mer99,2025-03-15 01:56:00,295.47,upi,bank_d,education_fees,issuer_decline,2,0.3494,0,,0.239,0.2277,0.2398,0.0,0.1596,1,1,5,15,5.691946032880246,small
pay118365,cus1441,mer113,2025-03-14 04:00:00,614.36,debit_card,bank_d,food_delivery,bank_server_timeout,3,0.7736,1,1.0,0.3926,0.6757,0.415,0.5339,0.4361,0,4,4,14,6.422207462400415,medium
pay102333,cus3119,mer61,2025-05-29 03:54:00,2179.22,upi,bank_j,food_delivery,network_timeout,4,0.7518,1,1.0,0.3953,0.7633,0.2505,0.4551,0.3224,0,3,3,29,7.687181068122506,medium
pay105012,cus1504,mer24,2025-04-18 19:12:00,1341.35,credit_card,bank_f,ecommerce,upi_server_busy,1,0.8503,1,0.0,0.3781,0.5621,0.33,0.0435,0.4618,0,19,4,18,7.202177088296977,medium
pay111142,cus1278,mer40,2025-05-27 08:44:00,678.97,upi,bank_g,subscription_saas,otp_expired,1,0.6264,0,,0.0932,0.5019,0.1504,0.0161,0.3083,0,8,1,27,6.522048679549882,medium
pay111209,cus738,mer63,2025-04-09 15:37:00,457.76,debit_card,bank_b,food_delivery,bank_server_timeout,1,0.8465,1,0.0,0.7771,0.8206,0.4603,0.0,0.3428,0,15,2,9,6.128527197496322,small
pay105566,cus2288,mer82,2025-02-09 16:42:00,742.58,debit_card,bank_e,ecommerce,network_timeout,3,0.7486,1,1.0,0.2739,0.6985,0.2948,0.5073,0.232,1,16,6,9,6.611476359304838,medium
pay119384,cus3638,mer107,2025-05-13 10:45:00,922.95,credit_card,bank_f,utility_bills,bank_server_timeout,4,0.846,1,1.0,0.1774,0.5904,0.4104,0.7685,0.2503,0,10,1,13,6.8286579576234345,medium
pay117702,cus1605,mer115,2025-02-04 13:41:00,81.11,upi,bank_h,education_fees,otp_expired,3,0.6596,1,0.0,0.0988,0.1017,0.2895,0.1553,0.2165,0,13,1,4,4.4080598117206975,small
pay108674,cus2685,mer73,2025-06-21 21:03:00,367.26,upi,bank_c,travel,bank_server_timeout,2,0.8127,1,1.0,0.1829,0.7445,0.4661,0.8712,0.2336,1,21,5,21,5.908789210439074,small
pay118113,cus741,mer1,2025-04-25 13:52:00,269.83,upi,bank_j,utility_bills,upi_server_busy,1,0.85,1,0.0,0.5237,0.5094,0.186,0.1339,0.272,0,13,4,25,5.601491317767735,small
pay103640,cus246,mer116,2025-05-10 20:39:00,1227.93,debit_card,bank_e,ecommerce,issuer_decline,1,0.3212,1,0.0,0.2624,0.0331,0.139,0.0,0.0791,1,20,5,10,7.113899151068422,medium
pay106880,cus435,mer52,2025-02-26 19:14:00,1114.8,upi,bank_a,food_delivery,duplicate_payment_block,2,0.3595,1,0.0,0.2101,0.0,0.0,0.0,0.0817,0,19,2,26,7.017326915411428,medium
pay103354,cus3283,mer79,2025-06-25 13:00:00,509.89,debit_card,bank_e,travel,account_blocked,3,0.0033,0,,0.1852,0.0,0.0,0.0,0.0371,0,13,2,25,6.236154302843176,medium
pay105389,cus2220,mer9,2025-06-07 11:22:00,773.17,upi,bank_a,food_delivery,insufficient_funds,2,0.5133,1,0.0,0.2759,0.1834,0.5031,0.1908,0.4164,1,11,5,7,6.651791487715673,medium
pay110933,cus3224,mer108,2025-05-24 07:22:00,262.44,upi,bank_b,ecommerce,otp_expired,4,0.5582,0,,0.0397,0.5325,0.3263,0.2024,0.444,1,7,5,24,5.573825638068109,small
pay108901,cus1406,mer85,2025-06-01 14:30:00,664.19,upi,bank_b,education_fees,bank_server_timeout,2,0.8232,1,1.0,0.2531,0.6034,0.4317,0.7548,0.4302,1,14,6,1,6.500072714133015,medium
pay110594,cus2051,mer64,2025-04-27 00:34:00,328.9,debit_card,bank_b,food_delivery,upi_server_busy,1,0.9389,1,0.0,0.111,0.7728,0.544,0.0,0.3368,1,0,6,27,5.798789578234536,small
pay101797,cus1104,mer28,2025-02-03 10:30:00,2375.0,upi,bank_b,utility_bills,network_timeout,4,0.8756,1,1.0,0.9425,0.6878,0.1541,0.4678,0.1853,0,10,0,3,7.773173680482536,medium
pay108432,cus1599,mer114,2025-01-15 20:50:00,899.42,debit_card,bank_e,food_delivery,bank_server_timeout,1,0.9311,1,1.0,0.245,0.6141,0.3508,0.0,0.2539,0,20,2,15,6.802861321135953,medium
pay114707,cus3439,mer44,2025-04-14 13:45:00,61.67,debit_card,bank_h,subscription_saas,network_timeout,3,0.7885,1,0.0,0.0033,0.3903,0.2646,0.5531,0.2324,0,13,0,14,4.137882864236584,small
pay111121,cus1068,mer14,2025-06-17 07:11:00,350.79,debit_card,bank_j,utility_bills,insufficient_funds,1,0.5175,0,,0.2354,0.2705,0.6997,0.0148,0.4057,0,7,1,17,5.863034406657839,small
pay118146,cus3073,mer116,2025-01-24 08:39:00,800.02,debit_card,bank_h,utility_bills,insufficient_funds,4,0.5862,1,0.0,0.2119,0.4319,0.6207,0.2584,0.3464,0,8,4,24,6.685885915545658,medium
pay110850,cus1039,mer22,2025-01-24 20:57:00,227.43,credit_card,bank_e,food_delivery,card_expired,3,0.045,0,,0.201,0.0516,0.1025,0.0785,0.0,0,20,4,24,5.431229817667778,small
pay110917,cus2607,mer79,2025-02-04 13:06:00,311.48,upi,bank_e,ecommerce,insufficient_funds,4,0.4361,1,0.0,0.2423,0.1855,0.683,0.1964,0.4048,0,13,1,4,5.744540467128369,small
pay107702,cus3149,mer96,2025-04-02 03:30:00,356.58,upi,bank_h,education_fees,otp_expired,1,0.5657,1,0.0,0.1135,0.5107,0.7394,0.0,0.3021,0,3,2,2,5.879359113323674,small
pay113946,cus435,mer110,2025-06-01 23:22:00,361.09,credit_card,bank_i,food_delivery,upi_server_busy,3,0.9192,1,1.0,0.1248,0.7593,0.4835,0.7881,0.3195,1,23,6,1,5.8918927997097725,small
pay108222,cus2884,mer50,2025-04-22 05:25:00,299.86,credit_card,bank_j,food_delivery,issuer_decline,2,0.464,0,,0.3082,0.0421,0.0,0.2656,0.0703,0,5,1,22,5.706645040269677,small
pay109648,cus2286,mer19,2025-06-26 12:42:00,21534.05,upi,bank_e,food_delivery,account_blocked,1,0.0026,0,,0.4627,0.0,0.001,0.1112,0.015,0,12,3,26,9.977437119287234,large
pay107236,cus2233,mer93,2025-06-01 09:51:00,1616.88,upi,bank_b,food_delivery,insufficient_funds,3,0.4814,1,0.0,0.3885,0.4683,0.7868,0.149,0.6562,1,9,6,1,7.388871929231442,medium
pay103912,cus1490,mer115,2025-02-04 10:59:00,247.65,upi,bank_e,travel,card_expired,1,0.0715,0,,0.1017,0.0,0.0,0.0,0.2421,0,10,1,4,5.516046285160748,small
pay109843,cus396,mer15,2025-01-29 23:17:00,1518.3,netbanking,bank_f,food_delivery,bank_server_timeout,4,0.8227,1,1.0,0.3288,0.586,0.3972,0.5948,0.3739,0,23,2,29,7.326004981449721,medium
pay113170,cus2800,mer41,2025-05-14 17:14:00,57.14,debit_card,bank_e,travel,insufficient_funds,1,0.4487,0,,0.1937,0.162,0.338,0.1543,0.4411,0,17,2,14,4.06285389513073,small
pay114103,cus2085,mer108,2025-02-09 19:40:00,269.74,credit_card,bank_h,food_delivery,insufficient_funds,2,0.4097,0,,0.1292,0.0741,0.5423,0.3917,0.498,1,19,6,9,5.6011589507576405,small
pay115673,cus2033,mer112,2025-02-16 22:23:00,377.95,upi,bank_d,education_fees,bank_server_timeout,3,0.8975,1,0.0,0.2383,0.7787,0.3865,0.5189,0.1554,1,22,6,16,5.937404270258038,small
pay105280,cus2413,mer61,2025-05-09 08:55:00,702.16,upi,bank_c,education_fees,insufficient_funds,3,0.4982,0,,0.2181,0.2347,0.4968,0.5017,0.3411,0,8,4,9,6.55558446193169,medium
pay100792,cus1871,mer86,2025-05-11 01:34:00,50.0,netbanking,bank_c,ecommerce,insufficient_funds,1,0.4192,0,,0.169,0.2194,0.5428,0.0854,0.3838,1,1,6,11,3.9318256327243257,small
pay106340,cus1595,mer14,2025-02-23 12:20:00,613.55,debit_card,bank_i,food_delivery,network_timeout,3,0.7357,0,,0.1729,0.4981,0.1118,0.3347,0.2256,1,12,6,23,6.42089029266099,medium
pay101150,cus2282,mer5,2025-03-08 13:50:00,133.33,upi,bank_d,utility_bills,insufficient_funds,1,0.5609,0,,0.3342,0.0,0.1441,0.1332,0.5237,1,13,5,8,4.900299459074922,small
pay117420,cus1119,mer30,2025-04-21 15:11:00,1691.45,upi,bank_b,ecommerce,bank_server_timeout,1,0.8744,1,0.0,0.2614,0.5997,0.5297,0.0,0.4043,0,15,0,21,7.433932462252565,medium
pay106075,cus2233,mer18,2025-01-01 21:32:00,50.0,upi,bank_c,education_fees,otp_expired,3,0.6084,1,0.0,0.1824,0.4168,0.3985,0.2654,0.3652,0,21,2,1,3.9318256327243257,small
pay117144,cus877,mer46,2025-06-20 16:44:00,7237.55,upi,bank_e,education_fees,issuer_decline,3,0.4076,1,0.0,0.4322,0.3046,0.0,0.4096,0.1286,0,16,4,20,8.887176189078703,large
pay107792,cus3638,mer80,2025-05-14 15:49:00,300.32,upi,bank_h,food_delivery,upi_server_busy,2,0.8043,1,1.0,0.0653,0.7194,0.4534,0.6471,0.3141,0,15,2,14,5.7081728229574935,small
pay119705,cus844,mer110,2025-05-16 10:29:00,402.32,netbanking,bank_i,food_delivery,issuer_decline,3,0.4647,1,0.0,0.0299,0.0587,0.0,0.3178,0.1563,0,10,4,16,5.999730291525014,small
pay101589,cus2439,mer18,2025-01-06 08:53:00,228.41,upi,bank_i,travel,otp_expired,4,0.6068,1,1.0,0.1868,0.4486,0.5408,0.2241,0.2256,0,8,0,6,5.435510795724244,small
pay118348,cus565,mer65,2025-03-14 07:33:00,136.75,upi,bank_g,travel,upi_server_busy,1,0.8352,1,1.0,0.1794,0.7376,0.2072,0.1122,0.3822,0,7,4,14,4.925440448033024,small
pay116622,cus2108,mer67,2025-02-23 23:14:00,353.2,credit_card,bank_h,ecommerce,network_timeout,4,0.8379,1,1.0,0.1315,0.5351,0.2789,0.3909,0.291,1,23,6,23,5.869861725348733,small
pay105291,cus3189,mer28,2025-06-08 16:36:00,711.69,debit_card,bank_c,utility_bills,card_expired,4,0.0,0,,0.2561,0.0191,0.1266,0.0,0.0,1,16,6,8,6.569046543260236,medium
pay119532,cus2915,mer7,2025-02-15 00:21:00,1386.65,upi,bank_d,ecommerce,bank_server_timeout,3,0.8001,1,1.0,0.4877,0.6967,0.4041,0.4774,0.2779,1,0,5,15,7.235366947885438,medium
pay118015,cus3120,mer17,2025-04-09 14:32:00,796.2,debit_card,bank_c,food_delivery,issuer_decline,3,0.5129,1,0.0,0.2017,0.2978,0.2446,0.3452,0.1744,0,14,2,9,6.68110558833864,medium
pay111709,cus2526,mer40,2025-01-08 19:14:00,2390.14,credit_card,bank_a,education_fees,insufficient_funds,3,0.5407,1,1.0,0.3035,0.2426,0.4324,0.1553,0.285,0,19,2,8,7.779525518650904,medium
pay106396,cus1097,mer48,2025-04-12 17:17:00,425.36,debit_card,bank_e,education_fees,insufficient_funds,2,0.5178,1,0.0,0.2923,0.0591,0.5241,0.2292,0.1992,1,17,5,12,6.055284059820936,small
pay100872,cus3684,mer52,2025-01-21 11:18:00,1703.32,upi,bank_i,food_delivery,bank_server_timeout,4,0.7344,1,0.0,0.2517,0.6229,0.2805,0.5348,0.4767,0,11,1,21,7.440921483185512,medium
pay102283,cus1708,mer17,2025-05-22 17:51:00,224.32,debit_card,bank_g,food_delivery,bank_server_timeout,1,0.8325,1,1.0,0.3402,0.4744,0.3946,0.1977,0.2132,0,17,3,22,5.417521614026513,small
pay101779,cus3059,mer93,2025-05-04 05:19:00,484.03,upi,bank_j,travel,otp_expired,2,0.563,0,,0.2706,0.447,0.6583,0.0852,0.3844,1,5,6,4,6.184210744694603,small
pay104481,cus2700,mer119,2025-02-23 10:28:00,108.37,credit_card,bank_f,food_delivery,upi_server_busy,3,0.8179,0,,0.2514,0.5625,0.0219,0.7009,0.3816,1,10,6,23,4.694736629347134,small
pay119406,cus3542,mer4,2025-02-20 08:41:00,1058.49,upi,bank_i,ecommerce,upi_server_busy,4,0.8419,1,0.0,0.2996,0.6282,0.4799,0.6228,0.3063,0,8,3,20,6.965542939249465,medium
pay113427,cus3385,mer111,2025-04-24 11:03:00,75.2,upi,bank_b,travel,otp_expired,2,0.5787,0,,0.139,0.5138,0.4061,0.2896,0.3567,0,11,3,24,4.333361462692601,small
pay112652,cus169,mer99,2025-06-02 23:27:00,387.39,debit_card,bank_e,food_delivery,duplicate_payment_block,2,0.3402,0,,0.1344,0.0238,0.3443,0.0,0.0092,0,23,0,2,5.962009989432784,small
pay106960,cus2069,mer23,2025-02-21 01:05:00,713.69,debit_card,bank_b,food_delivery,upi_server_busy,1,0.8652,0,,0.1539,0.771,0.4258,0.1343,0.4315,0,1,4,21,6.571848882243339,medium
pay100394,cus246,mer80,2025-05-10 14:05:00,1292.97,upi,bank_c,food_delivery,insufficient_funds,2,0.5091,1,0.0,0.2822,0.3064,0.7604,0.3264,0.3019,1,14,5,10,7.165470290866283,medium
pay104136,cus995,mer20,2025-06-25 07:29:00,332.21,netbanking,bank_j,utility_bills,insufficient_funds,2,0.5706,1,0.0,0.2589,0.3425,0.6038,0.2098,0.244,0,7,2,25,5.8087729218471384,small
pay105029,cus2168,mer2,2025-02-11 21:24:00,4448.4,credit_card,bank_f,education_fees,insufficient_funds,2,0.4953,0,,0.3971,0.3239,0.5406,0.1262,0.4188,0,21,1,11,8.400524534609033,medium
pay110618,cus3407,mer41,2025-06-22 08:50:00,730.19,upi,bank_i,subscription_saas,insufficient_funds,2,0.4992,0,,0.1455,0.0752,0.7337,0.1634,0.3206,1,8,6,22,6.594673343897624,medium
pay114508,cus3748,mer22,2025-05-01 11:10:00,5875.38,upi,bank_i,food_delivery,bank_server_timeout,4,0.7862,1,1.0,0.3702,0.7536,0.2327,0.8051,0.3891,0,11,3,1,8.678696205046196,large
pay106195,cus1137,mer54,2025-03-12 05:59:00,1778.52,debit_card,bank_i,travel,account_blocked,3,0.0514,0,,0.364,0.0446,0.0388,0.0023,0.0728,0,5,2,12,7.484098943999199,medium
pay116894,cus616,mer94,2025-04-22 21:41:00,1670.12,debit_card,bank_g,education_fees,otp_expired,1,0.6319,1,0.0,0.336,0.177,0.1165,0.129,0.2591,0,21,1,22,7.421249339302401,medium
pay104855,cus943,mer7,2025-05-05 12:47:00,100.32,debit_card,bank_c,education_fees,insufficient_funds,4,0.5127,0,,0.0703,0.4221,0.4492,0.0,0.4064,0,12,0,5,4.618283825133474,small
pay101573,cus1105,mer68,2025-05-27 08:51:00,150.66,credit_card,bank_f,education_fees,insufficient_funds,2,0.4758,1,0.0,0.1858,0.1179,0.707,0.3533,0.0952,0,8,1,27,5.02164117327279,small
pay117818,cus3548,mer29,2025-05-07 16:58:00,521.62,upi,bank_g,food_delivery,issuer_decline,1,0.4476,1,0.0,0.2212,0.0887,0.199,0.0,0.1168,0,16,2,7,6.258854622541751,medium
pay108657,cus713,mer76,2025-06-01 05:03:00,529.54,upi,bank_h,food_delivery,otp_expired,4,0.5343,0,,0.2114,0.6682,0.4675,0.0069,0.2155,1,5,6,1,6.2738953557770625,medium
pay110640,cus877,mer45,2025-03-31 01:25:00,295.35,netbanking,bank_g,subscription_saas,insufficient_funds,1,0.5667,0,,0.0078,0.2839,0.4573,0.0944,0.2612,0,1,0,31,5.691541188233847,small
pay118057,cus333,mer80,2025-01-05 04:19:00,1338.98,debit_card,bank_h,subscription_saas,insufficient_funds,2,0.5111,0,,0.1293,0.3172,1.0,0.2046,0.6274,1,4,6,5,7.2004099674604385,medium
pay109043,cus3453,mer61,2025-03-16 11:37:00,419.84,upi,bank_h,food_delivery,upi_server_busy,1,0.7676,1,1.0,0.1839,0.5584,0.1058,0.0868,0.4484,1,11,6,16,6.042252713940087,small
pay104200,cus2007,mer8,2025-05-03 02:55:00,1250.37,netbanking,bank_h,travel,network_timeout,3,0.7798,1,0.0,0.0872,0.5308,0.2234,0.5528,0.3817,1,2,5,3,7.13199423012683,medium
pay109199,cus1723,mer60,2025-03-13 12:40:00,68.75,credit_card,bank_i,utility_bills,insufficient_funds,2,0.4773,1,0.0,0.2197,0.0,0.4987,0.2121,0.4048,0,12,3,13,4.244917420701475,small
pay107592,cus1781,mer47,2025-04-08 22:30:00,365.39,debit_card,bank_i,food_delivery,card_expired,4,0.0,0,,0.097,0.0,0.2188,0.0388,0.0409,0,22,1,8,5.903698339851107,small
pay104911,cus3646,mer79,2025-04-07 18:02:00,815.09,debit_card,bank_e,utility_bills,issuer_decline,4,0.3923,0,,0.2122,0.0401,0.1575,0.011,0.2501,0,18,0,7,6.7045246429998056,medium
pay107086,cus1316,mer84,2025-03-22 10:09:00,1632.16,upi,bank_g,food_delivery,bank_server_timeout,1,0.758,1,0.0,0.2323,0.5184,0.365,0.2593,0.4273,1,10,5,22,7.398272067350243,medium
pay113200,cus2131,mer38,2025-04-10 00:52:00,199.84,debit_card,bank_g,education_fees,insufficient_funds,1,0.4927,0,,0.1389,0.1561,0.5967,0.0,0.3633,0,0,3,10,5.302508571166505,small
pay101860,cus1788,mer39,2025-05-14 04:00:00,330.94,netbanking,bank_d,ecommerce,issuer_decline,1,0.4671,0,,0.2946,0.0055,0.0441,0.0188,0.034,0,4,2,14,5.804954229692573,small
pay110396,cus3989,mer93,2025-05-15 17:35:00,5797.62,netbanking,bank_f,utility_bills,issuer_decline,1,0.3598,0,,0.508,0.0,0.0621,0.0294,0.2273,0,17,3,15,8.665375237189949,large
pay105270,cus3304,mer89,2025-02-03 06:43:00,331.89,credit_card,bank_e,travel,otp_expired,1,0.5597,0,,0.1809,0.1555,0.3749,0.0252,0.4634,0,6,0,3,5.807812105079032,small
pay100682,cus3825,mer14,2025-06-22 18:57:00,65310.38,credit_card,bank_d,education_fees,upi_server_busy,4,0.7956,1,1.0,0.5637,0.3079,0.191,0.5086,0.4442,1,18,6,22,11.086921572668874,huge
pay100472,cus3333,mer38,2025-03-19 18:35:00,236.06,credit_card,bank_i,food_delivery,insufficient_funds,4,0.5185,0,,0.0,0.0023,0.6198,0.0756,0.3334,0,18,2,19,5.468313273651354,small
pay103557,cus1732,mer81,2025-03-04 07:00:00,1830.54,credit_card,bank_e,food_delivery,issuer_decline,1,0.5581,1,0.0,0.3664,0.3018,0.2971,0.1487,0.2448,0,7,1,4,7.512912422002219,medium
pay105875,cus1157,mer4,2025-01-16 11:01:00,755.72,credit_card,bank_i,ecommerce,insufficient_funds,3,0.554,1,0.0,0.1194,0.0955,0.5341,0.0792,0.3745,0,11,3,16,6.628993303904915,medium
pay103068,cus3712,mer61,2025-01-27 19:52:00,7359.34,debit_card,bank_g,food_delivery,insufficient_funds,2,0.4979,0,,0.5327,0.0872,0.4475,0.2437,0.3755,0,19,0,27,8.90386140630811,large
pay104299,cus170,mer23,2025-01-17 18:55:00,690.7,netbanking,bank_j,utility_bills,insufficient_funds,3,0.486,0,,0.3612,0.0615,0.2699,0.0149,0.2197,0,18,4,17,6.5391523356065395,medium
pay104503,cus1982,mer73,2025-05-19 22:27:00,86.52,debit_card,bank_i,education_fees,otp_expired,3,0.5792,0,,0.1448,0.244,0.2655,0.2194,0.175,0,22,0,19,4.471867338673671,small
pay117808,cus3883,mer57,2025-03-02 13:18:00,2687.16,upi,bank_c,education_fees,card_expired,1,0.0419,0,,0.3662,0.231,0.0,0.1201,0.0,1,13,6,2,7.8966122236810925,medium
pay113468,cus1,mer55,2025-03-25 05:26:00,2277.1,debit_card,bank_h,travel,network_timeout,1,0.731,1,1.0,0.3567,0.8142,0.2922,0.0604,0.3131,0,5,1,25,7.731097041199909,medium
pay115656,cus1874,mer120,2025-03-14 11:29:00,127.06,upi,bank_a,subscription_saas,network_timeout,1,0.7549,1,1.0,0.1487,0.6631,0.2671,0.2037,0.2595,0,11,4,14,4.852498904090656,small
pay101502,cus1646,mer51,2025-02-11 05:21:00,1116.73,debit_card,bank_c,ecommerce,upi_server_busy,1,0.8058,1,0.0,0.2487,0.8503,0.1468,0.071,0.2675,0,5,1,11,7.019055121865212,medium
pay117826,cus954,mer99,2025-05-15 13:59:00,1422.08,upi,bank_g,travel,upi_server_busy,4,0.8514,1,0.0,0.2311,0.6086,0.2477,0.6301,0.2048,0,13,3,15,7.260578815764704,medium
pay114820,cus1267,mer37,2025-05-26 22:05:00,220.42,upi,bank_d,utility_bills,bank_server_timeout,3,0.7766,1,1.0,0.4091,0.5648,0.52,0.7648,0.4031,0,22,0,26,5.40006135043132,small
pay103800,cus3182,mer14,2025-06-16 03:55:00,556.84,credit_card,bank_j,ecommerce,bank_server_timeout,3,0.8013,0,,0.3174,0.7492,0.3491,0.7687,0.0582,0,3,0,16,6.324072182912755,medium
pay106748,cus3482,mer27,2025-03-07 11:35:00,10006.49,debit_card,bank_d,subscription_saas,bank_server_timeout,4,0.8625,1,1.0,0.6085,0.5614,0.1746,0.6179,0.5887,0,11,4,7,9.211089091615667,large
pay118375,cus1256,mer66,2025-04-20 11:02:00,374.75,debit_card,bank_g,travel,insufficient_funds,2,0.466,1,0.0,0.161,0.1515,0.3956,0.0507,0.3327,1,11,6,20,5.928924028633084,small
pay110963,cus2146,mer82,2025-01-01 01:21:00,399.79,debit_card,bank_h,education_fees,issuer_decline,2,0.4195,1,1.0,0.1942,0.1737,0.1361,0.0,0.0633,0,1,2,1,5.993437599359596,small
pay103876,cus1590,mer86,2025-05-06 01:48:00,888.28,upi,bank_d,food_delivery,insufficient_funds,3,0.5264,1,1.0,0.4523,0.3159,0.6048,0.0291,0.0706,0,1,1,6,6.7904121465541385,medium
pay100454,cus825,mer61,2025-04-18 10:46:00,1632.75,credit_card,bank_g,ecommerce,bank_server_timeout,2,0.8313,0,,1.0,0.3937,0.3558,0.5414,0.5908,0,10,4,18,7.398633264938431,medium
pay104494,cus2312,mer36,2025-02-25 07:20:00,366.22,debit_card,bank_d,travel,upi_server_busy,1,0.8282,1,1.0,0.3095,0.9249,0.3393,0.0607,0.3885,0,7,1,25,5.905961123494041,small
pay114414,cus3006,mer15,2025-01-09 12:26:00,641.31,upi,bank_g,ecommerce,upi_server_busy,1,0.9072,1,0.0,0.1322,0.5762,0.2742,0.0,0.4041,0,12,3,9,6.465071053191282,medium
pay102020,cus587,mer111,2025-02-24 12:32:00,360.76,upi,bank_j,education_fees,network_timeout,2,0.7748,1,1.0,0.2576,0.7603,0.1011,0.4893,0.3294,0,12,0,24,5.89098100852966,small
pay119943,cus1989,mer82,2025-06-08 00:59:00,111.25,debit_card,bank_j,ecommerce,otp_expired,3,0.5967,0,,0.196,0.3111,0.4237,0.2857,0.275,1,0,6,8,4.720728526622364,small
pay100711,cus2480,mer89,2025-04-05 01:46:00,3213.63,upi,bank_d,utility_bills,upi_server_busy,3,0.8777,1,1.0,0.5056,0.8301,0.2174,0.729,0.3187,1,1,5,5,8.075467544512325,medium
pay115651,cus2727,mer63,2025-02-07 05:36:00,245.78,upi,bank_c,food_delivery,issuer_decline,3,0.523,1,0.0,0.2325,0.103,0.2525,0.1586,0.2292,0,5,4,7,5.508497251470388,small
pay102616,cus2299,mer100,2025-06-28 14:54:00,5872.12,upi,bank_d,travel,bank_server_timeout,2,0.7328,1,1.0,0.5682,0.6836,0.3875,0.6233,0.2113,1,14,5,28,8.678141287801434,large
pay103698,cus3264,mer61,2025-02-22 03:00:00,182.49,upi,bank_e,food_delivery,upi_server_busy,3,0.8588,1,1.0,0.0104,0.9401,0.408,0.6303,0.3947,1,3,5,22,5.212160170096862,small
pay102466,cus1549,mer88,2025-02-24 05:02:00,139.79,upi,bank_b,food_delivery,insufficient_funds,3,0.4265,0,,0.1193,0.354,0.4022,0.3,0.2609,0,5,0,24,4.947269418474436,small
pay114418,cus3706,mer120,2025-03-05 20:51:00,207.66,credit_card,bank_h,utility_bills,insufficient_funds,4,0.4385,0,,0.1775,0.2487,0.6963,0.1181,0.3828,0,20,2,5,5.3407061330398236,small
pay108277,cus2274,mer29,2025-05-08 16:04:00,1187.62,upi,bank_e,food_delivery,network_timeout,1,0.7572,1,1.0,0.3925,0.7997,0.2112,0.0,0.3521,0,16,3,8,7.080548249309589,medium
pay111033,cus3279,mer57,2025-02-01 16:30:00,197.24,debit_card,bank_i,subscription_saas,bank_server_timeout,1,0.7879,1,0.0,0.0708,0.6956,0.6715,0.1498,0.2733,1,16,5,1,5.289478417880832,small
pay104618,cus3808,mer48,2025-04-24 22:57:00,4128.89,upi,bank_e,food_delivery,insufficient_funds,2,0.5378,0,,0.9449,0.0632,0.6716,0.0,0.4132,0,22,3,24,8.32600605121781,medium
pay107679,cus1748,mer16,2025-02-20 22:28:00,202.45,netbanking,bank_b,ecommerce,insufficient_funds,3,0.5266,0,,0.1581,0.4378,0.6662,0.1858,0.5817,0,22,3,20,5.315420274447699,small
pay107479,cus538,mer93,2025-03-21 10:03:00,245.14,upi,bank_g,food_delivery,bank_server_timeout,1,0.7924,1,1.0,0.2273,0.6631,0.4869,0.0411,0.303,0,10,4,21,5.505900479744191,small
pay110245,cus3461,mer31,2025-03-19 16:44:00,930.12,upi,bank_i,ecommerce,network_timeout,3,0.7228,1,0.0,0.212,0.6955,0.4827,0.3913,0.5275,0,16,2,19,6.836388162633721,medium
pay100086,cus2430,mer57,2025-01-18 12:01:00,781.85,credit_card,bank_c,travel,upi_server_busy,1,0.828,1,1.0,0.1898,0.7982,0.3395,0.194,0.3231,1,12,5,18,6.662941106757532,medium
pay110093,cus812,mer110,2025-02-11 08:06:00,1004.5,upi,bank_e,subscription_saas,otp_expired,3,0.5257,0,,0.2686,0.4308,0.3933,0.1396,0.056,0,8,1,11,6.913240209212707,medium
pay118062,cus111,mer39,2025-04-04 13:06:00,210.21,upi,bank_b,ecommerce,bank_server_timeout,2,0.8102,1,1.0,0.1115,0.6661,0.2393,0.8101,0.2717,0,13,4,4,5.3528528991960505,small
pay100190,cus1751,mer104,2025-05-04 01:35:00,551.14,upi,bank_a,food_delivery,insufficient_funds,4,0.4427,0,,0.1195,0.4145,0.9405,0.251,0.4169,1,1,6,4,6.313801637308577,medium
pay117161,cus953,mer86,2025-04-16 03:11:00,314.22,upi,bank_f,ecommerce,insufficient_funds,1,0.5441,0,,0.0844,0.2958,0.9125,0.0688,0.2452,0,3,2,16,5.753270807747395,small
pay105159,cus2200,mer99,2025-06-16 17:07:00,88.15,upi,bank_e,ecommerce,bank_server_timeout,4,0.8036,1,1.0,0.1956,0.5646,0.4037,0.6221,0.2499,0,17,0,16,4.49032034430915,small
pay110141,cus3486,mer16,2025-02-22 23:28:00,50.0,debit_card,bank_a,subscription_saas,upi_server_busy,3,0.8742,1,1.0,0.1639,0.9025,0.5387,0.3785,0.587,1,23,5,22,3.9318256327243257,small
pay106842,cus1154,mer19,2025-03-31 20:46:00,1281.07,debit_card,bank_g,travel,issuer_decline,3,0.4546,1,0.0,0.2912,0.0212,0.228,0.2046,0.1208,0,20,0,31,7.156231238174057,medium
pay104807,cus2419,mer52,2025-06-10 15:47:00,2383.82,debit_card,bank_h,subscription_saas,issuer_decline,4,0.4519,1,0.0,0.2492,0.1693,0.296,0.152,0.1206,0,15,1,10,7.776878928776196,medium
pay101014,cus3445,mer58,2025-04-04 11:20:00,650.87,debit_card,bank_g,food_delivery,insufficient_funds,2,0.5449,0,,0.231,0.15,0.4709,0.0175,0.5832,0,11,4,4,6.479845155543454,medium
pay112666,cus350,mer6,2025-03-25 17:54:00,1283.41,credit_card,bank_h,utility_bills,issuer_decline,2,0.5081,0,,0.232,0.1146,0.1063,0.1266,0.0,0,17,1,25,7.158054747921581,medium
pay114292,cus2943,mer103,2025-01-27 13:26:00,355.79,upi,bank_j,education_fees,insufficient_funds,3,0.518,1,0.0,0.2482,0.2006,0.4332,0.2933,0.2314,0,13,0,27,5.877147373407264,small
pay100071,cus3046,mer56,2025-02-04 02:31:00,2161.37,upi,bank_a,ecommerce,insufficient_funds,4,0.4714,1,0.0,0.346,0.1055,0.8364,0.4515,0.3082,0,2,1,4,7.678960121392082,medium
pay102184,cus3413,mer33,2025-04-25 02:00:00,281.21,upi,bank_h,food_delivery,card_expired,2,0.0143,0,,0.2257,0.0125,0.0,0.0,0.1196,0,2,4,25,5.64265147465197,small
pay107999,cus2710,mer114,2025-02-02 11:07:00,4405.33,upi,bank_a,ecommerce,issuer_decline,2,0.4751,0,,0.3946,0.1423,0.0907,0.1604,0.1407,1,11,6,2,8.390797422424129,medium
pay107105,cus3689,mer23,2025-03-03 22:14:00,318.56,credit_card,bank_a,food_delivery,bank_server_timeout,3,0.8673,1,1.0,0.14,0.8149,0.4993,0.5541,0.4867,0,22,0,3,5.766945049613841,small
pay112525,cus2639,mer102,2025-01-10 18:37:00,228.48,debit_card,bank_i,travel,bank_server_timeout,3,0.7675,1,0.0,0.1163,0.7175,0.5884,0.5481,0.2723,0,18,4,10,5.435815879733671,small
pay111556,cus3056,mer60,2025-03-07 07:03:00,359.6,upi,bank_h,education_fees,insufficient_funds,3,0.5218,1,1.0,0.0537,0.1997,0.4519,0.1424,0.4182,0,7,4,7,5.887769310769217,small
pay111441,cus126,mer48,2025-05-18 09:50:00,1564.98,upi,bank_g,utility_bills,network_timeout,4,0.7899,0,,0.3231,0.6712,0.0035,0.2356,0.3182,1,9,6,18,7.356267105077111,medium
pay118490,cus2120,mer41,2025-02-03 22:51:00,1002.39,upi,bank_h,education_fees,upi_server_busy,1,0.8996,1,0.0,0.2042,0.8315,0.3795,0.0,0.1907,0,22,0,3,6.911139545885282,medium
pay108821,cus3676,mer40,2025-03-08 19:56:00,2684.81,credit_card,bank_i,food_delivery,otp_expired,3,0.5702,0,,0.4084,0.3096,0.2351,0.1388,0.3439,1,19,5,8,7.8957376374255706,medium
pay109693,cus241,mer59,2025-01-25 19:43:00,4684.01,credit_card,bank_j,food_delivery,upi_server_busy,2,0.8528,1,1.0,0.4547,0.5746,0.0676,0.7373,0.4618,1,19,5,25,8.452123329141964,medium
pay116289,cus1781,mer18,2025-04-19 20:51:00,2320.78,upi,bank_j,ecommerce,account_blocked,4,0.0464,0,,0.594,0.0339,0.0,0.4097,0.0,1,20,5,19,7.75008941186046,medium
pay111041,cus3526,mer11,2025-03-21 20:39:00,352.07,credit_card,bank_j,education_fees,otp_expired,2,0.5533,0,,0.3016,0.3878,0.1435,0.2126,0.2293,0,20,4,21,5.866666337557681,small
pay107892,cus1312,mer82,2025-02-27 22:53:00,363.65,upi,bank_a,ecommerce,issuer_decline,4,0.4037,1,0.0,0.198,0.1426,0.1614,0.1861,0.0573,0,22,3,27,5.898937989430242,small
pay115312,cus425,mer33,2025-02-06 08:10:00,60.7,upi,bank_g,food_delivery,upi_server_busy,2,0.7871,1,1.0,0.1228,0.804,0.3092,0.6314,0.3119,0,8,3,6,4.122283930911342,small
pay114744,cus2438,mer10,2025-06-07 03:14:00,513.08,credit_card,bank_a,food_delivery,network_timeout,1,0.8036,1,1.0,0.1833,0.5245,0.4372,0.1139,0.4111,1,3,5,7,6.2423788953675485,medium
pay117248,cus2998,mer14,2025-05-04 15:42:00,3960.66,debit_card,bank_c,ecommerce,issuer_decline,3,0.4726,1,0.0,0.3722,0.0,0.1446,0.1087,0.2669,1,15,6,4,8.284418408331332,medium
pay102232,cus797,mer88,2025-06-18 22:06:00,129.44,upi,bank_d,ecommerce,insufficient_funds,3,0.572,0,,0.3207,0.5123,0.4491,0.0753,0.3883,0,22,2,18,4.870913350921119,small
pay118747,cus2818,mer101,2025-06-24 08:42:00,464.22,credit_card,bank_g,travel,network_timeout,2,0.7832,1,1.0,0.1599,0.7881,0.1548,0.3792,0.3713,0,8,1,24,6.142510411981761,small
pay119193,cus3148,mer44,2025-02-02 15:29:00,452.4,credit_card,bank_c,subscription_saas,issuer_decline,1,0.4537,1,0.0,0.2206,0.2933,0.0633,0.0,0.2813,1,15,6,2,6.1167747380734285,small
pay109528,cus3329,mer79,2025-01-30 01:41:00,343.61,debit_card,bank_a,ecommerce,insufficient_funds,4,0.5149,0,,0.1697,0.1407,0.619,0.2064,0.5774,0,1,3,30,5.842413342825423,small
pay106833,cus3665,mer88,2025-04-22 14:32:00,14743.66,credit_card,bank_c,education_fees,account_blocked,2,0.0,0,,0.4369,0.0,0.0,0.2295,0.0,0,14,1,22,9.598636262319568,large
pay105537,cus572,mer41,2025-06-01 09:39:00,285.65,debit_card,bank_b,education_fees,upi_server_busy,4,0.8654,1,1.0,0.0663,0.5346,0.4724,0.4529,0.3668,1,9,6,1,5.658261959354392,small
pay101774,cus2072,mer82,2025-05-19 09:44:00,4597.25,upi,bank_b,education_fees,card_expired,4,0.0775,0,,0.3739,0.0,0.0741,0.0,0.0,0,9,0,19,8.433431075310907,medium
pay103475,cus1887,mer61,2025-02-08 20:47:00,767.02,upi,bank_b,travel,bank_server_timeout,1,0.8527,1,1.0,0.2797,0.6103,0.4903,0.23,0.3319,1,20,5,8,6.643815774475261,medium
pay100476,cus3312,mer46,2025-06-02 10:57:00,501.97,upi,bank_d,travel,insufficient_funds,2,0.5199,0,,0.3662,0.1262,0.5688,0.0757,0.6122,0,10,0,2,6.220530526173959,medium
pay117919,cus2510,mer114,2025-04-22 07:49:00,1474.48,upi,bank_i,food_delivery,issuer_decline,1,0.4125,1,1.0,0.3353,0.4102,0.1919,0.0,0.2337,0,7,1,22,7.296738639563917,medium
pay102611,cus3597,mer58,2025-06-16 22:50:00,374.89,upi,bank_d,ecommerce,insufficient_funds,2,0.4194,0,,0.4314,0.2227,0.7127,0.3269,0.3096,0,22,0,16,5.929296547396372,small
pay114494,cus3815,mer104,2025-01-02 09:33:00,7824.37,credit_card,bank_b,travel,bank_server_timeout,3,0.7985,1,1.0,0.3887,0.9098,0.4259,0.7481,0.4752,0,9,3,2,8.965126298635532,large
pay111527,cus3864,mer66,2025-06-17 17:29:00,122.81,credit_card,bank_h,education_fees,card_expired,3,0.0108,0,,0.1083,0.1294,0.0043,0.0633,0.2763,0,17,1,17,4.8187481324326,small
pay112595,cus2376,mer117,2025-04-26 23:42:00,691.54,upi,bank_c,subscription_saas,bank_server_timeout,3,0.7276,1,1.0,0.1969,0.8419,0.4202,0.6011,0.457,1,23,5,26,6.540365998126201,medium
pay113453,cus2208,mer17,2025-01-07 05:21:00,1587.95,upi,bank_a,utility_bills,insufficient_funds,2,0.4287,1,1.0,0.2989,0.2369,0.8827,0.0755,0.4714,0,5,1,7,7.370828699710615,medium
pay107470,cus1432,mer17,2025-05-12 09:04:00,177.09,upi,bank_e,subscription_saas,bank_server_timeout,4,0.727,1,0.0,0.1713,0.8636,0.4386,0.8353,0.4144,0,9,0,12,5.182289040487914,small
pay105188,cus2737,mer109,2025-05-28 06:53:00,258.7,upi,bank_e,ecommerce,bank_server_timeout,4,0.7848,0,,0.1151,0.8543,0.3394,0.5328,0.3534,0,6,2,28,5.5595271186687025,small
pay101546,cus2088,mer118,2025-05-04 17:52:00,1603.1,upi,bank_f,ecommerce,issuer_decline,1,0.3713,1,0.0,0.3029,0.2179,0.0467,0.0,0.0941,1,17,6,4,7.380318130622795,medium
pay106141,cus2045,mer105,2025-01-03 22:13:00,146.56,upi,bank_j,food_delivery,issuer_decline,2,0.4271,0,,0.225,0.1589,0.3472,0.1293,0.3927,0,22,4,3,4.994234872728475,small
pay118887,cus190,mer48,2025-02-23 18:50:00,50.0,debit_card,bank_h,utility_bills,issuer_decline,4,0.4417,0,,0.0352,0.2364,0.1817,0.1084,0.0,1,18,6,23,3.9318256327243257,small
pay108949,cus750,mer35,2025-03-31 05:14:00,2616.31,credit_card,bank_e,education_fees,issuer_decline,1,0.3908,0,,0.312,0.4002,0.3374,0.2165,0.0,0,5,0,31,7.86990235176237,medium
pay112822,cus1414,mer22,2025-03-13 03:35:00,944.76,netbanking,bank_c,travel,insufficient_funds,2,0.4536,1,0.0,0.142,0.0,0.6101,0.1997,0.416,0,3,3,13,6.8519888370760595,medium
pay119684,cus1086,mer26,2025-02-03 05:24:00,544.19,upi,bank_j,education_fees,network_timeout,2,0.6916,0,,1.0,0.5972,0.1054,0.4446,0.393,0,5,0,3,6.3011343577612795,medium
pay100270,cus846,mer67,2025-02-23 01:20:00,296.64,credit_card,bank_c,food_delivery,otp_expired,3,0.6352,0,,0.1432,0.3376,0.6807,0.3324,0.2809,1,1,6,23,5.69588470252906,small
pay114039,cus462,mer39,2025-04-10 14:34:00,310.64,upi,bank_i,education_fees,bank_server_timeout,3,0.8398,1,1.0,0.0987,0.7126,0.5361,0.7971,0.2157,0,14,3,10,5.741848675462657,small
pay114601,cus18,mer4,2025-03-24 03:16:00,945.97,debit_card,bank_d,ecommerce,upi_server_busy,4,0.8283,1,1.0,0.3746,0.8585,0.4932,0.5931,0.6854,0,3,0,24,6.853267413698016,medium
pay108535,cus1253,mer116,2025-05-27 18:59:00,6493.63,upi,bank_c,ecommerce,bank_server_timeout,4,0.7955,1,1.0,0.4923,0.4297,0.3686,0.9157,0.4841,0,18,1,27,8.778730960584411,large
pay103086,cus1758,mer89,2025-02-02 16:53:00,99.79,upi,bank_i,utility_bills,duplicate_payment_block,2,0.3018,1,0.0,0.074,0.1143,0.159,0.0237,0.1629,1,16,6,2,4.613039144366787,small
pay114457,cus2647,mer59,2025-02-04 12:50:00,1176.31,credit_card,bank_j,education_fees,bank_server_timeout,4,0.9068,1,0.0,0.3997,0.5728,0.3576,0.5638,0.564,0,12,1,4,7.070987454059799,medium
pay103138,cus1436,mer98,2025-03-26 08:42:00,1012.53,credit_card,bank_i,travel,bank_server_timeout,2,0.7652,1,1.0,0.2396,0.7832,0.5113,0.6457,0.1671,0,8,2,26,6.921194565848643,medium
pay109035,cus2736,mer97,2025-02-23 17:42:00,1953.24,upi,bank_h,subscription_saas,upi_server_busy,2,0.8454,1,1.0,0.3377,0.5725,0.5427,0.7834,0.4637,1,17,6,23,7.57775665003477,medium
pay119062,cus3290,mer23,2025-01-01 03:07:00,833.36,upi,bank_d,food_delivery,issuer_decline,3,0.4842,1,0.0,0.3754,0.4095,0.2521,0.0622,0.0,0,3,2,1,6.726664963898926,medium
pay104987,cus3319,mer67,2025-06-16 04:40:00,173.12,upi,bank_h,food_delivery,issuer_decline,2,0.4573,1,0.0,0.1541,0.27,0.3881,0.3016,0.0,0,4,0,16,5.159744716684097,small
pay116926,cus437,mer112,2025-03-05 20:17:00,1365.09,upi,bank_g,travel,bank_server_timeout,1,0.8223,1,1.0,0.3043,0.6132,0.3503,0.0136,0.4309,0,20,2,5,7.219707923758311,medium
pay116724,cus3519,mer34,2025-03-31 17:50:00,260.71,upi,bank_i,ecommerce,insufficient_funds,2,0.4271,0,,0.2491,0.1372,0.5424,0.1607,0.5396,0,17,0,31,5.56723702049883,small
pay116487,cus246,mer38,2025-03-07 14:50:00,144.73,upi,bank_j,ecommerce,network_timeout,1,0.7191,1,0.0,0.3303,0.3335,0.2299,0.0,0.4567,0,14,4,7,4.981755594545605,small
pay105761,cus2565,mer82,2025-01-30 03:16:00,2014.09,upi,bank_c,education_fees,bank_server_timeout,4,0.8802,1,1.0,0.2818,0.5538,0.4704,0.4613,0.3021,0,3,3,30,7.608419138395738,medium
pay104888,cus2257,mer78,2025-03-02 19:26:00,721.02,upi,bank_e,food_delivery,upi_server_busy,1,0.8288,1,1.0,0.2602,0.4498,0.2639,0.0,0.1926,1,19,6,2,6.58205283934019,medium
pay103480,cus2179,mer13,2025-05-24 19:54:00,348.05,upi,bank_d,education_fees,duplicate_payment_block,3,0.3735,0,,0.196,0.2544,0.1077,0.2397,0.1099,1,19,5,24,5.855215178416411,small
pay103956,cus940,mer37,2025-04-04 18:57:00,124.29,upi,bank_d,food_delivery,card_expired,2,0.0722,0,,0.2649,0.054,0.0,0.1831,0.0,0,18,4,4,4.830631050257462,small
pay107165,cus3524,mer39,2025-03-14 07:20:00,259.11,upi,bank_i,ecommerce,upi_server_busy,3,0.8574,1,1.0,0.141,0.745,0.4921,0.397,0.3285,0,7,4,14,5.561104618466798,small
pay115633,cus3544,mer67,2025-04-10 17:40:00,1804.41,debit_card,bank_a,food_delivery,otp_expired,1,0.6228,1,0.0,0.199,0.4563,0.4464,0.0583,0.2762,0,17,3,10,7.498542991787454,medium
pay108804,cus290,mer97,2025-04-02 16:44:00,1599.13,debit_card,bank_h,subscription_saas,otp_expired,4,0.5265,0,,0.2153,0.2984,0.4133,0.2196,0.2307,0,16,2,2,7.37784015492727,medium
pay101776,cus2694,mer56,2025-03-01 19:22:00,3501.66,upi,bank_h,food_delivery,network_timeout,3,0.8078,1,1.0,0.3674,0.503,0.0365,0.5829,0.1277,1,19,5,1,8.161277958823748,medium
pay110584,cus175,mer56,2025-04-08 13:16:00,372.54,upi,bank_e,utility_bills,network_timeout,4,0.7272,1,0.0,0.1932,0.6065,0.2634,0.3252,0.5076,0,13,1,8,5.923025093885461,small
pay107477,cus2812,mer82,2025-05-24 05:50:00,848.84,debit_card,bank_f,ecommerce,issuer_decline,2,0.4235,0,,0.1891,0.3792,0.0,0.1057,0.0,1,5,5,24,6.745048096471758,medium
pay117392,cus632,mer75,2025-02-09 07:28:00,1272.15,netbanking,bank_j,utility_bills,card_expired,2,0.0305,0,,0.3485,0.0858,0.1754,0.0,0.2898,1,7,6,9,7.14924942350894,medium
pay111987,cus2463,mer16,2025-06-13 10:20:00,1685.29,debit_card,bank_a,food_delivery,upi_server_busy,4,0.8628,1,1.0,0.2225,0.5826,0.3768,0.6295,0.2789,0,10,4,13,7.430286128515639,medium
pay112201,cus3874,mer25,2025-04-10 12:22:00,50.0,upi,bank_c,education_fees,bank_server_timeout,4,0.8251,1,1.0,0.1352,0.6024,0.4246,0.4522,0.1841,0,12,3,10,3.9318256327243257,small
pay108428,cus535,mer83,2025-04-11 18:49:00,214.14,upi,bank_f,education_fees,bank_server_timeout,1,0.8328,1,1.0,0.1718,0.5514,0.296,0.1036,0.2406,0,18,4,11,5.371288979003859,small
pay118783,cus1750,mer96,2025-06-02 01:45:00,126.7,upi,bank_e,food_delivery,bank_server_timeout,1,0.7793,1,0.0,0.2141,0.6642,0.372,0.0,0.3403,0,1,0,2,4.8496837630384935,small
pay102434,cus1646,mer46,2025-03-23 01:59:00,1469.83,upi,bank_d,utility_bills,card_expired,4,0.0642,0,,0.4006,0.0459,0.1378,0.0777,0.0333,1,1,6,23,7.293582146281922,medium
pay110196,cus797,mer59,2025-04-20 02:39:00,1034.32,upi,bank_b,travel,issuer_decline,4,0.5,0,,0.2775,0.0,0.032,0.1449,0.0,1,2,6,20,6.942465836657532,medium
pay114701,cus2012,mer28,2025-01-07 15:12:00,1264.27,upi,bank_b,food_delivery,insufficient_funds,3,0.4646,0,,0.2926,0.2038,0.6524,0.144,0.3931,0,15,1,7,7.143040817121992,medium
pay119688,cus1569,mer8,2025-02-07 19:30:00,120.21,credit_card,bank_i,utility_bills,network_timeout,1,0.688,1,1.0,0.1117,0.5267,0.319,0.0,0.4593,0,19,4,7,4.79752457848242,small
pay118417,cus1700,mer54,2025-02-14 04:42:00,504.61,debit_card,bank_j,ecommerce,upi_server_busy,4,0.8805,1,1.0,0.4103,0.8498,0.4978,0.8253,0.3248,0,4,4,14,6.225765621118069,medium
pay119110,cus1708,mer57,2025-01-13 09:12:00,435.1,upi,bank_j,utility_bills,insufficient_funds,2,0.4748,0,,0.3429,0.0,0.5191,0.1929,0.3832,0,9,0,13,6.077871574848721,small
pay114262,cus3032,mer68,2025-03-19 16:49:00,463.71,upi,bank_d,utility_bills,upi_server_busy,2,0.8009,1,0.0,0.2897,0.7007,0.3198,0.5562,0.4625,0,16,2,19,6.141413555119134,small
pay119579,cus1271,mer13,2025-04-22 08:42:00,907.23,upi,bank_b,utility_bills,bank_server_timeout,3,0.8306,1,0.0,0.2431,0.6601,0.5751,0.8604,0.1505,0,8,1,22,6.811497650490018,medium
pay119267,cus3712,mer114,2025-03-01 13:35:00,392.57,credit_card,bank_b,ecommerce,upi_server_busy,2,0.8874,1,0.0,0.1821,0.6206,0.2584,0.4612,0.3235,1,13,5,1,5.975258942761049,small
pay101475,cus2930,mer76,2025-02-24 08:57:00,861.56,upi,bank_c,travel,bank_server_timeout,2,0.8195,1,1.0,0.2546,0.7014,0.4908,0.6933,0.3793,0,8,0,24,6.759904711703358,medium
pay111918,cus1926,mer54,2025-02-26 10:21:00,2521.08,netbanking,bank_j,travel,network_timeout,2,0.8796,1,0.0,0.5176,0.4346,0.3216,0.5698,0.353,0,10,2,26,7.8328392368782325,medium
pay113581,cus683,mer29,2025-03-09 11:09:00,353.12,upi,bank_e,food_delivery,issuer_decline,1,0.4299,1,0.0,0.3166,0.0678,0.1661,0.0119,0.1361,1,11,6,9,5.869635838742848,small
pay102004,cus3543,mer4,2025-05-24 14:51:00,144.65,upi,bank_h,food_delivery,insufficient_funds,1,0.5397,1,0.0,0.0935,0.0256,0.5423,0.0,0.269,1,14,5,24,4.981206483405444,small
pay107429,cus2283,mer23,2025-06-03 09:25:00,156.62,upi,bank_e,travel,card_expired,3,0.0328,0,,0.155,0.0,0.1446,0.2115,0.1325,0,9,1,3,5.060187072925504,small
pay108998,cus3372,mer8,2025-01-17 07:14:00,1027.42,debit_card,bank_h,utility_bills,insufficient_funds,3,0.4904,1,1.0,0.2689,0.0895,0.628,0.4056,0.3782,0,7,4,17,6.935778922888356,medium
pay118668,cus2365,mer109,2025-03-09 13:17:00,478.02,upi,bank_b,utility_bills,account_blocked,1,0.0687,0,,0.1645,0.0,0.0,0.0,0.1022,1,13,6,9,6.171742350192701,small
pay109799,cus279,mer30,2025-05-23 15:09:00,445.05,debit_card,bank_c,education_fees,issuer_decline,2,0.4532,1,0.0,0.0743,0.0889,0.2877,0.1117,0.3572,0,15,4,23,6.1004310533597925,small
pay110031,cus3471,mer62,2025-02-22 10:15:00,255.43,credit_card,bank_g,food_delivery,upi_server_busy,4,0.8784,1,0.0,0.7694,0.3715,0.3077,0.6842,0.212,1,10,5,22,5.546855722882189,small
pay103168,cus1681,mer30,2025-05-28 23:53:00,381.69,upi,bank_a,education_fees,card_expired,3,0.0736,0,,0.7747,0.0,0.0385,0.0812,0.0,0,23,2,28,5.947225261962221,small
pay101906,cus79,mer110,2025-02-23 07:20:00,321.59,credit_card,bank_b,utility_bills,card_expired,3,0.0046,0,,0.1463,0.1435,0.1681,0.0,0.0721,1,7,6,23,5.776382167070545,small
pay118718,cus2649,mer98,2025-05-22 15:00:00,12833.0,upi,bank_h,education_fees,issuer_decline,1,0.5551,0,,0.4166,0.3215,0.1372,0.2391,0.0514,0,15,3,22,9.45985317831046,large
pay105639,cus3484,mer71,2025-06-16 04:43:00,1407.85,upi,bank_d,education_fees,card_expired,3,0.0,0,,0.4577,0.0,0.0,0.0,0.0,0,4,0,16,7.250529047750382,medium
pay111853,cus1343,mer93,2025-05-28 11:49:00,189.41,upi,bank_c,food_delivery,upi_server_busy,1,0.9241,0,,0.1139,0.4758,0.1347,0.0766,0.3153,0,11,2,28,5.249179641986489,small
pay109957,cus3105,mer97,2025-05-27 03:20:00,109.66,upi,bank_b,travel,insufficient_funds,3,0.4896,1,1.0,0.2045,0.3346,0.5807,0.0471,0.3632,0,3,1,27,4.7064624374699635,small
pay109834,cus3215,mer37,2025-01-22 10:48:00,528.17,credit_card,bank_a,food_delivery,duplicate_payment_block,2,0.2932,1,0.0,0.1574,0.0487,0.1197,0.0586,0.0,0,10,2,22,6.271309741291495,medium
pay111093,cus812,mer37,2025-06-24 21:13:00,132.69,debit_card,bank_c,ecommerce,issuer_decline,4,0.416,1,0.0,0.1191,0.1231,0.1544,0.1189,0.1114,0,21,1,24,4.895523686995031,small
pay107964,cus3456,mer73,2025-01-10 10:50:00,1129.94,credit_card,bank_i,food_delivery,insufficient_funds,1,0.5311,1,0.0,0.2044,0.2809,0.3796,0.0,0.2651,0,10,4,10,7.030804424311021,medium
pay112235,cus1089,mer86,2025-01-24 17:25:00,306.6,debit_card,bank_d,education_fees,network_timeout,4,0.6898,1,1.0,0.3252,0.455,0.2494,0.4971,0.2111,0,17,4,24,5.728800237631489,small
pay107961,cus2483,mer24,2025-01-16 17:18:00,154.85,upi,bank_h,ecommerce,bank_server_timeout,2,0.7263,1,1.0,0.1176,0.482,0.3717,0.578,0.2348,0,17,3,16,5.048894006213346,small
pay115867,cus1921,mer88,2025-01-31 17:11:00,2067.53,upi,bank_d,food_delivery,upi_server_busy,2,0.8368,1,1.0,0.4616,0.5537,0.366,0.5753,0.4695,0,17,4,31,7.6345934890595295,medium
pay117730,cus1812,mer72,2025-04-02 02:02:00,812.61,credit_card,bank_g,utility_bills,upi_server_busy,4,0.8071,1,1.0,0.2756,0.6984,0.3662,0.5681,0.3664,0,2,2,2,6.70148113571093,medium
pay118713,cus3178,mer8,2025-06-26 22:44:00,216.37,credit_card,bank_j,utility_bills,issuer_decline,2,0.449,0,,0.3219,0.2719,0.2552,0.2725,0.2112,0,22,3,26,5.381600970684774,small
pay116038,cus1994,mer52,2025-04-14 20:37:00,2382.48,netbanking,bank_a,education_fees,account_blocked,3,0.0,0,,0.3392,0.1747,0.019,0.0,0.2734,0,20,0,14,7.776316883588069,medium
pay112416,cus3372,mer108,2025-06-16 09:31:00,388.68,upi,bank_i,utility_bills,otp_expired,2,0.7308,1,0.0,0.1159,0.3969,0.3114,0.3582,0.2892,0,9,0,16,5.9653258894982875,small
pay104680,cus3599,mer116,2025-02-28 11:20:00,333.25,credit_card,bank_f,food_delivery,issuer_decline,4,0.4095,0,,0.1493,0.1282,0.3412,0.4267,0.0,0,11,4,28,5.8118892159820525,small
pay118716,cus3882,mer26,2025-04-13 13:21:00,538.22,debit_card,bank_e,utility_bills,upi_server_busy,2,0.9073,1,1.0,0.0392,0.6089,0.3499,0.563,0.4626,1,13,6,13,6.290123650898337,medium
pay105277,cus3946,mer89,2025-05-29 03:05:00,115.42,credit_card,bank_h,food_delivery,bank_server_timeout,4,0.8322,1,1.0,0.889,0.8081,0.4887,0.7995,0.3057,0,3,3,29,4.75720434184359,small
pay114229,cus870,mer51,2025-05-26 04:14:00,3196.77,upi,bank_d,food_delivery,account_blocked,1,0.0,0,,0.4185,0.0,0.0,0.1419,0.0,0,4,0,26,8.070208970857568,medium
pay115721,cus583,mer101,2025-04-21 07:37:00,3022.54,debit_card,bank_j,utility_bills,upi_server_busy,2,0.8438,1,1.0,0.6017,0.7611,0.3908,0.8043,0.4467,0,7,0,21,8.014183609326434,medium
pay102677,cus188,mer84,2025-06-08 01:36:00,860.88,upi,bank_h,ecommerce,insufficient_funds,2,0.4864,1,1.0,0.2683,0.25,0.6808,0.128,0.3738,1,1,6,8,6.759116049836033,medium
pay119789,cus2241,mer88,2025-06-18 01:53:00,427.2,upi,bank_a,ecommerce,insufficient_funds,2,0.4384,1,0.0,0.2337,0.0,0.8531,0.3094,0.3233,0,1,2,18,6.059590376155582,small
pay104887,cus3813,mer98,2025-04-08 02:22:00,361.42,credit_card,bank_f,education_fees,account_blocked,1,0.0833,0,,0.6649,0.0,0.0,0.0,0.0,0,2,1,8,5.8928037602840115,small
pay108943,cus2080,mer24,2025-02-20 03:37:00,625.19,upi,bank_h,food_delivery,insufficient_funds,1,0.5425,0,,0.2226,0.235,0.6338,0.036,0.4588,0,3,3,20,6.439653839425925,medium
pay110267,cus74,mer17,2025-03-27 23:53:00,165.3,upi,bank_f,education_fees,network_timeout,2,0.7152,1,0.0,0.2095,0.7541,0.3068,0.4595,0.3607,0,23,3,27,5.113793386198882,small
pay116826,cus1300,mer52,2025-04-25 10:48:00,222.18,netbanking,bank_a,utility_bills,upi_server_busy,1,0.8591,1,0.0,0.1803,0.3518,0.1699,0.1126,0.3445,0,10,4,25,5.4079786207575555,small
pay118032,cus1617,mer77,2025-02-09 23:46:00,2612.09,netbanking,bank_a,ecommerce,insufficient_funds,2,0.5134,0,,0.3903,0.2886,0.5407,0.1843,0.438,1,23,6,9,7.868288708096232,medium
pay117385,cus462,mer95,2025-01-03 01:22:00,358.95,netbanking,bank_h,food_delivery,card_expired,3,0.1387,1,0.0,0.1901,0.0,0.0,0.0,0.2848,0,1,4,3,5.885965132915312,small
pay101177,cus1585,mer110,2025-02-04 11:43:00,1632.07,netbanking,bank_c,ecommerce,duplicate_payment_block,2,0.358,1,0.0,0.4744,0.0,0.0425,0.1019,0.1103,0,11,1,4,7.398216957942747,medium
pay116396,cus3059,mer33,2025-03-24 06:28:00,2696.43,credit_card,bank_e,utility_bills,insufficient_funds,2,0.4814,1,0.0,0.2571,0.0353,0.6912,0.2447,0.3839,0,6,0,24,7.900054746841923,medium
pay100644,cus464,mer7,2025-05-19 15:39:00,7570.41,upi,bank_h,education_fees,card_expired,3,0.0824,0,,0.3846,0.1392,0.0,0.1853,0.1679,0,15,0,19,8.932134590645749,large
pay107430,cus3774,mer31,2025-06-11 14:28:00,1242.73,upi,bank_d,education_fees,bank_server_timeout,1,0.8116,0,,0.3699,0.7844,0.5096,0.2573,0.4184,0,14,2,11,7.125870207941501,medium
pay117346,cus1438,mer5,2025-03-23 20:04:00,91.92,upi,bank_i,food_delivery,issuer_decline,2,0.4195,0,,0.0553,0.1013,0.1534,0.1098,0.21,1,20,6,23,4.531738907902208,small
pay108234,cus588,mer17,2025-03-05 18:14:00,456.41,debit_card,bank_b,ecommerce,upi_server_busy,2,0.8372,1,0.0,0.1277,0.7615,0.2097,0.7307,0.5435,0,18,2,5,6.125580144051925,small
pay110106,cus3786,mer101,2025-05-19 20:25:00,723.12,debit_card,bank_h,food_delivery,otp_expired,2,0.6669,0,,0.2146,0.3973,0.4144,0.2637,0.3418,0,20,0,19,6.584957124507743,medium
pay118223,cus1575,mer69,2025-03-07 15:53:00,900.9,upi,bank_h,education_fees,issuer_decline,1,0.4846,0,,0.2307,0.055,0.2152,0.0,0.0245,0,15,4,7,6.804503649171663,medium
pay110747,cus941,mer12,2025-04-18 12:30:00,3427.57,debit_card,bank_a,food_delivery,issuer_decline,2,0.4656,0,,0.3536,0.1179,0.0556,0.2624,0.1433,0,12,4,18,8.139898543608016,medium
pay101131,cus3178,mer32,2025-05-01 15:17:00,1207.27,upi,bank_d,ecommerce,issuer_decline,2,0.4208,1,0.0,0.5523,0.1669,0.1477,0.1171,0.0739,0,15,3,1,7.096944863453911,medium
pay117873,cus3749,mer19,2025-02-09 05:02:00,2316.31,upi,bank_i,food_delivery,bank_server_timeout,1,0.8283,1,0.0,0.3637,0.8447,0.6766,0.0285,0.759,1,5,6,9,7.748162309181546,medium
pay107301,cus3442,mer106,2025-02-23 12:28:00,1534.19,debit_card,bank_c,travel,otp_expired,3,0.6232,1,1.0,0.3191,0.2033,0.4084,0.3657,0.4085,1,12,6,23,7.336409430862999,medium
pay104066,cus1785,mer47,2025-06-03 18:31:00,1360.61,credit_card,bank_f,utility_bills,upi_server_busy,4,0.8965,1,1.0,0.2448,0.5603,0.2228,0.7032,0.1876,0,18,1,3,7.216423102092963,medium
pay104853,cus3962,mer91,2025-01-13 08:26:00,391.88,credit_card,bank_b,subscription_saas,otp_expired,3,0.6313,1,0.0,0.2968,0.2443,0.6276,0.5101,0.3831,0,8,0,13,5.973504221730989,small
pay111810,cus181,mer51,2025-02-18 05:00:00,933.77,upi,bank_j,ecommerce,card_expired,4,0.02,0,,0.4613,0.2784,0.0123,0.0,0.3822,0,5,1,18,6.8403005097235425,medium
pay117672,cus1637,mer3,2025-04-13 01:00:00,2540.01,debit_card,bank_j,travel,account_blocked,1,0.0,0,,0.6112,0.0,0.0,0.0,0.1484,1,1,6,13,7.840316918770901,medium
pay109215,cus2951,mer68,2025-02-09 04:53:00,264.68,netbanking,bank_d,travel,otp_expired,1,0.6713,1,1.0,0.3091,0.2719,0.5235,0.0,0.2481,1,4,6,9,5.5822925770684915,small
pay112160,cus12,mer31,2025-01-13 07:16:00,99.53,debit_card,bank_e,education_fees,card_expired,3,0.0846,0,,0.1596,0.2517,0.0,0.0,0.1162,0,7,0,13,4.610456190417329,small
pay108941,cus2958,mer76,2025-06-13 00:16:00,666.98,upi,bank_g,ecommerce,issuer_decline,4,0.4402,1,0.0,0.2005,0.1182,0.2402,0.1846,0.0353,0,0,4,13,6.504258232968671,medium
pay119845,cus2955,mer67,2025-05-10 05:19:00,24053.92,upi,bank_g,food_delivery,network_timeout,1,0.7162,1,1.0,1.0,0.5538,0.2278,0.0557,0.0795,1,5,5,10,10.088094828416114,large
pay111186,cus2163,mer113,2025-04-14 10:48:00,8508.04,credit_card,bank_j,ecommerce,otp_expired,2,0.5893,0,,0.5753,0.2135,0.3422,0.2314,0.3964,0,10,0,14,9.048884406743433,large
pay100453,cus787,mer71,2025-01-05 11:23:00,1178.58,upi,bank_a,subscription_saas,account_blocked,3,0.0,0,,0.2467,0.1779,0.0,0.0025,0.0558,1,11,6,5,7.072913721897419,medium
pay118076,cus849,mer14,2025-06-07 14:47:00,1247.66,upi,bank_h,education_fees,bank_server_timeout,1,0.7848,0,,0.2458,0.6425,0.68,0.1134,0.3706,1,14,5,7,7.129826255293374,medium
pay109002,cus3475,mer64,2025-05-02 03:57:00,129.3,upi,bank_j,ecommerce,bank_server_timeout,1,0.8159,1,1.0,0.3198,0.4333,0.2668,0.0,0.3804,0,3,4,2,4.869839484130799,small
pay104406,cus1542,mer97,2025-02-16 13:46:00,804.46,debit_card,bank_g,ecommerce,upi_server_busy,3,0.8551,1,1.0,0.2809,0.3857,0.1207,0.4982,0.4813,1,13,6,16,6.691413542786855,medium
pay104163,cus3338,mer9,2025-02-06 00:47:00,1645.49,upi,bank_e,ecommerce,duplicate_payment_block,1,0.2541,0,,0.3102,0.3396,0.1539,0.0,0.0,0,0,3,6,7.406401028308756,medium
pay116186,cus2453,mer38,2025-06-07 06:34:00,215.88,upi,bank_h,food_delivery,insufficient_funds,1,0.4479,1,1.0,0.1647,0.3401,0.6659,0.0,0.4892,1,6,5,7,5.37934420519041,small
pay109244,cus1818,mer32,2025-05-16 13:47:00,188.66,upi,bank_j,ecommerce,issuer_decline,3,0.4148,1,0.0,0.4931,0.0779,0.2405,0.181,0.0,0,13,4,16,5.245232995455582,small
pay104691,cus1930,mer50,2025-01-12 22:50:00,306.87,debit_card,bank_j,ecommerce,bank_server_timeout,3,0.8386,1,1.0,0.2606,0.6046,0.5834,0.6763,0.3905,1,22,6,12,5.729677615951538,small
pay110164,cus2305,mer52,2025-03-20 04:15:00,108.39,credit_card,bank_b,subscription_saas,issuer_decline,3,0.4116,0,,0.273,0.1457,0.1096,0.1106,0.2629,0,4,3,20,4.694919478131699,small
pay113264,cus2793,mer108,2025-04-23 18:20:00,1974.04,upi,bank_a,ecommerce,account_blocked,1,0.0832,0,,0.343,0.0,0.05,0.2774,0.0,0,18,2,23,7.588343930294687,medium
pay105885,cus3813,mer120,2025-05-27 16:16:00,370.24,netbanking,bank_e,food_delivery,network_timeout,2,0.7406,1,1.0,0.119,0.5555,0.1298,0.5077,0.3372,0,16,1,27,5.916848753727192,small
pay113423,cus773,mer30,2025-06-04 03:26:00,19861.21,netbanking,bank_f,ecommerce,card_expired,2,0.0511,0,,0.5077,0.0,0.0187,0.0925,0.0,0,3,2,4,9.89657421036079,large
pay104138,cus728,mer86,2025-06-08 13:27:00,4107.2,credit_card,bank_c,utility_bills,insufficient_funds,2,0.539,0,,0.3921,0.2085,0.591,0.0027,0.4952,1,13,6,8,8.320740255355073,medium
pay116491,cus2214,mer7,2025-01-31 04:34:00,506.22,upi,bank_j,ecommerce,network_timeout,1,0.6588,1,1.0,0.2466,0.6241,0.4351,0.0464,0.2778,0,4,4,31,6.2289448345222445,medium
pay107294,cus1754,mer120,2025-02-12 15:03:00,397.26,netbanking,bank_j,education_fees,network_timeout,2,0.762,0,,0.3223,0.4534,0.1996,0.2172,0.3654,0,15,2,12,5.987105058330529,small
pay101787,cus1270,mer40,2025-01-18 19:21:00,1696.81,credit_card,bank_d,education_fees,upi_server_busy,3,0.858,1,1.0,0.4212,0.6481,0.216,0.6129,0.3678,1,19,5,18,7.437094464261784,medium
pay111393,cus3844,mer87,2025-01-23 07:12:00,1911.72,upi,bank_g,education_fees,bank_server_timeout,3,0.7936,0,,0.3089,0.844,0.4465,0.5773,0.3877,0,7,3,23,7.556281591764678,medium
pay112434,cus3671,mer29,2025-03-04 10:50:00,188.79,upi,bank_j,food_delivery,bank_server_timeout,1,0.7534,1,1.0,0.2961,0.5318,0.3465,0.0,0.2779,0,10,1,4,5.2459181977488285,small
pay119989,cus3847,mer48,2025-06-22 23:48:00,50.0,upi,bank_h,food_delivery,issuer_decline,2,0.4529,1,0.0,0.1824,0.1578,0.3886,0.2666,0.0927,1,23,6,22,3.9318256327243257,small
pay106579,cus802,mer63,2025-03-20 00:10:00,68.22,credit_card,bank_i,subscription_saas,bank_server_timeout,3,0.8072,1,1.0,0.0633,0.8118,0.456,0.7911,0.2371,0,0,3,20,4.237289838207198,small
pay119408,cus2743,mer36,2025-02-25 06:21:00,5907.09,debit_card,bank_e,ecommerce,otp_expired,4,0.6353,1,1.0,0.4984,0.468,0.4385,0.107,0.495,0,6,1,25,8.684077877116826,large
pay103377,cus2815,mer99,2025-04-15 21:01:00,1173.87,credit_card,bank_g,utility_bills,insufficient_funds,4,0.4739,0,,0.265,0.2472,0.2632,0.2135,0.2475,0,21,1,15,7.068912782159519,medium
pay103811,cus3874,mer92,2025-03-22 01:03:00,175.38,debit_card,bank_h,education_fees,duplicate_payment_block,3,0.3451,0,,0.069,0.0,0.0696,0.0,0.0,1,1,5,22,5.172640758460035,small
pay111451,cus3584,mer93,2025-06-08 16:22:00,306.09,debit_card,bank_f,utility_bills,card_expired,3,0.1331,0,,0.1476,0.0775,0.0368,0.1602,0.0,1,16,6,8,5.727140864233436,small
pay115040,cus1642,mer29,2025-06-09 07:25:00,50.0,upi,bank_g,food_delivery,insufficient_funds,1,0.4998,1,1.0,0.1932,0.1671,0.626,0.0,0.474,0,7,0,9,3.9318256327243257,small
pay103178,cus1188,mer36,2025-02-08 18:41:00,2901.53,netbanking,bank_b,ecommerce,insufficient_funds,1,0.4485,1,0.0,0.4328,0.1217,0.3319,0.0,0.3586,1,18,5,8,7.973338049435944,medium
pay113959,cus1436,mer27,2025-05-07 22:18:00,2081.35,upi,bank_f,subscription_saas,issuer_decline,3,0.4279,1,0.0,0.3682,0.1251,0.1621,0.3078,0.0,0,22,2,7,7.641252342635274,medium
pay116281,cus366,mer118,2025-02-20 20:49:00,178.09,credit_card,bank_i,food_delivery,network_timeout,3,0.6946,1,1.0,0.1246,0.6934,0.2159,0.4369,0.3774,0,20,3,20,5.187888472778648,small
pay107748,cus2933,mer38,2025-04-15 16:36:00,1509.68,upi,bank_b,food_delivery,otp_expired,1,0.6141,1,0.0,0.2677,0.422,0.649,0.1215,0.2317,0,16,1,15,7.320315159566168,medium
pay112459,cus2421,mer118,2025-03-20 01:48:00,201.49,debit_card,bank_b,education_fees,insufficient_funds,3,0.3997,0,,0.1368,0.0138,0.7048,0.3115,0.3362,0,1,3,20,5.310690502611178,small
pay105294,cus1469,mer96,2025-06-16 00:45:00,60.6,upi,bank_h,food_delivery,insufficient_funds,3,0.5226,0,,0.1383,0.273,0.5344,0.207,0.5111,0,0,0,16,4.120661870539474,small
pay118136,cus1944,mer57,2025-05-09 12:48:00,244.06,upi,bank_d,education_fees,insufficient_funds,4,0.52,0,,0.3342,0.3398,0.3447,0.209,0.3546,0,12,4,9,5.5015030785213,small
pay115936,cus986,mer14,2025-05-27 11:41:00,9666.73,debit_card,bank_b,ecommerce,upi_server_busy,2,0.8701,1,1.0,0.4085,0.5628,0.2802,0.7087,0.5531,0,11,1,27,9.176548814250944,large
pay119020,cus3312,mer66,2025-01-29 19:35:00,179.33,credit_card,bank_i,education_fees,upi_server_busy,2,0.8861,1,1.0,0.1187,0.7594,0.3004,0.6688,0.3687,0,19,2,29,5.19478850571918,small
pay103411,cus2827,mer34,2025-06-27 14:15:00,55.41,debit_card,bank_c,ecommerce,upi_server_busy,4,0.9132,1,1.0,0.1716,0.7968,0.4415,0.6826,0.5659,0,14,4,27,4.032646447751885,small
pay107643,cus2998,mer30,2025-04-23 23:53:00,862.52,upi,bank_g,utility_bills,otp_expired,2,0.5781,0,,0.2005,0.4188,0.4628,0.3193,0.4611,0,23,2,23,6.761017058870332,medium
pay119867,cus456,mer86,2025-02-14 08:20:00,1366.46,credit_card,bank_i,education_fees,network_timeout,2,0.7511,0,,0.2582,0.5877,0.3058,0.4767,0.2576,0,8,4,14,7.220710283411295,medium
pay116791,cus1905,mer30,2025-04-08 05:09:00,309.65,debit_card,bank_f,subscription_saas,network_timeout,2,0.6335,1,1.0,0.1347,0.5971,0.2921,0.2991,0.5485,0,5,1,8,5.738666876509702,small
pay108173,cus1613,mer86,2025-04-08 01:40:00,404.49,upi,bank_f,food_delivery,upi_server_busy,2,0.9034,1,1.0,0.2454,0.8742,0.3472,0.6858,0.3854,0,1,1,8,6.005096212338929,small
pay104488,cus1468,mer25,2025-04-30 15:02:00,83.29,upi,bank_a,food_delivery,bank_server_timeout,4,0.7979,1,1.0,0.1713,0.7232,0.6317,0.5526,0.1874,0,15,2,30,4.434263234009391,small
pay100690,cus1283,mer54,2025-06-29 09:35:00,727.64,upi,bank_g,education_fees,otp_expired,3,0.6073,1,0.0,0.2222,0.2662,0.4167,0.1114,0.1589,1,9,6,29,6.591179782875375,medium
pay102040,cus160,mer5,2025-02-22 03:21:00,280.49,credit_card,bank_f,education_fees,otp_expired,2,0.637,0,,0.1213,0.4617,0.4169,0.2116,0.6012,1,3,5,22,5.640096922970068,small
pay108908,cus663,mer32,2025-03-01 07:58:00,1642.64,debit_card,bank_d,food_delivery,issuer_decline,4,0.3633,0,,0.4382,0.3427,0.2154,0.2104,0.0,1,7,5,1,7.40466857353473,medium
pay113095,cus161,mer38,2025-04-11 17:05:00,270.7,credit_card,bank_h,education_fees,insufficient_funds,3,0.46,1,1.0,0.2538,0.1701,0.2515,0.0377,0.4777,0,17,4,11,5.604698516432302,small
pay105486,cus3307,mer13,2025-02-08 08:43:00,1430.64,debit_card,bank_h,education_fees,duplicate_payment_block,4,0.3665,1,0.0,0.3158,0.3706,0.1051,0.0,0.0406,1,8,5,8,7.266575919267112,medium
pay114225,cus1093,mer30,2025-05-03 05:46:00,183.63,upi,bank_d,food_delivery,upi_server_busy,1,0.8822,1,0.0,0.2847,0.6715,0.1606,0.1834,0.5273,1,5,5,3,5.218353822407652,small
pay106519,cus3695,mer25,2025-01-08 17:39:00,964.95,credit_card,bank_d,travel,account_blocked,3,0.0362,0,,0.3294,0.0,0.0312,0.1665,0.2387,0,17,2,8,6.873112073038563,medium
pay105541,cus248,mer40,2025-01-30 02:54:00,206.59,upi,bank_c,ecommerce,upi_server_busy,1,0.9268,1,0.0,0.0613,0.6937,0.3689,0.0031,0.3564,0,2,3,30,5.335564980574703,small
pay109000,cus140,mer9,2025-03-22 06:35:00,1603.6,netbanking,bank_g,food_delivery,network_timeout,3,0.6874,1,1.0,0.3409,0.6879,0.2435,0.5634,0.4155,1,6,5,22,7.380629783319556,medium
pay104593,cus1026,mer7,2025-05-12 03:03:00,256.93,upi,bank_c,subscription_saas,bank_server_timeout,2,0.7526,1,1.0,0.154,0.947,0.3101,0.9168,0.2981,0,3,0,12,5.552688230278819,small
pay119004,cus1067,mer105,2025-04-15 18:12:00,311.46,credit_card,bank_d,travel,bank_server_timeout,4,0.8398,1,0.0,0.3414,0.6183,0.3433,0.6181,0.4598,0,18,1,15,5.744476460983757,small
pay113684,cus2236,mer98,2025-01-18 03:58:00,409.66,upi,bank_j,utility_bills,issuer_decline,1,0.5161,1,0.0,0.3004,0.1492,0.4631,0.0645,0.3253,1,3,5,18,6.017765621527353,small
pay104814,cus1409,mer74,2025-05-15 07:39:00,111.89,upi,bank_i,food_delivery,insufficient_funds,4,0.4963,0,,0.2023,0.287,0.6108,0.2405,0.4263,0,7,3,15,4.726413893273455,small
pay102527,cus579,mer96,2025-06-20 18:09:00,4370.5,debit_card,bank_b,education_fees,insufficient_funds,4,0.57,0,,0.3825,0.2792,0.4909,0.0299,0.4012,0,18,4,20,8.382861478620946,medium
pay113358,cus3063,mer10,2025-01-19 02:58:00,393.4,upi,bank_j,education_fees,bank_server_timeout,3,0.778,1,1.0,0.2852,0.7455,0.5557,0.566,0.2737,1,2,6,19,5.97736562272848,small
pay105043,cus3474,mer87,2025-04-12 09:32:00,115.07,debit_card,bank_i,subscription_saas,issuer_decline,1,0.3438,1,0.0,0.2112,0.2683,0.2875,0.0,0.0446,1,9,5,12,4.754193457380532,small
pay119560,cus3698,mer93,2025-02-02 14:04:00,518.44,debit_card,bank_e,education_fees,otp_expired,2,0.5724,0,,0.1749,0.4107,0.4163,0.0,0.2692,1,14,6,2,6.2527513082002315,medium
pay118868,cus1559,mer36,2025-06-18 07:39:00,1214.99,upi,bank_d,utility_bills,insufficient_funds,1,0.4827,0,,0.4131,0.3838,0.5961,0.0256,0.3609,0,7,2,18,7.103313838808087,medium
pay101832,cus1066,mer92,2025-04-16 22:47:00,147.76,upi,bank_c,travel,upi_server_busy,2,0.7549,1,1.0,0.76,0.6942,0.1731,0.7605,0.3852,0,22,2,16,5.0023342690568695,small
pay103204,cus2072,mer46,2025-02-23 21:29:00,6171.26,upi,bank_b,food_delivery,insufficient_funds,2,0.5141,1,0.0,0.5132,0.1549,0.3621,0.2084,0.41,1,21,6,23,8.727820338324888,large
pay107830,cus503,mer119,2025-02-02 01:18:00,387.45,upi,bank_f,food_delivery,otp_expired,2,0.6232,0,,0.2047,0.6958,0.5051,0.2209,0.3114,1,1,6,2,5.96216446139643,small
pay109034,cus826,mer43,2025-06-05 15:40:00,4183.88,debit_card,bank_b,education_fees,insufficient_funds,3,0.5818,0,,0.2725,0.3146,0.9098,0.2314,0.2999,0,15,3,5,8.339233308677349,medium
pay111895,cus2248,mer23,2025-05-01 03:18:00,178.34,upi,bank_g,utility_bills,insufficient_funds,3,0.4926,0,,0.1258,0.3376,0.8822,0.0808,0.5886,0,3,3,1,5.189283445523902,small
pay110676,cus1007,mer89,2025-02-18 11:30:00,417.04,debit_card,bank_i,food_delivery,account_blocked,3,0.0441,0,,0.1516,0.0698,0.1631,0.111,0.0811,0,11,1,18,6.035577121726303,small
pay105337,cus2843,mer74,2025-04-14 11:14:00,212.48,credit_card,bank_j,food_delivery,bank_server_timeout,1,0.714,1,0.0,0.3283,0.5847,0.3356,0.1683,0.6621,0,11,0,14,5.363543151465744,small
pay102500,cus1370,mer112,2025-05-06 21:30:00,1750.14,upi,bank_b,subscription_saas,account_blocked,2,0.0083,0,,0.1994,0.0,0.0,0.2399,0.0,0,21,1,6,7.468022283401498,medium
pay109088,cus3974,mer118,2025-01-26 23:48:00,2580.33,upi,bank_h,education_fees,network_timeout,3,0.7698,1,0.0,0.2947,0.5763,0.1663,0.2662,0.141,1,23,6,26,7.856060048965156,medium
pay101658,cus2542,mer107,2025-06-01 00:37:00,209.25,netbanking,bank_b,education_fees,insufficient_funds,3,0.3856,0,,0.1217,0.3492,0.581,0.1763,0.6035,1,0,6,1,5.3482972988530575,small
pay114247,cus601,mer14,2025-06-06 07:40:00,345.3,debit_card,bank_d,travel,insufficient_funds,2,0.453,1,1.0,0.2324,0.4714,0.6904,0.0852,0.4022,0,7,4,6,5.847305451408376,small
pay112365,cus1405,mer62,2025-05-27 01:10:00,131.57,upi,bank_g,travel,otp_expired,1,0.5203,0,,0.1065,0.4096,0.4183,0.3691,0.3623,0,1,1,27,4.887110807810759,small
pay105617,cus3684,mer50,2025-02-03 02:03:00,1751.04,upi,bank_c,ecommerce,insufficient_funds,2,0.5033,0,,0.2444,0.2157,0.9638,0.2484,0.4905,0,2,0,3,7.468536102285941,medium
pay109229,cus2291,mer6,2025-02-28 03:55:00,50.0,debit_card,bank_b,education_fees,account_blocked,3,0.0,0,,0.1182,0.0,0.1896,0.0446,0.0574,0,3,4,28,3.9318256327243257,small
pay102078,cus3503,mer116,2025-02-16 12:53:00,434.96,upi,bank_f,education_fees,otp_expired,2,0.5755,0,,0.184,0.3958,0.1306,0.0549,0.4629,1,12,6,16,6.077550496021111,small
pay119429,cus210,mer37,2025-04-28 05:49:00,540.4,upi,bank_g,ecommerce,upi_server_busy,4,0.9178,1,1.0,0.1781,0.6742,0.3597,0.7057,0.3062,0,5,0,28,6.2941583771802,medium
pay105364,cus175,mer87,2025-02-19 03:38:00,4095.79,credit_card,bank_f,food_delivery,insufficient_funds,4,0.4764,0,,0.3157,0.1011,0.6252,0.1939,0.4009,0,3,2,19,8.317959019215856,medium
pay107214,cus3720,mer114,2025-02-14 11:07:00,240.42,upi,bank_d,ecommerce,upi_server_busy,4,0.7729,1,0.0,0.2647,0.401,0.3396,0.7289,0.4302,0,11,4,14,5.486538155272981,small
pay105637,cus3177,mer74,2025-03-20 05:29:00,352.54,upi,bank_g,ecommerce,insufficient_funds,2,0.6065,1,1.0,0.2233,0.2708,0.8302,0.1425,0.2086,0,5,3,20,5.867996633107738,small
pay107623,cus395,mer55,2025-01-25 18:14:00,1769.71,netbanking,bank_e,utility_bills,insufficient_funds,1,0.4908,0,,0.3076,0.2894,0.476,0.0732,0.3696,1,18,5,25,7.47913587508027,medium
pay117522,cus3632,mer117,2025-01-03 11:41:00,1822.86,upi,bank_i,food_delivery,duplicate_payment_block,2,0.3157,0,,0.3276,0.2318,0.403,0.2028,0.0301,0,11,4,3,7.508710413302543,medium
pay112001,cus2560,mer102,2025-03-23 23:39:00,427.64,upi,bank_a,utility_bills,bank_server_timeout,2,0.8203,1,1.0,0.1621,0.5849,0.4366,0.8282,0.4579,1,23,6,23,6.0606174057962985,small
pay109899,cus1232,mer60,2025-05-05 09:42:00,223.67,upi,bank_f,education_fees,bank_server_timeout,2,0.7846,1,1.0,0.2133,0.8359,0.5273,0.7798,0.3176,0,9,0,5,5.414632658929385,small
pay101809,cus2912,mer15,2025-06-22 16:19:00,2667.13,netbanking,bank_d,utility_bills,bank_server_timeout,3,0.8493,1,1.0,0.5445,0.7423,0.2822,0.6308,0.3194,1,16,6,22,7.88913313148564,medium
pay104058,cus2700,mer53,2025-02-06 22:48:00,170.33,upi,bank_i,utility_bills,insufficient_funds,3,0.5331,0,,0.1212,0.3629,0.573,0.0558,0.339,0,22,3,6,5.143591521344882,small
pay115235,cus3819,mer103,2025-05-04 06:29:00,546.47,debit_card,bank_c,food_delivery,network_timeout,1,0.7161,1,1.0,0.1892,0.7433,0.237,0.1576,0.3762,1,6,6,4,6.305307665668834,medium
pay106869,cus706,mer44,2025-01-14 16:05:00,313.31,netbanking,bank_c,subscription_saas,insufficient_funds,1,0.4422,0,,0.0956,0.4423,0.3467,0.0013,0.4254,0,16,1,14,5.750379760032983,small
pay104779,cus2368,mer1,2025-01-13 22:26:00,3510.99,debit_card,bank_i,food_delivery,network_timeout,1,0.7205,1,0.0,0.3564,0.7782,0.3034,0.2111,0.1354,0,22,0,13,8.163938107370543,medium
pay108467,cus3005,mer53,2025-05-20 03:21:00,125.27,credit_card,bank_f,education_fees,network_timeout,2,0.8294,0,,0.1333,0.6437,0.3851,0.5138,0.2488,0,3,1,20,4.838422471450589,small
pay110611,cus1311,mer79,2025-04-24 19:14:00,772.24,upi,bank_c,ecommerce,upi_server_busy,3,0.8375,0,,0.2414,0.7318,0.4273,0.5751,0.4774,0,19,3,24,6.650589479053491,medium
pay103539,cus3458,mer62,2025-05-29 21:45:00,1750.45,upi,bank_i,food_delivery,account_blocked,4,0.0435,0,,0.3317,0.0,0.0074,0.135,0.0196,0,21,3,29,7.4681992952703204,medium
pay115217,cus568,mer96,2025-02-28 01:48:00,975.57,upi,bank_c,food_delivery,network_timeout,3,0.7878,0,,0.2535,0.7381,0.4355,0.4878,0.1054,0,1,4,28,6.88404643233533,medium
pay104281,cus1602,mer110,2025-06-11 04:35:00,1793.42,credit_card,bank_j,food_delivery,insufficient_funds,3,0.444,1,0.0,0.4261,0.1958,0.5455,0.2638,0.4576,0,4,2,11,7.492437128930777,medium
pay119027,cus1942,mer101,2025-05-26 07:56:00,651.45,upi,bank_a,utility_bills,insufficient_funds,2,0.4985,1,0.0,0.2286,0.2876,0.8283,0.2221,0.2494,0,7,0,26,6.480734507908256,medium
pay107924,cus3203,mer99,2025-01-24 07:15:00,258.07,upi,bank_j,utility_bills,bank_server_timeout,4,0.8926,1,1.0,0.4103,0.565,0.4785,0.678,0.4861,0,7,4,24,5.557098295453378,small
pay100060,cus1564,mer32,2025-06-16 01:20:00,1018.41,upi,bank_h,food_delivery,card_expired,2,0.0406,0,,0.2095,0.2143,0.0,0.073,0.0,0,1,0,16,6.926979307549802,medium
pay107469,cus1012,mer41,2025-01-31 02:42:00,64.82,netbanking,bank_a,ecommerce,bank_server_timeout,1,0.7954,1,1.0,0.1352,0.7244,0.2099,0.1005,0.4755,0,2,4,31,4.186923743515194,small
pay113943,cus1314,mer52,2025-03-07 01:59:00,388.25,debit_card,bank_a,utility_bills,network_timeout,4,0.6504,0,,0.0606,0.6285,0.1547,0.4089,0.2625,0,1,4,7,5.964221810714108,small
pay101240,cus1498,mer33,2025-04-02 11:20:00,355.87,upi,bank_j,ecommerce,insufficient_funds,2,0.4628,0,,0.2996,0.0839,0.7274,0.38,0.3885,0,11,2,2,5.877371569804246,small
pay118537,cus1798,mer7,2025-06-13 08:12:00,4161.24,upi,bank_b,utility_bills,network_timeout,4,0.6724,1,1.0,0.5331,0.7636,0.2207,0.5415,0.1456,0,8,4,13,8.333808669875376,medium
pay113272,cus2363,mer17,2025-03-30 04:07:00,2636.29,credit_card,bank_g,subscription_saas,card_expired,4,0.1366,0,,0.3823,0.0,0.1333,0.2824,0.071,1,4,6,30,7.877507153761333,medium
pay116732,cus2212,mer59,2025-06-05 20:34:00,536.9,debit_card,bank_h,ecommerce,card_expired,2,0.0133,0,,0.1735,0.0,0.0828,0.0332,0.1156,0,20,3,5,6.287672669279197,medium
pay115377,cus2747,mer32,2025-03-09 07:53:00,742.04,upi,bank_c,food_delivery,otp_expired,1,0.5952,1,1.0,0.2255,0.3921,0.4133,0.0,0.4364,1,7,6,9,6.610749879069472,medium
pay115510,cus885,mer50,2025-01-09 05:34:00,115.19,upi,bank_f,travel,insufficient_funds,4,0.5574,1,1.0,0.1505,0.3794,0.5848,0.2288,0.459,0,5,3,9,4.755226782194771,small
pay115390,cus1682,mer41,2025-02-23 22:55:00,70.68,debit_card,bank_e,education_fees,issuer_decline,2,0.4309,1,0.0,0.1609,0.2875,0.2064,0.2129,0.0764,1,22,6,23,4.272211768666675,small
pay113441,cus2384,mer39,2025-03-12 20:12:00,9650.07,netbanking,bank_g,food_delivery,insufficient_funds,3,0.5132,0,,0.3632,0.265,0.4053,0.3079,0.4853,0,20,2,12,9.174824069015223,large
pay114146,cus3556,mer36,2025-03-13 16:45:00,12532.05,debit_card,bank_f,ecommerce,insufficient_funds,3,0.5211,0,,0.3834,0.3944,0.6747,0.0,0.2967,0,16,3,13,9.436124434071369,large
pay107014,cus1299,mer41,2025-03-19 06:48:00,6804.54,upi,bank_f,ecommerce,account_blocked,4,0.0478,0,,0.5688,0.0335,0.03,0.0,0.2041,0,6,2,19,8.825492265353857,large
pay118635,cus2221,mer68,2025-03-02 15:29:00,81.81,netbanking,bank_c,food_delivery,issuer_decline,4,0.4295,0,,0.8181,0.0,0.1232,0.2904,0.2464,1,15,6,2,4.416548827045609,small
pay105009,cus244,mer68,2025-02-19 21:30:00,1356.55,upi,bank_i,education_fees,insufficient_funds,4,0.4827,0,,0.3092,0.0418,0.5785,0.2854,0.3939,0,21,2,19,7.213436883542317,medium
pay114918,cus1636,mer83,2025-03-05 21:49:00,92.55,upi,bank_g,education_fees,card_expired,1,0.0092,0,,0.1153,0.0703,0.0457,0.0,0.0,0,21,2,5,4.538496052720099,small
pay114215,cus3101,mer77,2025-04-13 06:35:00,2510.15,upi,bank_j,education_fees,insufficient_funds,3,0.4637,0,,0.5403,0.2963,0.4176,0.0005,0.4108,1,6,6,13,7.828496094529903,medium
pay101893,cus3990,mer98,2025-05-08 20:16:00,5924.98,upi,bank_i,food_delivery,bank_server_timeout,3,0.8035,1,0.0,0.4467,0.4912,0.3376,0.7027,0.1268,0,20,3,8,8.687101353170002,large
pay109189,cus2705,mer73,2025-02-08 00:59:00,15247.41,netbanking,bank_i,food_delivery,otp_expired,1,0.4909,1,0.0,0.4214,0.3082,0.4208,0.1977,0.1542,1,0,5,8,9.632230514304785,large
pay105600,cus440,mer15,2025-03-02 15:34:00,74.22,upi,bank_i,food_delivery,insufficient_funds,3,0.4818,1,0.0,0.118,0.3313,0.8129,0.3167,0.3142,1,15,6,2,4.32041715304219,small
pay116600,cus1020,mer70,2025-06-28 21:16:00,127.61,debit_card,bank_g,education_fees,otp_expired,2,0.5814,1,0.0,0.12,0.409,0.1962,0.1875,0.4466,1,21,5,28,4.856784569277996,small
pay100083,cus182,mer110,2025-05-30 21:11:00,773.19,debit_card,bank_c,education_fees,bank_server_timeout,3,0.7673,1,0.0,0.1508,0.6293,0.4054,0.6432,0.2235,0,21,4,30,6.6518173215011,medium
pay113880,cus576,mer70,2025-02-17 04:18:00,1349.81,upi,bank_f,ecommerce,bank_server_timeout,1,0.8279,1,0.0,0.2823,0.8441,0.5764,0.0,0.2562,0,4,0,17,7.2084596915044425,medium
pay113993,cus1987,mer49,2025-05-13 06:57:00,717.4,netbanking,bank_e,education_fees,upi_server_busy,3,0.8778,1,1.0,0.268,0.685,0.3115,0.5478,0.4466,0,6,1,13,6.57702651698799,medium
pay115448,cus1428,mer12,2025-05-24 13:00:00,414.88,debit_card,bank_c,food_delivery,card_expired,4,0.0273,0,,0.2488,0.0,0.1286,0.0767,0.0083,1,13,5,24,6.030396757109769,small
pay111449,cus1352,mer49,2025-05-25 01:57:00,113.28,upi,bank_b,subscription_saas,bank_server_timeout,4,0.7619,1,1.0,0.7886,0.6837,0.6818,0.5357,0.4948,1,1,6,25,4.738651577362572,small
pay116733,cus2425,mer40,2025-01-22 12:48:00,1682.44,debit_card,bank_b,food_delivery,card_expired,4,0.121,1,0.0,0.2122,0.009,0.075,0.0141,0.0,0,12,2,22,7.428594597930368,medium
pay108640,cus2659,mer108,2025-04-17 02:51:00,267.92,upi,bank_g,food_delivery,insufficient_funds,3,0.4922,1,0.0,0.0921,0.3132,0.511,0.1467,0.3847,0,2,3,17,5.594413937600836,small
pay110205,cus1397,mer26,2025-01-05 02:29:00,2562.66,netbanking,bank_b,travel,network_timeout,1,0.7912,1,1.0,0.4015,0.699,0.0887,0.1227,0.1341,1,2,6,5,7.849191203943488,medium
pay116554,cus1888,mer74,2025-06-03 21:05:00,1340.57,debit_card,bank_h,utility_bills,upi_server_busy,4,0.8792,1,0.0,0.2753,0.4184,0.0215,0.5358,0.4511,0,21,1,3,7.20159584889941,medium
pay109526,cus3340,mer67,2025-05-30 04:27:00,310.82,debit_card,bank_e,food_delivery,otp_expired,3,0.5662,1,1.0,0.1345,0.3436,0.5623,0.192,0.2689,0,4,4,30,5.742426098248406,small
pay101717,cus3659,mer33,2025-03-10 05:30:00,686.48,debit_card,bank_g,food_delivery,upi_server_busy,1,0.9386,1,1.0,0.1138,0.8282,0.5107,0.0,0.4656,0,5,0,10,6.533032738208487,medium
pay103957,cus3938,mer41,2025-05-13 03:31:00,1401.88,credit_card,bank_j,education_fees,upi_server_busy,2,0.8504,1,0.0,0.4534,0.7336,0.2756,0.6191,0.5238,0,3,1,13,7.246282545439486,medium
pay112745,cus3226,mer80,2025-06-25 04:48:00,1279.86,upi,bank_j,ecommerce,insufficient_funds,4,0.5048,1,0.0,0.4128,0.099,0.6851,0.1449,0.2999,0,4,2,25,7.155287006306702,medium
pay109296,cus96,mer60,2025-05-16 03:30:00,50.0,debit_card,bank_a,food_delivery,duplicate_payment_block,3,0.2411,0,,0.203,0.215,0.3866,0.0336,0.0,0,3,4,16,3.9318256327243257,small
pay109655,cus1521,mer110,2025-03-16 12:25:00,6283.0,debit_card,bank_f,subscription_saas,network_timeout,1,0.6881,1,0.0,0.4237,0.4549,0.0863,0.3769,0.4034,1,12,6,16,8.745761999375512,large
pay117173,cus3903,mer53,2025-01-26 05:29:00,1319.42,upi,bank_a,education_fees,network_timeout,2,0.7542,1,0.0,0.2808,0.4084,0.3206,0.2747,0.4035,1,5,6,26,7.185705146789498,medium
pay111315,cus2704,mer19,2025-05-24 21:42:00,432.67,upi,bank_b,utility_bills,issuer_decline,1,0.3908,0,,0.1322,0.1212,0.2041,0.0,0.1491,1,21,5,24,6.072283876209936,small
pay100438,cus2059,mer21,2025-01-15 13:21:00,321.04,upi,bank_i,ecommerce,account_blocked,4,0.0261,0,,0.1808,0.0711,0.1751,0.0,0.227,0,13,2,15,5.77467576143178,small
pay113255,cus691,mer5,2025-04-15 22:37:00,587.62,upi,bank_a,food_delivery,bank_server_timeout,1,0.8556,1,0.0,0.1521,0.7928,0.4604,0.3535,0.3032,0,22,1,15,6.377780814155163,medium
pay103789,cus2510,mer26,2025-02-26 22:41:00,159.51,upi,bank_b,ecommerce,bank_server_timeout,4,0.8122,1,1.0,0.0996,0.6806,0.5101,0.556,0.4414,0,22,2,26,5.078356245925126,small
pay105089,cus3446,mer102,2025-04-05 23:00:00,435.44,upi,bank_g,travel,insufficient_funds,1,0.4999,0,,0.1236,0.2564,0.8408,0.0,0.2111,1,23,5,5,6.078650908786898,small
pay111373,cus1731,mer98,2025-01-13 13:42:00,1989.36,upi,bank_f,ecommerce,issuer_decline,2,0.487,1,1.0,0.888,0.4044,0.1783,0.2677,0.319,0,13,0,13,7.596070805879901,medium
pay116846,cus3546,mer97,2025-04-28 15:22:00,112.89,netbanking,bank_i,ecommerce,upi_server_busy,1,0.8538,1,1.0,0.1845,0.5711,0.3448,0.1757,0.2477,0,15,0,28,4.7352330702862595,small
pay103782,cus1519,mer61,2025-01-19 20:49:00,1044.37,upi,bank_i,subscription_saas,network_timeout,3,0.7181,1,1.0,0.8617,0.517,0.2147,0.5222,0.1236,1,20,6,19,6.9521261687176334,medium
pay115672,cus1334,mer11,2025-02-15 21:41:00,2947.4,netbanking,bank_h,ecommerce,network_timeout,4,0.7404,1,1.0,0.3157,0.2525,0.0294,0.5446,0.2695,1,21,5,15,7.989017929315134,medium
pay117107,cus215,mer7,2025-05-08 20:02:00,2363.26,credit_card,bank_i,education_fees,bank_server_timeout,3,0.7491,0,,0.2679,0.4284,0.3961,0.4274,0.1925,0,20,3,8,7.76822035555782,medium
pay112055,cus820,mer117,2025-01-22 00:32:00,136.36,netbanking,bank_i,food_delivery,account_blocked,2,0.0,0,,0.0617,0.0,0.1658,0.086,0.0612,0,0,2,22,4.92260521658922,small
pay106937,cus3796,mer75,2025-02-25 20:46:00,3421.27,credit_card,bank_d,food_delivery,upi_server_busy,4,0.7427,1,0.0,0.5046,0.6607,0.3929,0.8319,0.1683,0,20,1,25,8.138059352566954,medium
pay103274,cus2300,mer110,2025-02-13 18:19:00,370.28,netbanking,bank_f,subscription_saas,network_timeout,1,0.7321,0,,0.1462,0.3653,0.0912,0.0699,0.1637,0,18,3,13,5.91695649493292,small
pay104156,cus443,mer99,2025-05-08 05:16:00,1497.2,credit_card,bank_f,food_delivery,upi_server_busy,3,0.8664,1,1.0,0.2849,0.9446,0.5699,0.47,0.4315,0,5,3,8,7.312019666513782,medium
pay100746,cus1291,mer79,2025-04-06 19:05:00,257.95,credit_card,bank_j,food_delivery,card_expired,1,0.0095,0,,0.3978,0.0,0.0,0.0718,0.0,1,19,6,6,5.556634992869901,small
pay104621,cus1596,mer114,2025-06-29 02:27:00,100.46,netbanking,bank_g,ecommerce,bank_server_timeout,2,0.6931,1,0.0,0.0912,0.6101,0.4527,0.849,0.1858,1,2,6,29,4.6196646321385435,small
pay109182,cus2991,mer107,2025-06-06 21:47:00,188.93,upi,bank_h,ecommerce,bank_server_timeout,1,0.6794,1,1.0,0.1022,0.5368,0.2227,0.0771,0.6048,0,21,4,6,5.246655583224145,small
pay113046,cus1706,mer107,2025-06-12 14:28:00,3809.6,upi,bank_a,education_fees,otp_expired,1,0.5431,1,0.0,0.3428,0.1265,0.549,0.1729,0.3072,0,14,3,12,8.245541936036984,medium
pay100325,cus1036,mer66,2025-02-11 10:31:00,178.13,upi,bank_i,food_delivery,network_timeout,1,0.7957,1,1.0,0.1483,0.3814,0.0818,0.093,0.0,0,10,1,11,5.188111799227011,small
pay100473,cus1086,mer4,2025-03-26 03:05:00,781.55,upi,bank_i,ecommerce,network_timeout,1,0.7594,0,,0.9282,0.7461,0.2352,0.0674,0.0726,0,3,2,26,6.662557818136511,medium
pay104345,cus1121,mer67,2025-04-01 11:34:00,147.45,upi,bank_c,travel,upi_server_busy,4,0.8884,0,,0.1601,0.526,0.1634,0.8146,0.2249,0,11,1,1,5.000248201209769,small
pay119059,cus1422,mer45,2025-02-17 05:12:00,413.12,credit_card,bank_e,education_fees,issuer_decline,3,0.4925,1,0.0,0.1731,0.0649,0.1546,0.0336,0.2624,0,5,0,17,6.026155786897912,small
pay102997,cus2180,mer50,2025-03-04 13:57:00,677.07,credit_card,bank_a,subscription_saas,insufficient_funds,1,0.4798,1,1.0,0.1368,0.3229,0.6897,0.0427,0.5358,0,13,1,4,6.519250527448772,medium
pay116349,cus3969,mer85,2025-01-14 14:12:00,2312.07,upi,bank_j,ecommerce,bank_server_timeout,2,0.8731,1,0.0,0.5084,0.8037,0.6623,0.8377,0.0727,0,14,1,14,7.7463309255002635,medium
pay116434,cus467,mer27,2025-01-30 12:08:00,1384.33,upi,bank_g,education_fees,upi_server_busy,4,0.7975,1,1.0,0.2081,0.6326,0.1964,0.7016,0.2413,0,12,3,30,7.233693657388344,medium
pay112809,cus1500,mer110,2025-02-05 01:01:00,2853.75,credit_card,bank_g,utility_bills,bank_server_timeout,1,0.793,1,1.0,0.3366,0.898,0.288,0.0,0.1443,0,1,2,5,7.956739552581757,medium
pay116195,cus3865,mer22,2025-04-06 05:16:00,89.57,netbanking,bank_i,food_delivery,upi_server_busy,2,0.9042,1,0.0,0.0843,0.4888,0.3866,0.9158,0.2807,1,5,6,6,4.506123032386857,small
pay118317,cus1264,mer55,2025-02-11 10:15:00,155.07,upi,bank_d,ecommerce,upi_server_busy,2,0.7891,1,1.0,0.1696,0.6185,0.1963,0.7308,0.4686,0,10,1,11,5.050304624554462,small
pay100621,cus459,mer27,2025-03-28 00:26:00,291.17,netbanking,bank_h,utility_bills,issuer_decline,3,0.4538,1,0.0,0.1139,0.2648,0.2676,0.0405,0.0287,0,0,4,28,5.677335824641218,small
pay114776,cus689,mer59,2025-03-28 03:44:00,3506.03,netbanking,bank_c,utility_bills,card_expired,2,0.1252,0,,0.3542,0.0,0.0,0.0768,0.0,0,3,4,28,8.162524804423521,medium
pay113339,cus350,mer64,2025-06-02 01:24:00,272.08,debit_card,bank_h,education_fees,network_timeout,2,0.8099,1,1.0,0.2545,0.7259,0.1632,0.4254,0.3047,0,1,0,2,5.609764792550079,small
pay100065,cus243,mer114,2025-02-28 15:34:00,63.57,upi,bank_f,utility_bills,bank_server_timeout,4,0.788,1,1.0,0.0569,0.7921,0.4834,0.5945,0.0883,0,15,4,28,4.167749906638376,small
pay107102,cus521,mer19,2025-04-27 09:58:00,92.42,netbanking,bank_d,food_delivery,upi_server_busy,1,0.758,0,,0.3591,0.5504,0.3716,0.0466,0.2478,1,9,6,27,4.537105455073962,small
pay101217,cus1839,mer33,2025-05-12 20:02:00,415.2,debit_card,bank_j,travel,card_expired,4,0.0348,0,,0.2835,0.268,0.0,0.1127,0.0166,0,20,0,12,6.031165913959534,small
pay119708,cus234,mer119,2025-01-20 00:55:00,312.65,credit_card,bank_g,food_delivery,bank_server_timeout,1,0.7357,0,,0.1249,0.6088,0.504,0.0,0.4257,0,0,0,20,5.748277714542752,small
pay116113,cus2122,mer60,2025-04-14 21:14:00,322.58,upi,bank_d,ecommerce,insufficient_funds,4,0.5637,0,,0.336,0.4087,0.3936,0.1781,0.487,0,21,0,14,5.779446378577191,small
pay111054,cus3229,mer36,2025-01-25 16:24:00,1397.45,upi,bank_g,education_fees,insufficient_funds,1,0.432,1,1.0,0.2348,0.2565,0.8149,0.2111,0.2511,1,16,5,25,7.2431197594108125,medium
pay109122,cus3716,mer66,2025-06-29 13:12:00,233.36,upi,bank_g,ecommerce,bank_server_timeout,3,0.6953,0,,0.1034,0.5135,0.4593,0.6085,0.3827,1,13,6,29,5.456858394676588,small
pay107131,cus1832,mer85,2025-05-27 04:40:00,362.27,netbanking,bank_b,subscription_saas,bank_server_timeout,3,0.7328,1,1.0,0.1238,0.5815,0.3959,0.7092,0.237,0,4,1,27,5.895146359434385,small
pay115063,cus1650,mer75,2025-01-16 16:24:00,1391.36,debit_card,bank_c,ecommerce,issuer_decline,2,0.4539,0,,0.2455,0.0,0.1335,0.2467,0.0113,0,16,3,16,7.238755428147455,medium
pay118394,cus1896,mer116,2025-02-20 10:19:00,786.35,debit_card,bank_h,utility_bills,account_blocked,3,0.1436,0,,0.3235,0.0,0.0,0.1463,0.0859,0,10,3,20,6.6686728763664185,medium
pay114975,cus724,mer71,2025-01-04 12:27:00,689.39,debit_card,bank_h,education_fees,insufficient_funds,3,0.5388,0,,0.1317,0.2329,0.5746,0.1854,0.3647,1,12,5,4,6.5372566553074245,medium
pay102383,cus3940,mer25,2025-03-12 17:24:00,682.35,debit_card,bank_a,utility_bills,duplicate_payment_block,3,0.3254,0,,0.2462,0.0449,0.3346,0.0715,0.161,0,17,2,12,6.5270071734108095,medium
pay112327,cus1008,mer23,2025-04-13 16:44:00,8466.18,debit_card,bank_h,ecommerce,upi_server_busy,3,0.8129,1,1.0,0.4413,0.841,0.4878,0.6123,0.5126,1,16,6,13,9.043952792421859,large
pay118346,cus626,mer117,2025-02-17 12:30:00,583.11,upi,bank_i,food_delivery,otp_expired,1,0.6359,1,0.0,0.1147,0.2743,0.1928,0.1583,0.4972,0,12,0,17,6.370089321255816,medium
pay103335,cus1772,mer42,2025-02-10 23:29:00,1566.61,upi,bank_i,ecommerce,account_blocked,2,0.0552,0,,0.2365,0.0,0.0,0.0,0.0,0,23,0,10,7.3573074454834915,medium
pay117146,cus739,mer71,2025-04-02 01:52:00,629.29,debit_card,bank_i,ecommerce,insufficient_funds,2,0.511,1,1.0,0.1894,0.4772,0.6419,0.1015,0.3451,0,1,2,2,6.446180030932315,medium
pay110139,cus2071,mer112,2025-04-01 13:44:00,69.15,upi,bank_b,travel,otp_expired,4,0.6563,1,0.0,0.2668,0.3651,0.5433,0.2174,0.3089,0,13,1,1,4.25063580654847,small
pay100526,cus611,mer23,2025-06-16 04:56:00,931.88,debit_card,bank_h,food_delivery,otp_expired,4,0.6861,0,,0.1877,0.3886,0.4824,0.2629,0.302,0,4,0,16,6.8382765752120775,medium
pay100637,cus2906,mer83,2025-02-23 10:30:00,457.84,debit_card,bank_g,ecommerce,bank_server_timeout,3,0.8248,0,,0.1343,0.3184,0.1701,0.8033,0.3198,1,10,6,23,6.128701565413067,small
pay115731,cus849,mer99,2025-03-25 12:55:00,5141.15,upi,bank_e,education_fees,otp_expired,1,0.6259,1,0.0,0.383,0.2975,0.4391,0.0,0.1819,0,12,1,25,8.545226558928942,large
pay103532,cus3800,mer57,2025-01-12 00:42:00,340.04,netbanking,bank_i,ecommerce,network_timeout,4,0.7484,1,0.0,0.181,0.5411,0.1747,0.3484,0.6197,1,0,6,12,5.831999772456955,small
pay110367,cus1385,mer111,2025-05-02 07:13:00,3571.29,netbanking,bank_b,food_delivery,upi_server_busy,3,0.8521,1,1.0,0.4001,0.6286,0.287,0.6554,0.4086,0,7,4,2,8.18096212571098,medium
pay105812,cus2033,mer114,2025-02-23 20:55:00,1948.33,netbanking,bank_c,ecommerce,bank_server_timeout,4,0.856,1,1.0,0.27,0.228,0.2702,0.6489,0.2111,1,20,6,23,7.575241002773723,medium
pay115628,cus2797,mer71,2025-05-26 07:04:00,8955.8,debit_card,bank_f,utility_bills,bank_server_timeout,2,0.8016,1,1.0,0.4783,0.6472,0.6525,0.5719,0.1598,0,7,0,26,9.100168299321135,large
pay100799,cus1101,mer88,2025-03-21 14:48:00,1356.46,upi,bank_e,food_delivery,network_timeout,3,0.8075,1,1.0,0.2153,0.3424,0.294,0.4287,0.5349,0,14,4,21,7.213370585443943,medium
pay116984,cus1470,mer108,2025-06-11 13:54:00,50.0,upi,bank_f,food_delivery,issuer_decline,2,0.4688,1,0.0,0.081,0.1093,0.1501,0.0435,0.1815,0,13,2,11,3.9318256327243257,small
pay104584,cus1265,mer108,2025-04-16 14:46:00,6079.99,upi,bank_g,ecommerce,upi_server_busy,4,0.8525,1,1.0,0.3628,0.8629,0.3727,0.7498,0.3727,0,14,2,16,8.712922790652387,large
pay112533,cus118,mer25,2025-01-14 10:24:00,656.71,credit_card,bank_g,ecommerce,insufficient_funds,1,0.5798,0,,0.1958,0.0118,0.5105,0.0436,0.2092,0,10,1,14,6.48876410469225,medium
pay112219,cus992,mer80,2025-04-19 01:23:00,852.1,upi,bank_a,ecommerce,upi_server_busy,1,0.8082,1,1.0,0.2736,0.8049,0.3043,0.0,0.2918,1,1,5,19,6.748876773914649,medium
pay118975,cus2527,mer29,2025-04-02 23:33:00,2189.51,credit_card,bank_a,food_delivery,insufficient_funds,3,0.4851,1,1.0,0.358,0.338,0.8494,0.1654,0.3268,0,23,2,2,7.691889672411302,medium
pay105996,cus3758,mer31,2025-06-03 18:54:00,282.34,upi,bank_b,food_delivery,insufficient_funds,4,0.4883,0,,0.0871,0.0598,0.7535,0.1035,0.3899,0,18,1,3,5.646647589951205,small
pay111654,cus241,mer1,2025-05-12 02:56:00,809.29,upi,bank_f,utility_bills,otp_expired,4,0.6806,1,0.0,0.2257,0.1527,0.4286,0.077,0.1975,0,2,0,12,6.697392208282296,medium
pay107224,cus64,mer117,2025-04-04 04:03:00,176.22,upi,bank_e,ecommerce,bank_server_timeout,4,0.8158,1,1.0,0.0662,0.9369,0.4107,0.6759,0.2892,0,4,4,4,5.177391898619156,small
pay105150,cus2512,mer92,2025-01-29 12:47:00,2192.5,netbanking,bank_j,education_fees,insufficient_funds,4,0.5293,0,,0.4389,0.1038,0.2597,0.0297,0.4064,0,12,2,29,7.693253720606268,medium
pay116695,cus2671,mer101,2025-01-26 08:34:00,351.17,upi,bank_g,food_delivery,upi_server_busy,4,0.8101,1,1.0,0.0852,0.8522,0.4547,0.7595,0.5487,1,8,6,26,5.864114013558541,small
pay104843,cus123,mer109,2025-02-05 15:16:00,3075.6,upi,bank_e,ecommerce,network_timeout,3,0.7531,1,0.0,0.4247,0.621,0.4093,0.4109,0.2978,0,15,2,5,8.03158037012165,medium
pay105842,cus3365,mer92,2025-04-10 20:07:00,858.38,upi,bank_i,travel,insufficient_funds,2,0.5305,1,0.0,0.339,0.2089,0.2645,0.0261,0.3629,0,20,3,10,6.756211199019829,medium
pay119026,cus3882,mer109,2025-01-04 04:45:00,392.38,upi,bank_j,ecommerce,otp_expired,4,0.5534,0,,0.3152,0.4833,0.3474,0.3913,0.4708,1,4,5,4,5.974776065821747,small
pay116853,cus1768,mer60,2025-05-23 04:58:00,134.61,upi,bank_g,subscription_saas,issuer_decline,3,0.4504,0,,0.1601,0.2082,0.0739,0.0,0.1455,0,4,4,23,4.909783119099854,small
pay115077,cus857,mer16,2025-01-24 06:25:00,690.49,credit_card,bank_h,ecommerce,card_expired,1,0.0,0,,0.1443,0.0,0.0,0.0,0.0815,0,6,4,24,6.538848689684268,medium
pay108021,cus3752,mer94,2025-02-17 11:33:00,738.15,upi,bank_h,utility_bills,issuer_decline,1,0.3934,0,,0.185,0.1278,0.0513,0.2069,0.0,0,11,0,17,6.605500877347099,medium
pay104309,cus1157,mer68,2025-04-19 10:25:00,3874.83,upi,bank_g,travel,issuer_decline,3,0.3636,0,,0.3904,0.0679,0.1232,0.3339,0.236,1,10,5,19,8.262515112399672,medium
pay110075,cus2126,mer118,2025-02-04 05:13:00,588.71,upi,bank_j,education_fees,insufficient_funds,4,0.5957,1,1.0,0.3122,0.3246,0.9473,0.1541,0.3498,0,5,1,4,6.379630890637817,medium
pay113217,cus1829,mer92,2025-01-20 13:06:00,1573.45,netbanking,bank_d,ecommerce,issuer_decline,4,0.4057,1,0.0,1.0,0.0714,0.1707,0.0296,0.0,0,13,0,20,7.361661283923792,medium
pay107782,cus3893,mer112,2025-06-01 17:07:00,393.86,netbanking,bank_j,travel,insufficient_funds,2,0.5339,1,1.0,0.3548,0.3863,0.5147,0.2023,0.5119,1,17,6,1,5.978531271696083,small
pay102050,cus3966,mer61,2025-02-01 00:16:00,4572.41,upi,bank_c,education_fees,insufficient_funds,2,0.5185,0,,0.4196,0.1984,0.7201,0.313,0.3332,1,0,5,1,8.428014376319652,medium
pay103191,cus495,mer57,2025-05-03 15:21:00,575.64,upi,bank_d,ecommerce,insufficient_funds,2,0.5711,1,0.0,0.2759,0.3055,0.6407,0.0,0.49,1,15,5,3,6.357218154979918,medium
pay104713,cus3469,mer4,2025-03-30 00:02:00,3109.02,debit_card,bank_j,subscription_saas,insufficient_funds,1,0.5311,1,0.0,0.4444,0.1278,0.7666,0.0,0.3896,1,0,6,30,8.04238443602077,medium
pay113710,cus180,mer107,2025-01-05 11:41:00,514.35,upi,bank_i,travel,insufficient_funds,4,0.5105,1,0.0,0.263,0.2339,0.5526,0.0,0.4539,1,11,6,5,6.244846281482801,medium
pay105333,cus2313,mer23,2025-06-11 03:07:00,181.1,upi,bank_i,ecommerce,issuer_decline,1,0.4692,0,,0.1374,0.3803,0.0,0.0837,0.0,0,3,2,11,5.2045559867335625,small
pay110591,cus3606,mer36,2025-04-16 00:42:00,3435.69,debit_card,bank_f,food_delivery,network_timeout,4,0.7114,1,0.0,0.945,0.8108,0.2047,0.6195,0.0191,0,0,2,16,8.14226407784458,medium
pay100466,cus1122,mer41,2025-01-30 20:59:00,184.06,upi,bank_h,ecommerce,otp_expired,1,0.6034,1,0.0,0.1069,0.2072,0.2407,0.0,0.432,0,20,3,30,5.220680096820884,small
pay112539,cus2543,mer82,2025-01-06 01:15:00,1688.25,upi,bank_g,utility_bills,card_expired,1,0.061,0,,0.2474,0.0,0.0,0.1744,0.069,0,1,0,6,7.432039922432284,medium
pay106382,cus2736,mer94,2025-04-20 09:11:00,242.64,upi,bank_g,food_delivery,issuer_decline,1,0.5303,1,0.0,0.2049,0.1971,0.2592,0.0,0.0,1,9,6,20,5.495691725968284,small
pay111476,cus1758,mer95,2025-01-12 16:19:00,626.19,upi,bank_c,food_delivery,insufficient_funds,2,0.5308,1,0.0,0.188,0.2041,0.4866,0.0185,0.2297,1,16,6,12,6.441249525031542,medium
pay119972,cus3879,mer63,2025-05-30 18:22:00,857.27,credit_card,bank_a,ecommerce,network_timeout,4,0.7887,1,0.0,0.2168,0.6981,0.1283,0.5643,0.2044,0,18,4,30,6.754918735299609,medium
pay117334,cus2789,mer115,2025-03-30 22:48:00,412.3,upi,bank_j,utility_bills,otp_expired,3,0.5738,0,,0.3372,0.5953,0.4598,0.146,0.394,1,22,6,30,6.024173721517687,small
pay113650,cus595,mer73,2025-03-08 20:41:00,118.06,debit_card,bank_j,food_delivery,issuer_decline,4,0.4217,1,1.0,0.3022,0.3348,0.2617,0.1746,0.0,1,20,5,8,4.779627567725244,small
pay101136,cus3802,mer23,2025-05-11 11:47:00,50.0,netbanking,bank_g,utility_bills,account_blocked,3,0.0,0,,0.2242,0.0,0.0,0.1037,0.0,1,11,6,11,3.9318256327243257,small
pay112663,cus2556,mer36,2025-06-22 08:54:00,1148.37,upi,bank_d,travel,otp_expired,3,0.6363,1,0.0,0.4247,0.3107,0.5481,0.3232,0.3412,1,8,6,22,7.046969245158802,medium
pay113092,cus3248,mer93,2025-06-23 13:24:00,5330.71,upi,bank_f,food_delivery,issuer_decline,4,0.549,0,,0.4558,0.0,0.243,0.2323,0.1337,0,13,0,23,8.581427291222337,large
pay118140,cus3472,mer82,2025-04-27 17:30:00,602.36,upi,bank_j,ecommerce,insufficient_funds,4,0.478,0,,0.2418,0.0276,0.4628,0.1936,0.4105,1,17,6,27,6.402514033510047,medium
pay112019,cus2797,mer87,2025-06-04 07:17:00,659.49,upi,bank_e,ecommerce,card_expired,3,0.0,0,,0.1591,0.0,0.0,0.0,0.0525,0,7,2,4,6.492981983802348,medium
pay114366,cus2559,mer1,2025-03-09 06:46:00,629.6,debit_card,bank_c,food_delivery,insufficient_funds,1,0.4005,1,1.0,0.1487,0.161,0.7277,0.1457,0.3226,1,6,6,9,6.446671747110961,medium
pay117729,cus2310,mer116,2025-01-13 03:49:00,3777.43,credit_card,bank_c,travel,insufficient_funds,1,0.4222,1,0.0,0.3512,0.3593,0.8111,0.0369,0.266,0,3,0,13,8.237063858419114,medium
pay111191,cus2762,mer36,2025-04-25 01:10:00,2830.56,upi,bank_b,ecommerce,bank_server_timeout,2,0.7832,1,0.0,0.3714,0.8177,0.3761,0.8268,0.3116,0,1,4,25,7.948583075511233,medium
pay115381,cus2104,mer16,2025-01-06 17:01:00,514.38,upi,bank_a,food_delivery,insufficient_funds,3,0.4711,0,,0.1276,0.0,0.2119,0.2037,0.2761,0,17,0,6,6.244904492653542,medium
pay116517,cus1757,mer100,2025-05-17 17:00:00,659.25,netbanking,bank_j,ecommerce,issuer_decline,4,0.4007,0,,0.3998,0.2172,0.1799,0.2986,0.1381,1,17,5,17,6.492618551177242,medium
pay107419,cus3523,mer61,2025-05-13 03:44:00,1506.36,debit_card,bank_a,subscription_saas,issuer_decline,1,0.4535,1,0.0,0.1757,0.1706,0.0562,0.168,0.2598,0,3,1,13,7.318115055300358,medium
pay114674,cus185,mer72,2025-06-24 07:20:00,1683.75,upi,bank_h,food_delivery,issuer_decline,1,0.4884,0,,0.294,0.3396,0.1627,0.0,0.1505,0,7,1,24,7.4293724638263265,medium
pay116430,cus1769,mer117,2025-01-15 05:36:00,50.0,netbanking,bank_d,education_fees,upi_server_busy,2,0.7936,1,1.0,0.4153,0.5691,0.4477,0.522,0.4111,0,5,2,15,3.9318256327243257,small
pay109796,cus2636,mer114,2025-04-23 02:12:00,162.03,upi,bank_i,food_delivery,insufficient_funds,1,0.4109,0,,0.151,0.1356,0.6842,0.1075,0.4383,0,2,2,23,5.093934232951563,small
pay105040,cus1009,mer51,2025-03-05 06:23:00,783.27,credit_card,bank_e,food_delivery,upi_server_busy,3,0.8468,0,,0.2608,0.7395,0.4032,0.629,0.6158,0,6,2,5,6.6647533488176585,medium
pay106747,cus2107,mer117,2025-01-30 08:55:00,122.58,debit_card,bank_i,utility_bills,upi_server_busy,2,0.8818,1,1.0,0.0901,0.8916,0.199,0.8109,0.5181,0,8,3,30,4.816888719632834,small
pay113779,cus202,mer103,2025-04-24 01:48:00,1185.58,debit_card,bank_a,utility_bills,bank_server_timeout,4,0.9309,1,1.0,0.322,0.5709,0.5842,0.6253,0.1989,0,1,3,24,7.07883049880301,medium
pay115862,cus3106,mer39,2025-01-14 04:24:00,1079.01,upi,bank_c,ecommerce,account_blocked,3,0.0514,0,,0.3461,0.1171,0.0,0.0,0.1015,0,4,1,14,6.984725579334658,medium
pay118169,cus836,mer104,2025-01-05 10:06:00,352.13,upi,bank_i,subscription_saas,insufficient_funds,2,0.4884,0,,0.1739,0.2101,0.7192,0.0996,0.2752,1,10,6,5,5.866836261092499,small
pay106591,cus1131,mer59,2025-06-23 22:25:00,1610.49,upi,bank_j,ecommerce,upi_server_busy,3,0.8758,1,1.0,0.4229,0.9002,0.5675,0.7152,0.5778,0,22,0,23,7.384914495837542,medium
pay112023,cus1555,mer101,2025-05-07 14:00:00,497.88,debit_card,bank_f,subscription_saas,insufficient_funds,1,0.488,0,,0.1582,0.3309,0.6594,0.1368,0.4932,0,14,2,7,6.212365585869412,small
pay106886,cus188,mer61,2025-06-08 17:11:00,2358.6,credit_card,bank_c,subscription_saas,insufficient_funds,1,0.4609,1,0.0,0.3468,0.2025,0.5252,0.1155,0.1152,1,17,6,8,7.76624739212892,medium
pay111262,cus650,mer78,2025-05-11 12:56:00,392.54,upi,bank_a,food_delivery,insufficient_funds,2,0.4297,0,,0.1182,0.0517,0.5312,0.0885,0.3472,1,12,6,11,5.975182714533699,small
pay119395,cus2364,mer119,2025-01-13 07:37:00,459.57,netbanking,bank_j,education_fees,network_timeout,3,0.7076,0,,0.2594,0.4937,0.1587,0.4425,0.1761,0,7,0,13,6.132464852829423,small
pay115976,cus2323,mer108,2025-06-02 07:06:00,50.0,upi,bank_d,travel,insufficient_funds,4,0.4744,0,,0.2681,0.2355,0.522,0.4839,0.3943,0,7,0,2,3.9318256327243257,small
pay108420,cus553,mer94,2025-05-18 05:15:00,342.04,upi,bank_f,subscription_saas,insufficient_funds,1,0.5273,0,,0.1069,0.4775,0.758,0.1856,0.5097,1,5,6,18,5.8378470584423825,small
pay111996,cus847,mer11,2025-01-12 09:08:00,1683.69,upi,bank_f,utility_bills,upi_server_busy,1,0.8529,1,0.0,0.3581,0.5772,0.3597,0.0,0.4471,1,9,6,12,7.429336849599626,medium
pay113310,cus3276,mer118,2025-06-15 06:31:00,2117.05,debit_card,bank_e,education_fees,issuer_decline,4,0.4688,1,1.0,0.3458,0.2676,0.2902,0.2185,0.0898,1,6,6,15,7.658251133059289,medium
pay116025,cus3604,mer55,2025-05-02 20:06:00,4327.47,debit_card,bank_b,education_fees,bank_server_timeout,4,0.8007,1,0.0,0.4431,0.768,0.404,0.6694,0.2343,0,20,4,2,8.372969409824371,medium
pay111689,cus2361,mer73,2025-03-25 05:02:00,204.07,upi,bank_c,food_delivery,upi_server_busy,3,0.9633,1,1.0,0.1461,0.9672,0.451,0.4755,0.4142,0,5,1,25,5.323351384267679,small
pay104718,cus2623,mer77,2025-03-14 04:28:00,412.67,upi,bank_d,education_fees,insufficient_funds,3,0.4477,0,,0.2734,0.3851,0.5046,0.2939,0.385,0,4,4,14,6.025068554521759,small
pay113456,cus1815,mer38,2025-01-26 20:03:00,289.93,debit_card,bank_f,ecommerce,network_timeout,1,0.8422,1,1.0,0.1127,0.5101,0.134,0.1007,0.3535,1,20,6,26,5.673082688406564,small
pay101984,cus745,mer52,2025-04-25 17:13:00,1262.43,upi,bank_c,food_delivery,insufficient_funds,4,0.4362,1,0.0,0.2185,0.0895,0.478,0.4199,0.4263,0,17,4,25,7.141585523631471,medium
pay110214,cus1628,mer48,2025-05-29 01:03:00,308.51,upi,bank_b,utility_bills,issuer_decline,3,0.4946,1,0.0,0.1897,0.2659,0.2314,0.1173,0.0,0,1,3,29,5.7349904017803945,small
pay100259,cus806,mer16,2025-04-16 18:38:00,272.36,credit_card,bank_f,food_delivery,issuer_decline,3,0.4727,1,0.0,0.1322,0.26,0.1172,0.1712,0.1399,0,18,2,16,5.610789607807036,small
pay112603,cus3103,mer50,2025-03-31 22:10:00,704.61,upi,bank_e,utility_bills,upi_server_busy,4,0.9289,1,1.0,0.1807,0.8795,0.292,0.6092,0.3327,0,22,0,31,6.559062676927756,medium
pay109881,cus3533,mer13,2025-06-04 12:03:00,473.37,upi,bank_d,utility_bills,upi_server_busy,4,0.8494,0,,0.2896,0.6507,0.4694,0.5775,0.4718,0,12,2,4,6.161987607909893,small
pay103950,cus3260,mer88,2025-03-09 20:38:00,164.04,credit_card,bank_e,food_delivery,issuer_decline,2,0.4866,1,0.0,0.1116,0.1849,0.2617,0.1724,0.1224,1,20,6,9,5.106187868762996,small
pay116051,cus1140,mer48,2025-03-29 16:18:00,290.47,debit_card,bank_f,ecommerce,network_timeout,2,0.7044,1,1.0,0.1248,0.5385,0.3268,0.422,0.1262,1,16,5,29,5.674937084542365,small
pay115414,cus3440,mer61,2025-04-30 10:29:00,850.32,debit_card,bank_d,subscription_saas,upi_server_busy,2,0.8602,1,1.0,0.443,0.5183,0.4555,0.3508,0.3301,0,10,2,30,6.746788086094603,medium
pay105119,cus3962,mer104,2025-01-06 13:53:00,1200.58,upi,bank_f,travel,issuer_decline,3,0.4757,0,,0.1352,0.2963,0.3493,0.283,0.0758,0,13,0,6,7.091392636397315,medium
pay112848,cus3456,mer67,2025-02-16 17:35:00,1654.21,debit_card,bank_h,ecommerce,insufficient_funds,2,0.4692,0,,0.2422,0.1608,0.5534,0.0,0.3861,1,17,6,16,7.411683167979057,medium
pay100209,cus124,mer67,2025-05-21 04:13:00,635.91,upi,bank_b,education_fees,upi_server_busy,2,0.8162,1,1.0,0.2162,0.6465,0.2497,0.5445,0.2746,0,4,2,21,6.45662835830603,medium
pay115323,cus2704,mer24,2025-06-28 11:14:00,7599.83,credit_card,bank_b,travel,card_expired,3,0.0866,0,,0.4895,0.0,0.0421,0.0533,0.0,1,11,5,28,8.936012730837703,large
pay105398,cus1398,mer18,2025-06-18 11:28:00,12699.96,upi,bank_a,food_delivery,issuer_decline,1,0.4427,1,0.0,0.4013,0.2913,0.4505,0.0308,0.066,0,11,2,18,9.449432860141043,large
pay106622,cus2318,mer56,2025-05-26 01:34:00,3295.16,debit_card,bank_d,subscription_saas,account_blocked,1,0.123,0,,0.5566,0.2651,0.0,0.1825,0.1739,0,1,0,26,8.100513433540476,medium
pay107571,cus1343,mer54,2025-06-17 00:21:00,90.38,debit_card,bank_f,food_delivery,insufficient_funds,3,0.4843,0,,0.2134,0.1386,0.3167,0.0,0.3866,0,0,1,17,4.515026636135126,small
pay101569,cus319,mer37,2025-06-27 05:42:00,239.07,credit_card,bank_c,food_delivery,issuer_decline,2,0.514,1,0.0,0.1147,0.2322,0.3027,0.2588,0.2842,0,5,4,27,5.480930547482204,small
pay108553,cus3007,mer27,2025-03-14 20:31:00,426.35,credit_card,bank_a,food_delivery,account_blocked,2,0.0371,0,,0.1082,0.0,0.1625,0.0,0.0538,0,20,4,14,6.057603349612027,small
pay109140,cus3811,mer105,2025-04-01 05:21:00,730.6,netbanking,bank_e,education_fees,issuer_decline,2,0.4293,1,0.0,0.2082,0.2436,0.1764,0.0285,0.1592,0,5,1,1,6.595233916516711,medium
pay119025,cus3392,mer74,2025-02-15 01:14:00,422.86,credit_card,bank_e,travel,upi_server_busy,4,0.8332,1,0.0,0.1602,0.6389,0.4135,0.5089,0.4596,1,1,5,15,6.0494032120284285,small
pay116628,cus3758,mer57,2025-06-27 17:27:00,692.08,credit_card,bank_f,food_delivery,otp_expired,2,0.6141,1,1.0,0.0954,0.1678,0.4739,0.0,0.2698,0,17,4,27,6.541145432642646,medium
pay103941,cus2272,mer83,2025-02-26 04:46:00,903.12,debit_card,bank_g,subscription_saas,network_timeout,1,0.7042,1,1.0,0.1976,0.8939,0.2209,0.0278,0.2903,0,4,2,26,6.806962094945388,medium
pay118611,cus3152,mer66,2025-03-25 18:31:00,134.27,upi,bank_j,travel,network_timeout,2,0.8085,1,0.0,0.2913,0.4062,0.2196,0.3398,0.2307,0,18,1,25,4.907272781101103,small
pay100677,cus264,mer65,2025-01-16 05:00:00,835.85,upi,bank_i,food_delivery,upi_server_busy,4,0.8576,1,1.0,0.3113,0.7215,0.2894,0.6925,0.5326,0,5,3,16,6.729644842959647,medium
pay101028,cus1986,mer26,2025-04-12 18:05:00,129.92,netbanking,bank_e,ecommerce,issuer_decline,4,0.3964,1,0.0,0.0537,0.0,0.2363,0.2747,0.0365,1,18,5,12,4.87458644963298,small
pay103417,cus3166,mer40,2025-06-07 14:20:00,297.19,upi,bank_h,travel,bank_server_timeout,4,0.8965,0,,0.1726,0.6449,0.4699,0.8316,0.3897,1,14,5,7,5.697730867227766,small
pay103032,cus496,mer15,2025-04-12 09:09:00,153.17,upi,bank_c,ecommerce,otp_expired,4,0.7179,1,0.0,0.2076,0.5068,0.454,0.0316,0.2181,1,9,5,12,5.038055889672248,small
pay118084,cus2065,mer28,2025-05-08 08:27:00,240.7,upi,bank_b,travel,issuer_decline,1,0.4623,1,0.0,0.1574,0.3979,0.2327,0.199,0.1198,0,8,3,8,5.487697287709437,small
pay109563,cus3297,mer95,2025-06-29 13:51:00,1133.89,upi,bank_i,ecommerce,bank_server_timeout,1,0.8946,1,0.0,0.3153,0.5853,0.5486,0.0,0.5887,1,13,6,29,7.034291008919256,medium
pay105973,cus1416,mer88,2025-01-11 22:15:00,1173.25,debit_card,bank_j,food_delivery,insufficient_funds,4,0.5051,1,0.0,0.4682,0.2275,0.8396,0.1607,0.5127,1,22,5,11,7.068384924907105,medium
pay106378,cus1451,mer105,2025-04-14 14:15:00,249.01,upi,bank_c,subscription_saas,otp_expired,3,0.6182,1,0.0,0.1708,0.2779,0.4889,0.0319,0.2838,0,14,0,14,5.5215009170622675,small
pay100057,cus1424,mer85,2025-01-28 18:31:00,1060.62,debit_card,bank_e,ecommerce,insufficient_funds,3,0.4863,0,,0.3563,0.4229,0.5155,0.1968,0.259,0,18,1,28,6.967551322328102,medium
pay102426,cus375,mer91,2025-01-29 09:30:00,3561.15,credit_card,bank_h,travel,insufficient_funds,1,0.4226,0,,0.3625,0.4637,0.3941,0.0,0.4195,0,9,2,29,8.178119574136455,medium
pay114394,cus1685,mer7,2025-03-14 14:34:00,206.65,debit_card,bank_d,food_delivery,bank_server_timeout,1,0.7939,0,,0.3071,0.7069,0.4473,0.1779,0.4089,0,14,4,14,5.335853970076762,small
pay106565,cus1971,mer47,2025-02-19 14:44:00,653.04,upi,bank_f,education_fees,issuer_decline,4,0.4963,1,0.0,0.2923,0.1999,0.232,0.0776,0.0,0,14,2,19,6.483168511666386,medium
pay106128,cus2054,mer76,2025-02-27 12:22:00,366.13,upi,bank_c,subscription_saas,issuer_decline,4,0.3823,0,,0.2282,0.18,0.2384,0.2238,0.1925,0,12,3,27,5.905716008765504,small
pay114486,cus2279,mer96,2025-05-01 13:20:00,211.0,debit_card,bank_f,education_fees,insufficient_funds,2,0.5407,1,0.0,0.1526,0.2871,0.836,0.0,0.5167,0,13,3,1,5.356586274672012,small
pay117769,cus1541,mer116,2025-03-31 22:43:00,562.25,upi,bank_h,education_fees,issuer_decline,4,0.4428,0,,0.1494,0.1351,0.2571,0.1505,0.2183,0,22,0,31,6.333723579312354,medium
pay100987,cus2012,mer80,2025-02-26 22:03:00,2533.23,upi,bank_a,education_fees,issuer_decline,4,0.4694,1,0.0,0.3281,0.1397,0.325,0.2505,0.1004,0,22,2,26,7.837645122350141,medium
pay114911,cus1099,mer63,2025-04-07 22:15:00,4042.32,upi,bank_b,travel,otp_expired,4,0.6452,1,0.0,0.2948,0.4677,0.4351,0.1727,0.3273,0,22,0,7,8.304821415655315,medium
pay110948,cus793,mer62,2025-06-14 06:27:00,470.84,upi,bank_i,education_fees,card_expired,3,0.1224,0,,0.0,0.0514,0.0,0.1645,0.3357,1,6,5,14,6.156639945066966,small
pay107426,cus2226,mer32,2025-04-15 01:09:00,12416.75,upi,bank_b,subscription_saas,card_expired,2,0.0012,0,,0.4241,0.4036,0.0,0.3216,0.0,0,1,1,15,9.42688217965583,large
pay104692,cus2716,mer66,2025-06-28 06:56:00,50004.78,upi,bank_j,travel,insufficient_funds,1,0.4748,0,,0.6722,0.0843,0.3786,0.121,0.4378,1,6,5,28,10.819893877729118,huge
pay102905,cus751,mer3,2025-06-05 13:05:00,6299.84,credit_card,bank_c,travel,bank_server_timeout,3,0.8879,1,1.0,0.4841,0.6812,0.3723,0.6678,0.0986,0,13,3,5,8.748438236824859,large
pay118892,cus1530,mer63,2025-01-26 21:58:00,2268.28,upi,bank_b,food_delivery,insufficient_funds,1,0.5711,0,,0.352,0.3302,0.6119,0.119,0.2293,1,21,6,26,7.727217879546298,medium
pay102055,cus3544,mer58,2025-03-07 22:34:00,207.04,upi,bank_j,utility_bills,bank_server_timeout,3,0.7244,1,1.0,0.2542,0.8383,0.6117,0.6,0.485,0,22,4,7,5.337730368904872,small
pay119699,cus3359,mer68,2025-05-16 06:06:00,663.59,credit_card,bank_a,ecommerce,insufficient_funds,3,0.547,1,1.0,0.1133,0.3633,0.366,0.0673,0.3043,0,6,4,16,6.499170309162694,medium
pay109785,cus1619,mer8,2025-03-21 13:54:00,383.66,upi,bank_g,education_fees,bank_server_timeout,2,0.8659,1,1.0,0.1241,0.3517,0.4191,0.7369,0.1243,0,13,4,21,5.952359827227221,small
pay110413,cus1701,mer58,2025-01-10 09:01:00,1468.83,upi,bank_a,travel,bank_server_timeout,4,0.7237,1,1.0,0.245,0.7732,0.638,0.6533,0.2545,0,9,4,10,7.292902026826734,medium
pay115378,cus153,mer34,2025-03-15 03:26:00,677.27,upi,bank_g,ecommerce,duplicate_payment_block,3,0.3933,1,0.0,0.1378,0.1742,0.3763,0.0,0.1872,1,3,5,15,6.519545438756334,medium
pay119440,cus590,mer1,2025-05-12 10:19:00,286.4,upi,bank_a,ecommerce,duplicate_payment_block,2,0.2812,0,,0.1178,0.1518,0.1256,0.0126,0.0564,0,10,0,12,5.660874973644924,small
pay116566,cus1756,mer58,2025-01-20 17:33:00,148.37,netbanking,bank_f,food_delivery,otp_expired,1,0.6451,1,0.0,0.2518,0.2724,0.2783,0.0446,0.4722,0,17,0,20,5.006426449322201,small
pay104310,cus725,mer86,2025-04-04 11:52:00,505.36,upi,bank_c,travel,bank_server_timeout,4,0.6997,1,0.0,0.6868,0.4308,0.2135,0.5893,0.1954,0,11,4,4,6.227247878768628,medium
pay113457,cus3547,mer101,2025-05-16 08:15:00,14298.77,upi,bank_j,education_fees,insufficient_funds,2,0.465,0,,0.6757,0.187,0.5179,0.1789,0.3716,0,8,4,16,9.567998732202566,large
pay116798,cus2332,mer105,2025-06-09 06:19:00,1962.72,netbanking,bank_f,ecommerce,otp_expired,1,0.573,0,,0.3237,0.2327,0.4614,0.1675,0.2044,0,6,0,9,7.58259591255944,medium
pay108684,cus3572,mer63,2025-05-03 20:26:00,2324.16,upi,bank_d,food_delivery,bank_server_timeout,4,0.736,0,,0.4101,0.5562,0.3885,0.5885,0.3912,1,20,5,3,7.751544132857963,medium
pay109653,cus162,mer17,2025-02-02 04:57:00,236.62,upi,bank_d,travel,upi_server_busy,3,0.9173,1,1.0,0.2503,0.7969,0.2297,0.64,0.229,1,4,6,2,5.470672759030141,small
pay110333,cus3143,mer12,2025-03-07 22:44:00,2117.82,upi,bank_d,food_delivery,upi_server_busy,1,0.8624,1,1.0,0.3697,0.7553,0.3745,0.0,0.5132,0,22,4,7,7.658614608931089,medium
pay111688,cus1034,mer69,2025-01-28 01:51:00,191.16,upi,bank_d,education_fees,insufficient_funds,4,0.5192,0,,0.3214,0.0902,0.6218,0.2756,0.1174,0,1,1,28,5.258328358331673,small
pay107653,cus1147,mer6,2025-02-18 17:36:00,480.36,upi,bank_i,food_delivery,insufficient_funds,4,0.4891,1,0.0,0.1168,0.1432,0.4759,0.3046,0.3111,0,17,1,18,6.176615430912096,small
pay118674,cus1688,mer33,2025-05-25 16:14:00,260.66,netbanking,bank_j,ecommerce,upi_server_busy,3,0.8617,1,0.0,0.2076,0.5727,0.3312,0.679,0.3377,1,16,6,25,5.56704595108273,small
pay100313,cus1112,mer96,2025-02-20 14:56:00,258.42,debit_card,bank_b,utility_bills,insufficient_funds,3,0.4793,1,0.0,0.1315,0.1206,0.5106,0.3229,0.3946,0,14,3,20,5.558448369912527,small
pay115036,cus746,mer30,2025-06-13 23:10:00,1144.54,credit_card,bank_i,utility_bills,otp_expired,2,0.5692,0,,0.3643,0.5522,0.482,0.0,0.1657,0,23,4,13,7.043631420533123,medium
pay101869,cus1110,mer34,2025-05-20 00:34:00,215.51,upi,bank_c,education_fees,issuer_decline,4,0.3219,0,,0.2261,0.3172,0.0446,0.0068,0.1444,0,0,1,20,5.377636735752292,small
pay112866,cus3853,mer76,2025-04-17 19:14:00,1094.68,debit_card,bank_b,utility_bills,otp_expired,3,0.6018,1,0.0,0.2655,0.3667,0.3594,0.2548,0.2578,0,19,3,17,6.999130454073268,medium
pay106794,cus1745,mer26,2025-05-12 08:15:00,3556.57,debit_card,bank_a,travel,duplicate_payment_block,2,0.274,0,,0.3647,0.0717,0.1831,0.1604,0.2337,0,8,0,12,8.176833006509707,medium
pay117001,cus3853,mer93,2025-01-04 06:59:00,1608.48,upi,bank_a,food_delivery,insufficient_funds,4,0.4957,1,0.0,0.2799,0.1473,0.7181,0.2583,0.3283,1,6,5,4,7.383666424442334,medium
pay110571,cus199,mer84,2025-01-21 05:04:00,5301.23,upi,bank_h,utility_bills,account_blocked,2,0.0239,0,,0.4526,0.0912,0.0905,0.0,0.0,0,5,1,21,8.57588276576475,large
pay114455,cus2557,mer115,2025-02-27 11:20:00,953.97,credit_card,bank_g,education_fees,network_timeout,4,0.6392,0,,0.2321,0.1255,0.2189,0.3608,0.3862,0,11,3,27,6.861679926374747,medium
pay102732,cus1945,mer46,2025-06-17 16:02:00,328.65,credit_card,bank_d,utility_bills,insufficient_funds,2,0.5247,0,,0.1915,0.2939,0.7719,0.211,0.2505,0,16,1,17,5.798031485559308,small
pay107449,cus228,mer59,2025-05-28 13:13:00,943.72,upi,bank_i,utility_bills,bank_server_timeout,3,0.7983,1,1.0,0.2439,0.7323,0.4186,0.7426,0.4532,0,13,2,28,6.850888587293026,medium
pay106459,cus3652,mer79,2025-03-29 00:46:00,217.5,upi,bank_f,ecommerce,card_expired,2,0.0,0,,0.0566,0.226,0.0,0.0,0.043,1,0,5,29,5.3867860145356445,small
pay104416,cus1372,mer92,2025-03-26 18:42:00,796.79,credit_card,bank_i,ecommerce,bank_server_timeout,1,0.7508,1,0.0,0.12,0.6177,0.2486,0.0175,0.1556,0,18,2,26,6.681845404922957,medium
pay110971,cus2302,mer38,2025-06-14 06:22:00,897.45,upi,bank_a,travel,bank_server_timeout,3,0.7788,1,1.0,0.2116,0.8709,0.587,0.635,0.3685,1,6,5,14,6.800671056372463,medium
pay105345,cus3761,mer67,2025-03-13 18:09:00,179.04,upi,bank_h,utility_bills,card_expired,4,0.0902,0,,0.1948,0.1064,0.0,0.0279,0.0415,0,18,3,13,5.1931790484247315,small
pay108571,cus2504,mer108,2025-01-29 03:06:00,930.61,upi,bank_i,ecommerce,otp_expired,2,0.6018,1,1.0,0.2838,0.2076,0.6666,0.0588,0.2314,0,3,2,29,6.83691427217327,medium
pay106356,cus3375,mer3,2025-05-06 14:36:00,418.34,upi,bank_i,food_delivery,bank_server_timeout,3,0.7736,1,1.0,0.196,0.7559,0.3879,0.7395,0.4102,0,14,1,6,6.038682046717093,small
pay102908,cus3325,mer106,2025-01-23 23:12:00,2338.38,upi,bank_c,food_delivery,duplicate_payment_block,3,0.3634,0,,0.3276,0.0243,0.3663,0.0878,0.2653,0,23,3,23,7.757641215979413,medium
pay100820,cus2866,mer67,2025-01-05 07:32:00,2944.86,upi,bank_j,utility_bills,duplicate_payment_block,3,0.3119,1,0.0,0.5485,0.0223,0.1013,0.1477,0.0,1,7,6,5,7.988156073829551,medium
pay119577,cus1381,mer105,2025-05-02 16:42:00,116.52,upi,bank_f,food_delivery,issuer_decline,1,0.3827,1,0.0,0.1231,0.1216,0.0743,0.004,0.2189,0,16,4,2,4.7666085318656215,small
pay117177,cus2099,mer29,2025-03-29 12:17:00,388.23,debit_card,bank_j,utility_bills,issuer_decline,4,0.4696,0,,0.3899,0.2073,0.3068,0.3847,0.0356,1,12,5,29,5.9641704285334365,small
pay102674,cus836,mer25,2025-06-17 14:19:00,1678.47,upi,bank_a,food_delivery,bank_server_timeout,1,0.7259,1,0.0,0.2364,0.6125,0.5197,0.0,0.5575,0,14,1,17,7.426233546433747,medium
pay104715,cus117,mer91,2025-04-01 02:51:00,567.38,debit_card,bank_d,education_fees,card_expired,3,0.0464,0,,0.367,0.0562,0.1896,0.0,0.2283,0,2,1,1,6.342790209115498,medium
pay111685,cus546,mer72,2025-02-18 17:34:00,4874.23,credit_card,bank_a,food_delivery,bank_server_timeout,3,0.8919,1,0.0,0.4718,0.6909,0.3277,0.8051,0.3846,0,17,1,18,8.49192256180621,medium
pay113282,cus3612,mer27,2025-05-08 13:42:00,1195.36,credit_card,bank_i,utility_bills,upi_server_busy,4,0.8987,1,0.0,0.2131,0.5315,0.2971,0.5294,0.3739,0,13,3,8,7.08703889256264,medium
pay110448,cus3463,mer20,2025-03-19 03:26:00,358.1,upi,bank_f,utility_bills,otp_expired,1,0.6281,0,,0.1313,0.4868,0.7119,0.2219,0.4671,0,3,2,19,5.883600901232037,small
pay117423,cus372,mer24,2025-01-24 15:01:00,1483.44,upi,bank_a,food_delivery,network_timeout,2,0.7768,1,1.0,0.3479,0.7846,0.315,0.7678,0.401,0,15,4,24,7.30279287573796,medium
pay105969,cus2987,mer13,2025-01-12 22:38:00,93.9,upi,bank_b,ecommerce,card_expired,4,0.1315,0,,0.218,0.0,0.0,0.0,0.0,1,22,6,12,4.552823705615882,small
pay102418,cus44,mer81,2025-02-21 21:51:00,864.84,upi,bank_e,education_fees,card_expired,2,0.0531,0,,0.1689,0.0535,0.2993,0.153,0.0,0,21,4,21,6.763700133986891,medium
pay107453,cus3662,mer42,2025-06-23 03:21:00,497.09,upi,bank_c,utility_bills,upi_server_busy,2,0.9059,0,,0.2526,0.8926,0.4249,0.6895,0.3886,0,3,0,23,6.210780783587805,small
pay109171,cus391,mer97,2025-05-19 10:21:00,315.92,upi,bank_d,education_fees,insufficient_funds,1,0.5296,1,0.0,0.3448,0.0661,0.4422,0.117,0.1863,0,10,0,19,5.758649376097042,small
pay107339,cus3999,mer83,2025-04-14 15:33:00,3745.13,debit_card,bank_d,ecommerce,upi_server_busy,2,0.8358,0,,0.4472,0.5292,0.5142,0.792,0.3135,0,15,0,14,8.228478586085805,medium
pay108369,cus852,mer116,2025-06-15 09:13:00,492.66,debit_card,bank_j,utility_bills,insufficient_funds,4,0.5312,0,,0.2993,0.4423,0.6826,0.0814,0.2902,1,9,6,15,6.201847021119578,small
pay105538,cus446,mer36,2025-05-27 22:53:00,356.1,netbanking,bank_j,utility_bills,upi_server_busy,2,0.7787,1,0.0,0.3668,0.5855,0.2841,0.732,0.3202,0,22,1,27,5.878015854600402,small
pay107471,cus1538,mer105,2025-06-25 11:51:00,358.62,debit_card,bank_h,ecommerce,network_timeout,4,0.7381,1,1.0,0.1378,0.5031,0.3007,0.3877,0.3238,0,11,2,25,5.885047918403492,small
pay106557,cus2172,mer29,2025-02-28 06:56:00,704.27,upi,bank_i,utility_bills,insufficient_funds,2,0.5058,1,1.0,0.2314,0.2193,0.3975,0.1595,0.3174,0,6,4,28,6.558580708218041,medium
pay109293,cus1987,mer10,2025-06-15 07:29:00,995.08,upi,bank_c,ecommerce,issuer_decline,2,0.5092,1,0.0,0.1726,0.0731,0.3206,0.2169,0.1562,1,7,6,15,6.903827575644157,medium
pay112750,cus3422,mer22,2025-04-26 16:01:00,724.07,debit_card,bank_f,education_fees,bank_server_timeout,3,0.8776,1,0.0,0.224,0.5873,0.2187,0.4466,0.1538,1,16,5,26,6.586268201917995,medium
pay104568,cus577,mer116,2025-02-25 16:42:00,2980.56,netbanking,bank_g,ecommerce,bank_server_timeout,4,0.8358,1,0.0,0.3197,0.5391,0.3159,0.5195,0.3048,0,16,1,25,8.000201932459282,medium
pay119043,cus331,mer62,2025-04-23 22:56:00,1525.32,upi,bank_b,utility_bills,bank_server_timeout,4,0.7423,1,0.0,0.2876,0.8909,0.1912,0.7227,0.4505,0,22,2,23,7.330614888419055,medium
pay107061,cus757,mer103,2025-01-09 18:28:00,2050.0,credit_card,bank_e,ecommerce,otp_expired,2,0.632,1,1.0,0.2447,0.5259,0.3764,0.0,0.1537,0,18,3,9,7.62608275807238,medium
pay116447,cus2098,mer29,2025-06-15 18:13:00,2742.05,upi,bank_c,food_delivery,upi_server_busy,4,0.7867,1,1.0,0.3628,0.7492,0.3494,0.5846,0.409,1,18,6,15,7.916825718988751,medium
pay102736,cus3199,mer100,2025-04-14 08:40:00,412.83,netbanking,bank_a,food_delivery,bank_server_timeout,3,0.8091,1,0.0,0.133,0.7619,0.4401,0.8257,0.1702,0,8,0,14,6.025455261475219,small
pay110080,cus3625,mer97,2025-01-24 04:40:00,4571.2,debit_card,bank_e,ecommerce,upi_server_busy,4,0.8712,0,,0.2896,0.5382,0.5529,0.7174,0.0969,0,4,4,24,8.427749768489871,medium
pay112257,cus1821,mer59,2025-04-07 06:21:00,619.07,upi,bank_f,ecommerce,insufficient_funds,1,0.6125,0,,0.1656,0.0411,0.2938,0.0,0.0188,0,6,0,7,6.429832374891855,medium
pay116827,cus2996,mer32,2025-02-22 23:43:00,1079.42,upi,bank_b,education_fees,otp_expired,4,0.6078,0,,0.2809,0.3892,0.3863,0.0471,0.306,1,23,5,22,6.985105133409469,medium
pay103197,cus215,mer102,2025-05-27 03:48:00,881.9,upi,bank_h,utility_bills,upi_server_busy,2,0.8306,1,1.0,0.2493,0.9175,0.4019,0.7457,0.2925,0,3,1,27,6.783211943907537,medium
pay100650,cus1878,mer64,2025-03-30 01:34:00,556.84,upi,bank_g,utility_bills,network_timeout,1,0.7541,1,1.0,0.1708,0.6723,0.2655,0.0072,0.2963,1,1,6,30,6.324072182912755,medium
pay115187,cus263,mer11,2025-05-27 00:20:00,65.89,netbanking,bank_b,food_delivery,issuer_decline,2,0.4773,1,0.0,0.2137,0.0395,0.0899,0.1078,0.0733,0,0,1,27,4.203049479130317,small
pay104704,cus229,mer4,2025-05-13 07:09:00,2312.18,upi,bank_i,subscription_saas,issuer_decline,4,0.4918,1,0.0,0.3536,0.2844,0.0328,0.275,0.1141,0,7,1,13,7.746378480215214,medium
pay102148,cus553,mer27,2025-06-02 12:24:00,50.0,debit_card,bank_b,food_delivery,otp_expired,4,0.6296,0,,0.1475,0.2031,0.3295,0.3154,0.4082,0,12,0,2,3.9318256327243257,small
pay100421,cus1868,mer100,2025-05-05 23:13:00,1090.44,upi,bank_a,utility_bills,network_timeout,3,0.7688,1,1.0,0.2512,0.7558,0.2883,0.3557,0.1595,0,23,0,5,6.9952532042546185,medium
pay103110,cus3284,mer51,2025-04-08 01:55:00,1579.96,upi,bank_d,ecommerce,otp_expired,4,0.6309,1,1.0,0.4397,0.3979,0.4365,0.2042,0.5051,0,1,1,8,7.3657875364466525,medium
pay116402,cus1908,mer113,2025-01-28 07:33:00,566.0,upi,bank_g,education_fees,bank_server_timeout,1,0.8346,1,1.0,0.2546,0.6537,0.5118,0.0117,0.399,0,7,1,28,6.340359303727752,medium
pay100680,cus1901,mer7,2025-05-11 05:10:00,90.72,credit_card,bank_j,travel,bank_server_timeout,1,0.7518,1,1.0,0.3132,0.86,0.4075,0.1725,0.4045,1,5,6,11,4.518740457989703,small
pay110583,cus921,mer78,2025-03-22 16:54:00,313.18,debit_card,bank_b,food_delivery,bank_server_timeout,4,0.7449,1,0.0,0.1375,0.6082,0.3832,0.5944,0.3127,1,16,5,22,5.749966070071793,small
pay111065,cus36,mer20,2025-04-04 09:17:00,313.49,upi,bank_e,utility_bills,insufficient_funds,2,0.5113,0,,0.0832,0.1747,0.7596,0.1224,0.4667,0,9,4,4,5.750952279132591,small
pay106213,cus3624,mer75,2025-03-01 15:58:00,126.67,debit_card,bank_i,subscription_saas,network_timeout,3,0.7876,1,1.0,0.0761,0.6865,0.3358,0.2744,0.3375,1,15,5,1,4.84944880983226,small
pay104137,cus2309,mer89,2025-02-16 14:10:00,2910.0,upi,bank_e,ecommerce,issuer_decline,2,0.4658,1,1.0,0.4819,0.3672,0.4681,0.0,0.2192,1,14,6,16,7.976251943745623,medium
pay119318,cus3107,mer66,2025-03-13 06:13:00,1114.82,upi,bank_h,education_fees,card_expired,1,0.1074,0,,0.2214,0.0,0.0776,0.0,0.0,0,6,3,13,7.017344839609993,medium
pay104928,cus1459,mer88,2025-02-02 19:04:00,703.83,upi,bank_j,utility_bills,issuer_decline,2,0.3572,1,0.0,0.4155,0.377,0.2061,0.122,0.0662,1,19,6,2,6.557956638982837,medium
pay104576,cus1775,mer25,2025-01-15 23:43:00,605.06,upi,bank_f,food_delivery,bank_server_timeout,2,0.7198,0,,0.1902,0.8389,0.5399,0.5389,0.3343,0,23,2,15,6.406978991069148,medium
pay100166,cus579,mer3,2025-02-27 19:39:00,104.27,credit_card,bank_c,ecommerce,insufficient_funds,3,0.5119,1,0.0,0.0644,0.0447,0.3837,0.1109,0.7002,0,19,3,27,4.656528478263233,small
pay106639,cus3648,mer2,2025-02-26 00:29:00,1163.92,upi,bank_j,food_delivery,issuer_decline,3,0.4874,0,,0.3649,0.0,0.1906,0.3307,0.0135,0,0,2,26,7.060407694114044,medium
pay109041,cus2753,mer95,2025-01-16 06:13:00,56.17,debit_card,bank_b,utility_bills,issuer_decline,1,0.3757,0,,0.2733,0.0894,0.0,0.0994,0.1922,0,6,3,16,4.04602928527588,small
pay101285,cus3854,mer52,2025-01-09 19:31:00,1059.44,netbanking,bank_f,food_delivery,bank_server_timeout,2,0.8108,0,,0.2116,0.4937,0.187,0.6514,0.1484,0,19,3,9,6.966439195317913,medium
pay106781,cus3691,mer102,2025-01-25 21:24:00,763.61,upi,bank_f,ecommerce,insufficient_funds,2,0.4788,0,,0.2146,0.0,0.5193,0.0534,0.2209,1,21,5,25,6.639365899910765,medium
pay107179,cus2131,mer32,2025-02-22 16:00:00,495.94,debit_card,bank_c,education_fees,issuer_decline,2,0.4982,1,0.0,0.2116,0.2124,0.0357,0.2906,0.1224,1,16,5,22,6.208469294462782,small
pay106184,cus2193,mer76,2025-02-02 00:55:00,148.79,upi,bank_j,food_delivery,network_timeout,2,0.8148,1,1.0,0.4111,0.7602,0.0405,0.541,0.4777,1,0,6,2,5.009234313180627,small
pay106601,cus1306,mer15,2025-06-19 15:39:00,517.58,upi,bank_b,ecommerce,issuer_decline,4,0.4153,0,,0.1091,0.2063,0.1252,0.2256,0.0578,0,15,3,19,6.251094306992602,medium
pay111111,cus865,mer65,2025-06-08 05:18:00,309.24,upi,bank_i,food_delivery,insufficient_funds,3,0.4884,0,,0.1969,0.0916,0.6349,0.1909,0.3354,1,5,6,8,5.737346191494342,small
pay106153,cus2926,mer117,2025-03-02 17:57:00,213.03,upi,bank_j,subscription_saas,issuer_decline,2,0.4664,1,0.0,0.2893,0.0,0.2717,0.2149,0.1985,1,17,6,2,5.366116192112472,small
pay103887,cus1615,mer14,2025-02-01 19:12:00,454.68,debit_card,bank_f,food_delivery,upi_server_busy,2,0.7534,1,0.0,0.1624,0.476,0.3748,0.7603,0.4799,1,19,5,1,6.121790808783556,small
pay101054,cus2020,mer114,2025-01-14 18:57:00,4475.37,debit_card,bank_e,subscription_saas,issuer_decline,1,0.4613,0,,0.4428,0.2656,0.1365,0.0,0.4167,0,18,1,14,8.406567729107458,medium
pay104511,cus3826,mer47,2025-04-04 22:57:00,883.36,debit_card,bank_g,education_fees,bank_server_timeout,3,0.7605,1,1.0,0.231,0.5173,0.2115,0.4606,0.185,0,22,4,4,6.784864219557019,medium
pay110056,cus2938,mer57,2025-05-12 11:37:00,4910.84,netbanking,bank_c,food_delivery,issuer_decline,1,0.4213,0,,0.4037,0.0693,0.1926,0.0,0.2,0,11,0,12,8.499403896006555,medium
pay104065,cus3586,mer98,2025-03-04 01:40:00,871.16,netbanking,bank_i,ecommerce,bank_server_timeout,2,0.78,0,,0.175,0.8077,0.2962,0.457,0.2985,0,1,1,4,6.770972893315971,medium
pay112573,cus2587,mer25,2025-04-01 20:09:00,713.95,credit_card,bank_d,food_delivery,otp_expired,2,0.5923,1,1.0,0.3862,0.4897,0.0776,0.198,0.2911,0,20,1,1,6.572212610178856,medium
pay112845,cus2389,mer114,2025-05-01 12:09:00,1012.73,credit_card,bank_f,food_delivery,otp_expired,3,0.6892,1,0.0,0.311,0.2167,0.1247,0.43,0.1935,0,12,3,1,6.921391876505046,medium
pay104483,cus2526,mer89,2025-01-11 21:55:00,620.78,upi,bank_a,food_delivery,bank_server_timeout,2,0.7956,1,1.0,0.2555,0.6078,0.4154,1.0,0.4465,1,21,5,11,6.432586332424181,medium
pay118413,cus3740,mer13,2025-04-23 15:36:00,519.79,debit_card,bank_h,ecommerce,bank_server_timeout,1,0.836,1,0.0,0.1955,0.68,0.7202,0.0,0.2357,0,15,2,23,6.255346889481134,medium
pay107050,cus3165,mer75,2025-06-28 10:37:00,4094.96,upi,bank_g,ecommerce,bank_server_timeout,1,0.778,1,1.0,0.3504,0.6258,0.4694,0.0,0.2368,1,10,5,28,8.31775640104666,medium
pay111115,cus1570,mer69,2025-03-01 22:03:00,70.71,upi,bank_d,ecommerce,issuer_decline,4,0.4476,1,1.0,0.2419,0.1803,0.2334,0.2437,0.1608,1,22,5,1,4.272630207894483,small
pay113919,cus3406,mer72,2025-06-13 15:25:00,3289.68,upi,bank_e,ecommerce,upi_server_busy,2,0.8109,1,1.0,0.3548,0.8708,0.4839,0.6144,0.2773,0,15,4,13,8.098849509332707,medium
pay105991,cus1809,mer92,2025-03-27 02:52:00,791.66,upi,bank_g,food_delivery,issuer_decline,2,0.4525,1,0.0,0.1718,0.337,0.3359,0.1942,0.062,0,2,3,27,6.675394378118318,medium
pay100707,cus2241,mer26,2025-04-14 00:54:00,670.49,debit_card,bank_b,utility_bills,card_expired,3,0.0302,0,,0.1773,0.2324,0.0031,0.1011,0.0,0,0,0,14,6.5094991238196425,medium
pay107302,cus1965,mer16,2025-06-19 17:06:00,2306.83,upi,bank_g,food_delivery,insufficient_funds,2,0.4428,0,,0.3015,0.1059,0.429,0.137,0.3335,0,17,3,19,7.7440629680694375,medium
pay118521,cus2338,mer88,2025-06-27 06:27:00,531.73,upi,bank_d,education_fees,insufficient_funds,2,0.4918,0,,0.4019,0.201,0.7048,0.0971,0.356,0,6,4,27,6.278014729213508,medium
pay104352,cus646,mer64,2025-04-10 05:16:00,9751.42,upi,bank_f,education_fees,issuer_decline,2,0.4591,1,0.0,0.4329,0.1614,0.2779,0.1023,0.0,0,5,3,10,9.185270738322302,large
pay105970,cus1858,mer119,2025-05-15 04:31:00,2399.86,debit_card,bank_d,food_delivery,otp_expired,2,0.6166,0,,0.505,0.4819,0.4896,0.332,0.3997,0,4,3,15,7.783582285483314,medium
pay108087,cus392,mer104,2025-06-16 10:30:00,1899.51,upi,bank_b,utility_bills,account_blocked,3,0.1066,0,,0.3391,0.0773,0.0,0.125,0.0,0,10,0,16,7.549877550188678,medium
pay107198,cus1307,mer65,2025-02-12 22:56:00,25954.05,netbanking,bank_d,ecommerce,card_expired,2,0.0534,0,,0.5122,0.0,0.0415,0.2554,0.0,0,22,2,12,10.16412147467057,large
pay109910,cus2991,mer52,2025-06-18 21:23:00,543.46,upi,bank_g,utility_bills,bank_server_timeout,2,0.8014,1,1.0,0.1431,0.5875,0.3408,0.4488,0.3111,0,21,2,18,6.299794477782915,medium
pay105432,cus1023,mer38,2025-03-01 21:56:00,12981.81,credit_card,bank_e,education_fees,bank_server_timeout,4,0.7533,1,0.0,0.3685,0.6006,0.3684,1.0,0.1766,1,21,5,1,9.4713814537311,large
pay104782,cus1133,mer2,2025-03-03 18:49:00,1080.29,credit_card,bank_c,ecommerce,otp_expired,1,0.606,1,1.0,0.3181,0.3026,0.4385,0.0073,0.1387,0,18,0,3,6.985910051781473,medium
pay119837,cus1317,mer7,2025-05-22 14:32:00,394.39,credit_card,bank_f,ecommerce,bank_server_timeout,4,0.7179,0,,0.1197,0.8298,0.4442,0.7014,0.3641,0,14,3,22,5.979872619571983,small
pay119770,cus1669,mer111,2025-06-05 21:07:00,278.48,upi,bank_c,utility_bills,issuer_decline,4,0.4793,0,,0.1867,0.3626,0.2161,0.0,0.0,0,21,3,5,5.63293073368425,small
pay100541,cus3536,mer11,2025-01-10 23:18:00,9210.82,upi,bank_c,food_delivery,network_timeout,3,0.7173,1,0.0,0.5667,0.4758,0.2824,0.3276,0.315,0,23,4,10,9.128242721018887,large
pay117424,cus1586,mer120,2025-03-11 17:55:00,2120.07,upi,bank_b,education_fees,upi_server_busy,2,0.8249,1,1.0,0.3812,0.5821,0.2612,0.5653,0.64,0,17,1,11,7.659675957320416,medium
pay112104,cus3466,mer93,2025-01-10 20:15:00,1429.84,credit_card,bank_c,education_fees,issuer_decline,2,0.4562,1,0.0,0.2614,0.1647,0.2578,0.3162,0.0039,0,20,4,10,7.266016963382125,medium
pay109292,cus2076,mer31,2025-05-05 11:53:00,403.65,upi,bank_d,food_delivery,bank_server_timeout,2,0.8011,1,1.0,0.3041,0.6012,0.2022,0.8611,0.1198,0,11,0,5,6.0030224959417104,small
pay101810,cus805,mer88,2025-02-14 01:18:00,59.63,upi,bank_f,ecommerce,network_timeout,2,0.8,1,0.0,0.1134,0.7516,0.2729,0.309,0.3165,0,1,4,14,4.1047898200836395,small
pay109475,cus538,mer5,2025-01-09 21:59:00,377.61,debit_card,bank_g,education_fees,upi_server_busy,4,0.8454,1,1.0,0.0763,0.6391,0.4043,0.726,0.1945,0,21,3,9,5.936506651527301,small
pay116461,cus2326,mer65,2025-02-11 13:19:00,616.78,upi,bank_i,food_delivery,issuer_decline,4,0.403,0,,0.225,0.0503,0.153,0.0143,0.1753,0,13,1,11,6.426132407024241,medium
pay114465,cus67,mer119,2025-02-05 10:02:00,880.88,upi,bank_i,utility_bills,issuer_decline,3,0.4466,1,0.0,0.2598,0.0382,0.0,0.35,0.0,0,10,2,5,6.78205599232878,medium
pay105530,cus1156,mer104,2025-04-17 10:26:00,3648.06,netbanking,bank_h,ecommerce,issuer_decline,2,0.4709,1,0.0,0.346,0.0548,0.3037,0.0997,0.152,0,10,3,17,8.202224879162323,medium
pay104039,cus1581,mer58,2025-03-09 06:28:00,63244.01,debit_card,bank_d,utility_bills,insufficient_funds,1,0.4621,1,0.0,0.6397,0.1011,0.5831,0.0,0.4833,1,6,6,9,11.054771510196895,huge
pay114152,cus3849,mer64,2025-05-27 15:28:00,1401.36,credit_card,bank_h,food_delivery,insufficient_funds,1,0.4544,1,1.0,0.3012,0.1122,0.6173,0.0,0.318,0,15,1,27,7.245911810667448,medium
pay107770,cus2312,mer62,2025-02-10 19:45:00,1185.01,upi,bank_j,subscription_saas,bank_server_timeout,4,0.8029,1,0.0,0.4771,0.4701,0.3414,0.8034,0.462,0,19,0,10,7.078350011225329,medium
pay114925,cus3414,mer6,2025-01-07 21:57:00,1882.09,upi,bank_f,food_delivery,issuer_decline,3,0.4196,0,,0.425,0.0485,0.1109,0.0,0.0967,0,21,1,7,7.540669323585058,medium
pay114940,cus2675,mer98,2025-03-03 01:56:00,624.71,debit_card,bank_b,food_delivery,bank_server_timeout,1,0.7597,1,1.0,0.1895,0.7338,0.6815,0.0,0.4037,0,1,0,3,6.438887004976653,medium
pay110249,cus1537,mer2,2025-04-10 11:00:00,384.09,upi,bank_f,ecommerce,bank_server_timeout,3,0.8383,1,0.0,0.1763,0.3996,0.5029,0.7654,0.3259,0,11,3,10,5.953477073202482,small
pay115861,cus174,mer35,2025-02-23 06:57:00,367.7,debit_card,bank_a,ecommerce,network_timeout,2,0.7324,1,0.0,0.1139,0.7738,0.185,0.4716,0.3358,1,6,6,23,5.9099833052400985,small
pay100539,cus3453,mer103,2025-01-04 19:21:00,2458.32,netbanking,bank_g,ecommerce,upi_server_busy,4,0.8223,1,0.0,0.458,0.2797,0.3023,0.2888,0.5032,1,19,5,4,7.807640167950367,medium
pay111693,cus3567,mer113,2025-06-19 10:37:00,451.95,upi,bank_a,subscription_saas,issuer_decline,2,0.4771,0,,0.2083,0.3483,0.3004,0.2514,0.2835,0,10,3,19,6.115781744115297,small
pay112598,cus2617,mer12,2025-03-20 05:12:00,106.83,debit_card,bank_g,ecommerce,bank_server_timeout,2,0.7535,0,,0.0872,0.8252,0.2527,0.6078,0.433,0,5,3,20,4.680555912893981,small
pay100293,cus1365,mer55,2025-03-01 16:23:00,2620.95,upi,bank_h,utility_bills,account_blocked,3,0.0821,0,,0.2553,0.0885,0.0,0.0,0.0,1,16,5,1,7.87167359472916,medium
pay111765,cus915,mer107,2025-05-22 08:06:00,611.05,upi,bank_j,ecommerce,upi_server_busy,3,0.9416,1,1.0,0.4129,0.9601,0.5133,0.3237,0.4648,0,8,3,22,6.416813978521521,medium
pay101462,cus3545,mer66,2025-01-09 13:15:00,1213.15,upi,bank_f,utility_bills,insufficient_funds,1,0.4927,1,1.0,0.2262,0.2735,0.3484,0.0737,0.3923,0,13,3,9,7.101799522471072,medium
pay115937,cus300,mer45,2025-01-16 17:04:00,83.26,credit_card,bank_d,subscription_saas,issuer_decline,1,0.4675,1,0.0,0.3245,0.1968,0.2028,0.1278,0.0695,0,17,3,16,4.433907256550871,small
pay118884,cus3374,mer98,2025-04-05 06:44:00,1724.48,debit_card,bank_f,food_delivery,issuer_decline,2,0.5468,1,0.0,0.1769,0.2671,0.1417,0.0668,0.1328,1,6,5,5,7.4532605516276496,medium
pay100009,cus477,mer22,2025-01-17 22:50:00,523.33,debit_card,bank_f,food_delivery,network_timeout,2,0.7827,0,,0.116,0.6821,0.2959,0.3009,0.3235,0,22,4,17,6.262121257090876,medium
pay117427,cus3526,mer92,2025-05-09 19:43:00,345.03,credit_card,bank_e,food_delivery,insufficient_funds,4,0.5059,0,,0.1704,0.0,0.3802,0.1499,0.3288,0,19,4,9,5.846525476501357,small
pay111602,cus2078,mer120,2025-05-24 23:48:00,232.97,upi,bank_a,education_fees,issuer_decline,1,0.4176,0,,0.0764,0.1332,0.1075,0.0,0.1115,1,23,5,24,5.455192902010516,small
pay111575,cus319,mer66,2025-05-27 15:22:00,1131.75,upi,bank_h,education_fees,bank_server_timeout,4,0.825,1,1.0,0.3268,0.6786,0.6178,0.5905,0.2419,0,15,1,27,7.032403583547247,medium
pay101617,cus2447,mer2,2025-04-02 07:30:00,240.18,upi,bank_e,utility_bills,insufficient_funds,4,0.4652,0,,0.0486,0.3203,0.702,0.1369,0.2757,0,7,2,2,5.485543542675447,small
pay101557,cus209,mer6,2025-05-20 03:06:00,1311.05,debit_card,bank_d,utility_bills,upi_server_busy,1,0.8145,1,1.0,0.3736,0.7664,0.4246,0.2074,0.3541,0,3,1,20,7.179346078533974,medium
pay110528,cus3480,mer48,2025-05-31 06:45:00,195.87,netbanking,bank_g,education_fees,insufficient_funds,3,0.4644,0,,0.0762,0.2669,0.4276,0.4762,0.3286,1,6,5,31,5.282543612431996,small
pay112759,cus2215,mer59,2025-03-25 07:23:00,581.24,credit_card,bank_e,travel,card_expired,1,0.0,0,,0.1433,0.0,0.0815,0.2143,0.2187,0,7,1,25,6.36688273386385,medium
pay101680,cus3204,mer27,2025-06-19 16:08:00,12283.0,upi,bank_i,food_delivery,insufficient_funds,2,0.4858,0,,0.4251,0.1361,0.4216,0.0196,0.2635,0,16,3,19,9.416052881560713,large
pay108693,cus34,mer6,2025-05-18 21:16:00,976.47,upi,bank_e,utility_bills,otp_expired,4,0.7022,1,0.0,0.3645,0.1854,0.4047,0.0237,0.2596,1,21,6,18,6.884967600851472,medium
pay113538,cus1444,mer76,2025-02-18 05:26:00,753.04,debit_card,bank_e,travel,network_timeout,2,0.7216,1,1.0,0.3193,0.7162,0.403,0.4536,0.247,0,5,1,18,6.625445416998711,medium
pay114733,cus1199,mer104,2025-01-31 11:59:00,353.82,upi,bank_c,ecommerce,otp_expired,4,0.6075,1,0.0,0.2054,0.3323,0.4616,0.2879,0.3266,0,11,4,31,5.871610618632502,small
pay104790,cus3248,mer43,2025-02-05 11:28:00,1174.5,credit_card,bank_e,subscription_saas,network_timeout,3,0.6798,0,,0.1724,0.5953,0.2504,0.4338,0.3619,0,11,2,5,7.069448867980125,medium
pay113674,cus2282,mer102,2025-02-12 06:12:00,1591.93,debit_card,bank_b,ecommerce,bank_server_timeout,3,0.7763,1,1.0,0.277,0.8644,0.254,0.5571,0.2901,0,6,2,12,7.373330366697227,medium
pay108976,cus160,mer3,2025-05-18 17:17:00,4610.98,credit_card,bank_b,subscription_saas,bank_server_timeout,1,0.7671,1,1.0,0.3587,0.6644,0.367,0.0946,0.277,1,17,6,18,8.436412544866103,medium
pay117215,cus1490,mer37,2025-05-15 03:19:00,462.4,debit_card,bank_g,ecommerce,bank_server_timeout,4,0.7729,1,1.0,0.0936,0.7841,0.3846,0.7626,0.5204,0,3,3,15,6.138590611998276,small
pay105450,cus1583,mer72,2025-02-15 18:52:00,150.95,debit_card,bank_h,education_fees,network_timeout,1,0.7384,0,,0.1912,0.4369,0.4353,0.175,0.4566,1,18,5,15,5.023551519362802,small
pay110726,cus285,mer99,2025-05-24 05:52:00,4412.01,upi,bank_c,food_delivery,network_timeout,3,0.7669,1,1.0,0.4574,0.7361,0.3834,0.4527,0.0542,1,5,5,24,8.392312275299158,medium
pay115622,cus3176,mer11,2025-06-05 00:31:00,1260.17,upi,bank_h,education_fees,insufficient_funds,2,0.5288,0,,0.3364,0.0,0.9886,0.2274,0.5613,0,0,3,5,7.139795140518346,medium
pay111994,cus992,mer104,2025-06-18 12:54:00,1003.35,upi,bank_h,utility_bills,otp_expired,4,0.5792,1,0.0,0.3036,0.2404,0.4849,0.1277,0.2915,0,12,2,18,6.912095845080557,medium
pay102687,cus1830,mer65,2025-04-12 14:11:00,9567.91,upi,bank_j,travel,network_timeout,2,0.7449,1,1.0,0.4515,0.6843,0.1498,0.5312,0.3614,1,14,5,12,9.16627458036352,large
pay114705,cus1989,mer116,2025-06-21 12:44:00,6747.63,upi,bank_a,ecommerce,issuer_decline,4,0.5033,1,1.0,0.3759,0.2606,0.0202,0.1981,0.248,1,12,5,21,8.817094800303844,large
pay102795,cus3513,mer22,2025-06-14 20:01:00,353.58,credit_card,bank_d,food_delivery,network_timeout,2,0.7303,0,,0.367,0.2068,0.3228,0.4025,0.3966,1,20,5,14,5.870933990470235,small
pay111057,cus665,mer104,2025-06-21 19:44:00,304.46,debit_card,bank_h,travel,bank_server_timeout,1,0.8686,1,0.0,0.1284,0.396,0.3036,0.0,0.1884,1,19,5,21,5.721818837142299,small
pay104399,cus2695,mer14,2025-04-30 07:50:00,400.69,upi,bank_d,education_fees,insufficient_funds,2,0.5034,1,1.0,0.3718,0.1941,0.578,0.168,0.2281,0,7,2,30,5.995680646855719,small
pay116734,cus1504,mer58,2025-02-25 05:15:00,942.26,debit_card,bank_c,education_fees,account_blocked,2,0.0664,0,,0.1915,0.1672,0.0,0.2074,0.0,0,5,1,25,6.849341960431477,medium
pay103271,cus324,mer6,2025-03-16 03:10:00,1152.0,credit_card,bank_h,food_delivery,bank_server_timeout,4,0.8572,1,1.0,0.8426,0.8287,0.5601,0.539,0.1306,1,3,6,16,7.050122520269059,medium
pay117658,cus739,mer116,2025-05-11 08:09:00,858.69,debit_card,bank_f,ecommerce,upi_server_busy,4,0.8022,1,1.0,0.1858,0.8759,0.431,0.642,0.5093,1,8,6,11,6.756571859148107,medium
pay112009,cus797,mer52,2025-01-11 23:20:00,1497.58,upi,bank_b,food_delivery,insufficient_funds,1,0.4551,0,,0.3297,0.1269,0.6379,0.0,0.5998,1,23,5,11,7.312273272051751,medium
pay113894,cus2460,mer23,2025-06-15 20:40:00,666.13,upi,bank_i,subscription_saas,bank_server_timeout,2,0.7926,1,1.0,0.2439,0.3665,0.3385,0.6397,0.4519,1,20,6,15,6.502984929473315,medium
pay104252,cus1324,mer53,2025-06-26 10:33:00,2076.19,upi,bank_a,food_delivery,bank_server_timeout,3,0.7957,1,1.0,0.252,0.625,0.2433,0.8522,0.2665,0,10,3,26,7.638771297785651,medium
pay119857,cus209,mer35,2025-03-25 07:09:00,429.46,debit_card,bank_j,subscription_saas,issuer_decline,2,0.4598,0,,0.3824,0.1599,0.2744,0.1788,0.0183,0,7,1,25,6.064854404336033,small
pay107232,cus1449,mer119,2025-03-21 08:32:00,471.95,credit_card,bank_h,food_delivery,network_timeout,2,0.803,1,0.0,0.2332,0.494,0.4422,0.5189,0.3539,0,8,4,21,6.158989674659179,small
pay102381,cus3673,mer118,2025-03-22 18:31:00,1618.17,credit_card,bank_i,ecommerce,issuer_decline,3,0.4532,1,1.0,0.2259,0.1697,0.0386,0.0,0.1198,1,18,5,22,7.3896689512535225,medium
pay108762,cus1792,mer6,2025-05-20 18:18:00,3891.15,upi,bank_e,food_delivery,insufficient_funds,4,0.4928,0,,0.3855,0.2589,0.4026,0.3835,0.455,0,18,1,20,8.26671698315932,medium
pay110461,cus3143,mer118,2025-05-25 01:05:00,1424.72,debit_card,bank_e,travel,upi_server_busy,1,0.8989,0,,0.3137,0.6796,0.3944,0.0494,0.643,1,1,6,25,7.262432228258197,medium
pay117788,cus97,mer47,2025-02-05 17:31:00,902.26,upi,bank_f,utility_bills,insufficient_funds,1,0.4957,1,0.0,0.192,0.2043,0.5795,0.0,0.536,0,17,2,5,6.806010441098488,medium
pay108219,cus3932,mer48,2025-04-04 08:16:00,2980.39,debit_card,bank_h,food_delivery,account_blocked,3,0.0871,0,,0.3432,0.0,0.2469,0.0,0.0,0,8,4,4,8.000144913701773,medium
pay119827,cus2208,mer47,2025-06-29 11:02:00,996.28,debit_card,bank_j,ecommerce,upi_server_busy,3,0.8258,1,1.0,0.4016,0.7959,0.2206,0.6281,0.6412,1,11,6,29,6.9050315730605405,medium
pay109393,cus3058,mer70,2025-03-14 00:55:00,50.0,upi,bank_b,food_delivery,issuer_decline,3,0.4842,1,1.0,0.0086,0.282,0.1343,0.2406,0.1808,0,0,4,14,3.9318256327243257,small
pay107700,cus2693,mer6,2025-04-06 05:17:00,352.86,netbanking,bank_j,utility_bills,bank_server_timeout,2,0.7975,1,0.0,0.3182,0.6549,0.3102,0.8007,0.39,1,5,6,6,5.868901354684857,small
pay111573,cus1736,mer63,2025-06-08 06:16:00,393.07,credit_card,bank_i,education_fees,upi_server_busy,2,0.8376,1,1.0,0.163,0.7033,0.3187,0.3933,0.3675,1,6,6,8,5.976528558492,small
pay114100,cus3886,mer80,2025-06-26 08:51:00,223.28,upi,bank_h,ecommerce,network_timeout,2,0.7214,0,,0.2295,0.7276,0.2572,0.5546,0.3814,0,8,3,26,5.412895271255472,small
pay106956,cus1794,mer100,2025-02-01 03:32:00,205.38,upi,bank_c,ecommerce,network_timeout,1,0.7015,0,,0.1871,0.5484,0.2802,0.1356,0.2439,1,3,5,1,5.329719129687568,small
pay111975,cus3923,mer66,2025-03-10 01:01:00,8848.56,upi,bank_j,ecommerce,network_timeout,2,0.7618,0,,0.602,0.7237,0.4252,0.3561,0.3242,0,1,0,10,9.088123019251894,large
pay112041,cus1645,mer84,2025-06-26 05:11:00,171.28,upi,bank_i,travel,issuer_decline,3,0.4277,1,1.0,0.1159,0.1793,0.2047,0.3333,0.1609,0,5,3,26,5.14912106018591,small
pay116713,cus293,mer84,2025-05-02 10:34:00,160.51,debit_card,bank_h,food_delivery,network_timeout,1,0.6881,1,1.0,0.1641,0.5944,0.3222,0.0402,0.239,0,10,4,2,5.084567060250421,small
pay112578,cus1230,mer31,2025-03-08 21:25:00,928.92,credit_card,bank_e,food_delivery,bank_server_timeout,4,0.7099,1,1.0,0.2317,0.5819,0.1472,0.7613,0.1778,1,21,5,8,6.835098560941863,medium
pay111711,cus680,mer61,2025-05-28 17:46:00,386.86,debit_card,bank_g,ecommerce,network_timeout,1,0.7709,1,1.0,0.1426,0.5154,0.1757,0.0,0.4041,0,17,2,28,5.960644449768095,small
pay104736,cus276,mer6,2025-01-12 00:54:00,186.19,upi,bank_c,travel,upi_server_busy,3,0.8909,1,1.0,0.1925,0.7193,0.5886,0.6804,0.1792,1,0,6,12,5.2321241438132375,small
pay102310,cus3306,mer36,2025-02-20 12:04:00,356.95,upi,bank_e,education_fees,otp_expired,2,0.6733,0,,0.1072,0.0741,0.496,0.0095,0.28,0,12,3,20,5.880393311842194,small
pay117129,cus2222,mer91,2025-03-16 18:58:00,526.68,credit_card,bank_g,ecommerce,account_blocked,1,0.0,0,,0.126,0.0,0.169,0.0,0.1828,1,18,6,16,6.268490039371234,medium
pay105093,cus3120,mer99,2025-06-24 14:07:00,6828.34,debit_card,bank_g,ecommerce,upi_server_busy,4,0.926,1,1.0,0.3983,0.7623,0.3096,0.6021,0.3724,0,14,1,24,8.828983315391953,large
pay108528,cus2146,mer106,2025-06-17 04:29:00,290.31,upi,bank_j,ecommerce,insufficient_funds,3,0.4488,0,,0.3199,0.2423,0.4923,0.0932,0.2566,0,4,1,17,5.674387992246747,small
pay107087,cus1576,mer93,2025-02-10 13:04:00,697.42,upi,bank_f,food_delivery,insufficient_funds,3,0.5274,1,0.0,0.2539,0.1883,0.5728,0.34,0.3549,0,13,0,10,6.548820640999671,medium
pay118754,cus745,mer34,2025-01-04 23:20:00,95.5,debit_card,bank_b,education_fees,account_blocked,1,0.0,0,,0.1612,0.0,0.0,0.0,0.0246,1,23,5,4,4.56954300834494,small
pay115747,cus3392,mer5,2025-01-16 00:43:00,6895.0,upi,bank_b,subscription_saas,account_blocked,1,0.0744,0,,1.0,0.104,0.0977,0.1643,0.0417,0,0,3,16,8.83869681234353,large
pay108498,cus1243,mer81,2025-04-19 12:17:00,259.59,debit_card,bank_g,food_delivery,otp_expired,2,0.5785,1,1.0,0.1261,0.5549,0.5441,0.0,0.3392,1,12,5,19,5.562948290969064,small
pay111119,cus741,mer22,2025-01-27 20:51:00,291.88,upi,bank_c,utility_bills,bank_server_timeout,1,0.7139,1,0.0,0.1125,0.5649,0.2026,0.0959,0.3773,0,20,0,27,5.679762968811981,small
pay118051,cus3073,mer46,2025-04-05 07:43:00,231.0,upi,bank_f,food_delivery,upi_server_busy,4,0.9122,0,,0.1656,0.7493,0.5378,0.6342,0.3996,1,7,5,5,5.44673737166631,small
pay113968,cus3288,mer39,2025-06-29 06:56:00,1593.16,upi,bank_a,ecommerce,upi_server_busy,4,0.7919,1,0.0,0.3176,0.58,0.3461,0.6176,0.4092,1,6,6,29,7.374102230724329,medium
pay115140,cus1159,mer18,2025-01-21 12:22:00,675.19,upi,bank_c,ecommerce,upi_server_busy,4,0.8957,1,0.0,0.282,0.5419,0.1798,0.6065,0.3016,0,12,1,21,6.516474101640329,medium
pay116297,cus1303,mer18,2025-05-29 17:52:00,73.74,upi,bank_a,education_fees,insufficient_funds,2,0.5503,1,0.0,0.1466,0.2756,0.532,0.0,0.2646,0,17,3,29,4.314015424057338,small
pay112494,cus537,mer18,2025-04-24 15:58:00,218.46,credit_card,bank_i,subscription_saas,upi_server_busy,3,0.841,1,1.0,0.1962,0.9609,0.2456,0.791,0.6684,0,15,3,24,5.391169983562653,small
pay114526,cus762,mer87,2025-02-07 17:19:00,3135.58,debit_card,bank_e,utility_bills,duplicate_payment_block,3,0.3023,0,,0.4771,0.0841,0.033,0.076,0.0,0,17,4,7,8.050888313348937,medium
pay112842,cus2131,mer28,2025-04-22 18:00:00,10380.09,debit_card,bank_c,travel,network_timeout,4,0.6525,1,1.0,0.4908,0.4186,0.1369,0.335,0.4102,0,18,1,22,9.247741160840665,large
pay108068,cus3856,mer46,2025-05-27 03:41:00,5318.3,upi,bank_h,ecommerce,card_expired,3,0.0659,0,,0.4289,0.0657,0.0,0.0,0.0878,0,3,1,27,8.579096994731053,large
pay109623,cus2775,mer82,2025-05-03 13:47:00,732.38,upi,bank_d,subscription_saas,card_expired,2,0.0,0,,0.3959,0.0757,0.0,0.0,0.0,1,13,5,3,6.597663985017227,medium
pay115379,cus474,mer119,2025-03-08 08:27:00,477.43,netbanking,bank_c,food_delivery,issuer_decline,4,0.4708,0,,0.1342,0.241,0.0,0.5082,0.299,1,8,5,8,6.170509909700393,small
pay107514,cus2597,mer35,2025-02-20 19:48:00,1268.94,upi,bank_f,utility_bills,upi_server_busy,4,0.7852,1,1.0,0.2472,0.52,0.3015,0.5798,0.4774,0,19,3,20,7.146724934242111,medium
pay109927,cus3063,mer68,2025-02-13 20:46:00,340.37,debit_card,bank_g,ecommerce,insufficient_funds,1,0.5728,1,0.0,0.181,0.1926,0.7016,0.0,0.4238,0,20,3,13,5.832966933037027,small
pay108038,cus3878,mer3,2025-02-28 08:42:00,2114.42,debit_card,bank_f,subscription_saas,network_timeout,2,0.7451,0,,0.3159,0.935,0.2762,0.2781,0.2535,0,8,4,28,7.657008653325954,medium
pay112738,cus2434,mer115,2025-01-22 23:03:00,1382.73,upi,bank_h,subscription_saas,insufficient_funds,1,0.4644,0,,0.3469,0.3641,0.6469,0.0,0.2956,0,23,2,22,7.2325380304405265,medium
pay111731,cus612,mer103,2025-03-01 18:45:00,1730.66,credit_card,bank_b,utility_bills,issuer_decline,4,0.4866,0,,0.2909,0.0701,0.2655,0.3938,0.0676,1,18,5,1,7.456835765002177,medium
pay106181,cus3195,mer55,2025-06-07 11:15:00,149.48,upi,bank_e,education_fees,insufficient_funds,4,0.4988,1,1.0,0.1131,0.2167,0.39,0.324,0.1874,1,11,5,7,5.013830184992774,small
pay117797,cus3221,mer8,2025-02-27 11:58:00,1606.53,debit_card,bank_g,utility_bills,bank_server_timeout,2,0.84,1,1.0,0.2654,0.5366,0.383,0.4681,0.3257,0,11,3,27,7.382454118457072,medium
pay102074,cus2455,mer3,2025-05-06 08:59:00,301.28,netbanking,bank_e,food_delivery,bank_server_timeout,4,0.773,1,1.0,0.0637,0.6945,0.1832,0.6406,0.3232,0,8,1,6,5.711353740152519,small
pay102242,cus1406,mer104,2025-03-23 11:12:00,79.41,credit_card,bank_d,utility_bills,insufficient_funds,2,0.4828,0,,0.3485,0.0,0.3565,0.3045,0.3255,1,11,6,23,4.387138546560058,small
pay101207,cus1895,mer23,2025-05-10 17:25:00,13779.64,credit_card,bank_d,education_fees,insufficient_funds,2,0.4738,0,,0.5737,0.2047,0.4378,0.2151,0.3041,1,17,5,10,9.53101998761107,large
pay107022,cus2338,mer76,2025-04-19 11:32:00,838.15,credit_card,bank_h,ecommerce,insufficient_funds,1,0.4728,0,,0.0893,0.0725,0.2624,0.0,0.1954,1,11,5,19,6.732389474754188,medium
pay102682,cus2562,mer58,2025-03-12 03:33:00,352.29,upi,bank_j,travel,network_timeout,3,0.6619,1,1.0,0.3305,0.6687,0.3225,0.4411,0.6373,0,3,2,12,5.867289249407484,small
pay117221,cus2703,mer64,2025-01-28 19:30:00,777.92,debit_card,bank_i,education_fees,bank_server_timeout,1,0.675,0,,0.2668,0.4516,0.3234,0.2199,0.1746,0,19,1,28,6.657908344833378,medium
pay111107,cus382,mer96,2025-02-01 16:44:00,729.05,upi,bank_a,utility_bills,upi_server_busy,2,0.8329,1,1.0,0.8004,0.6374,0.4829,0.5899,0.4295,1,16,5,1,6.593113024947573,medium
pay110465,cus2323,mer51,2025-03-15 01:41:00,2186.0,debit_card,bank_a,utility_bills,insufficient_funds,4,0.4405,0,,0.3724,0.3657,0.6451,0.2296,0.3711,1,1,5,15,7.690286020676768,medium
pay111933,cus707,mer107,2025-05-20 02:29:00,284.32,upi,bank_j,travel,bank_server_timeout,2,0.8178,1,1.0,0.3337,0.8703,0.571,0.8136,0.2609,0,2,1,20,5.6536113574098374,small
pay106237,cus3256,mer56,2025-02-18 17:02:00,748.87,upi,bank_d,education_fees,bank_server_timeout,4,0.7467,1,1.0,0.412,0.3447,0.3724,0.7201,0.2257,0,17,1,18,6.619899858173064,medium
pay109386,cus142,mer37,2025-05-24 00:25:00,513.45,upi,bank_c,subscription_saas,upi_server_busy,3,0.8713,0,,0.1728,0.6635,0.4239,0.6894,0.4259,1,0,5,24,6.243098368821819,medium
pay116668,cus2281,mer93,2025-01-31 22:33:00,1125.88,upi,bank_e,travel,upi_server_busy,4,0.8925,1,1.0,0.3665,0.7446,0.3125,0.6096,0.2635,0,22,4,31,7.0272080309971,medium
pay105852,cus3192,mer111,2025-02-15 23:06:00,476.09,upi,bank_c,education_fees,otp_expired,2,0.6752,0,,0.1697,0.2815,0.332,0.0,0.1019,1,23,5,15,6.167705152335934,small
pay106623,cus641,mer89,2025-06-18 15:27:00,50.0,upi,bank_a,ecommerce,issuer_decline,3,0.5315,1,0.0,0.0646,0.2432,0.099,0.5455,0.0,0,15,2,18,3.9318256327243257,small
pay101332,cus1028,mer77,2025-03-18 11:31:00,50.0,upi,bank_j,utility_bills,upi_server_busy,1,0.8856,1,1.0,0.2371,0.6857,0.3114,0.0493,0.5654,0,11,1,18,3.9318256327243257,small
pay105975,cus3951,mer19,2025-04-09 19:12:00,804.3,upi,bank_j,food_delivery,card_expired,3,0.1169,0,,0.4015,0.0,0.0,0.0785,0.1502,0,19,2,9,6.6912148788015,medium
pay101509,cus3650,mer31,2025-05-03 23:41:00,9663.43,upi,bank_g,subscription_saas,bank_server_timeout,1,0.6889,1,0.0,0.4901,0.6162,0.4866,0.0,0.3319,1,23,5,3,9.176207414217835,large
pay110189,cus467,mer90,2025-06-29 01:39:00,110.07,upi,bank_f,food_delivery,upi_server_busy,1,0.806,1,1.0,0.0812,0.8203,0.2292,0.0213,0.4323,1,1,6,29,4.7101606331790284,small
pay105073,cus3400,mer60,2025-05-21 15:56:00,1140.75,debit_card,bank_a,food_delivery,network_timeout,1,0.7733,1,0.0,0.1736,0.5018,0.4961,0.1485,0.4094,0,15,2,21,7.040317452065108,medium
pay102178,cus882,mer6,2025-04-23 17:18:00,987.94,upi,bank_d,food_delivery,account_blocked,3,0.0623,0,,0.4697,0.132,0.0,0.0,0.0,0,17,2,23,6.8966336624416265,medium
pay103126,cus1559,mer98,2025-05-30 19:55:00,168.26,debit_card,bank_g,ecommerce,bank_server_timeout,4,0.8321,1,1.0,0.1563,0.5121,0.399,0.4103,0.4109,0,19,4,30,5.13143599424196,small
pay114338,cus3578,mer32,2025-03-25 11:58:00,580.28,upi,bank_h,food_delivery,network_timeout,1,0.8073,1,1.0,0.2064,0.6408,0.2727,0.0726,0.3464,0,11,1,25,6.365232568472892,medium
pay111469,cus3490,mer74,2025-01-29 01:29:00,679.74,upi,bank_h,subscription_saas,insufficient_funds,3,0.4871,1,0.0,0.3345,0.1212,0.6738,0.2352,0.2992,0,1,2,29,6.523180441765475,medium
pay117715,cus1563,mer118,2025-06-22 05:10:00,17978.29,netbanking,bank_g,travel,upi_server_busy,1,0.8485,1,0.0,0.4299,0.5626,0.2686,0.0,0.5482,1,5,6,22,9.79697581892557,large
pay112928,cus2306,mer108,2025-01-08 14:34:00,448.82,debit_card,bank_i,education_fees,upi_server_busy,3,0.8113,1,1.0,0.2593,0.5829,0.2834,0.6128,0.3936,0,14,2,8,6.108847502743026,small
pay109811,cus641,mer73,2025-04-13 23:45:00,3399.97,debit_card,bank_i,ecommerce,otp_expired,4,0.6356,1,0.0,0.341,0.1808,0.4098,0.2209,0.4328,1,23,6,13,8.131815964033272,medium
pay116602,cus875,mer25,2025-01-27 13:53:00,1266.69,upi,bank_i,travel,upi_server_busy,3,0.8746,1,0.0,0.2259,0.4708,0.316,0.3927,0.5982,0,13,0,27,7.144951625611919,medium
pay119508,cus887,mer59,2025-04-19 17:11:00,482.83,upi,bank_a,travel,bank_server_timeout,3,0.8512,1,1.0,0.206,0.4447,0.071,0.7282,0.4091,1,17,5,19,6.18173360534811,small
pay112816,cus1523,mer89,2025-03-24 00:37:00,700.85,upi,bank_a,utility_bills,insufficient_funds,1,0.5097,1,0.0,0.1911,0.0484,0.7578,0.0,0.4588,0,0,0,24,6.553719705980335,medium
pay110804,cus858,mer11,2025-04-23 10:58:00,187.44,netbanking,bank_d,ecommerce,bank_server_timeout,2,0.8298,1,0.0,0.1964,0.2909,0.3549,0.8124,0.2572,0,10,2,23,5.23877965383184,small
pay113383,cus2699,mer108,2025-01-11 13:58:00,160.22,netbanking,bank_e,education_fees,insufficient_funds,4,0.4808,1,0.0,0.1491,0.0,0.4618,0.2174,0.3388,1,13,5,11,5.082769891855455,small
pay110598,cus2151,mer99,2025-05-31 01:11:00,463.1,debit_card,bank_c,subscription_saas,duplicate_payment_block,4,0.3394,1,0.0,0.2071,0.106,0.0929,0.0,0.0,1,1,5,31,6.14010004624713,small
pay112108,cus2992,mer28,2025-02-17 09:11:00,1204.69,credit_card,bank_g,food_delivery,issuer_decline,4,0.4761,1,1.0,0.2657,0.2856,0.3004,0.1916,0.0,0,9,0,17,7.094807296151738,medium
pay117964,cus3540,mer20,2025-02-28 10:12:00,2108.3,upi,bank_h,food_delivery,card_expired,4,0.0401,1,0.0,0.321,0.0,0.0,0.0,0.0186,0,10,4,28,7.654111417873225,medium
pay112103,cus720,mer94,2025-04-09 02:33:00,415.18,upi,bank_b,education_fees,issuer_decline,1,0.4349,0,,0.195,0.2905,0.3172,0.1043,0.0494,0,2,2,9,6.031117858984634,small
pay103525,cus8,mer37,2025-02-08 02:51:00,3897.51,debit_card,bank_c,utility_bills,bank_server_timeout,1,0.7937,1,1.0,0.2854,0.7743,0.4525,0.0,0.577,1,2,5,8,8.268349707835501,medium
pay104663,cus3045,mer81,2025-03-09 19:30:00,50.0,upi,bank_e,ecommerce,issuer_decline,3,0.4948,0,,0.1405,0.4888,0.1299,0.0296,0.131,1,19,6,9,3.9318256327243257,small
pay111183,cus3222,mer98,2025-05-23 09:42:00,3592.22,debit_card,bank_g,food_delivery,issuer_decline,4,0.4133,1,0.0,0.4154,0.2331,0.2402,0.2098,0.1328,0,9,4,23,8.186804015408804,medium
pay115835,cus3163,mer82,2025-01-10 04:08:00,2379.26,debit_card,bank_h,food_delivery,issuer_decline,1,0.3709,1,0.0,0.3499,0.4055,0.2015,0.0,0.0,0,4,4,10,7.774965004396341,medium
pay101842,cus109,mer119,2025-05-27 23:16:00,735.81,debit_card,bank_e,food_delivery,network_timeout,3,0.6996,1,1.0,0.1828,0.6118,0.2945,0.2671,0.3797,0,23,1,27,6.602330057053122,medium
pay109415,cus2002,mer105,2025-03-19 00:30:00,522.52,upi,bank_i,subscription_saas,otp_expired,1,0.7115,0,,0.2534,0.2405,0.348,0.0,0.4005,0,0,2,19,6.260575233974327,medium
pay116821,cus1468,mer29,2025-05-04 10:27:00,197.23,upi,bank_j,ecommerce,insufficient_funds,2,0.5329,1,1.0,0.2826,0.2974,0.5084,0.1886,0.2743,1,10,6,4,5.28942797270212,small
pay105823,cus27,mer32,2025-01-27 20:28:00,50.0,upi,bank_b,ecommerce,issuer_decline,4,0.4922,0,,0.0931,0.2689,0.0,0.4009,0.1495,0,20,0,27,3.9318256327243257,small
pay105413,cus1158,mer112,2025-06-10 15:32:00,413.98,upi,bank_f,travel,insufficient_funds,1,0.4373,1,0.0,0.1795,0.3,0.7101,0.0269,0.482,0,15,1,10,6.0282303262983055,small
pay100992,cus286,mer19,2025-02-05 10:55:00,1314.66,upi,bank_d,utility_bills,bank_server_timeout,1,0.8885,1,0.0,1.0,0.6006,0.4094,0.0,0.3508,0,10,2,5,7.1820937198423,medium
pay117765,cus3015,mer48,2025-04-25 04:16:00,50.0,upi,bank_j,education_fees,insufficient_funds,4,0.4724,0,,1.0,0.4619,0.4097,0.0727,0.111,0,4,4,25,3.9318256327243257,small
pay107241,cus1742,mer110,2025-04-22 22:14:00,198.97,upi,bank_j,education_fees,upi_server_busy,3,0.9208,1,1.0,0.2196,0.9209,0.4231,0.6074,0.3495,0,22,1,22,5.298167355296911,small
pay107363,cus3394,mer118,2025-01-31 18:44:00,478.44,credit_card,bank_f,education_fees,network_timeout,1,0.7432,0,,0.104,0.5645,0.1964,0.0,0.3191,0,18,4,31,6.17261875614993,small
pay114635,cus2889,mer113,2025-06-24 18:00:00,244.34,upi,bank_g,food_delivery,bank_server_timeout,4,0.7177,1,0.0,0.1489,0.4906,0.2983,0.8026,0.4847,0,18,1,24,5.502645003604606,small
pay105536,cus2765,mer94,2025-01-10 23:38:00,1352.01,upi,bank_h,travel,issuer_decline,4,0.5559,1,0.0,0.307,0.0973,0.0528,0.0403,0.1361,0,23,4,10,7.210087019126475,medium
pay114848,cus2635,mer106,2025-01-28 16:02:00,433.97,upi,bank_c,education_fees,insufficient_funds,4,0.4794,1,0.0,0.1292,0.2493,0.7835,0.5015,0.4427,0,16,1,28,6.075277063193212,small
pay110255,cus2674,mer59,2025-02-08 11:41:00,632.59,credit_card,bank_a,ecommerce,upi_server_busy,3,0.8858,0,,0.1737,0.5836,0.3489,0.5643,0.3505,1,11,5,8,6.451402057547384,medium
pay107098,cus3419,mer42,2025-02-13 23:24:00,848.74,netbanking,bank_g,utility_bills,issuer_decline,2,0.3939,0,,0.2174,0.2896,0.0535,0.204,0.2534,0,23,3,13,6.744930420339872,medium
pay105922,cus3911,mer43,2025-04-29 01:35:00,139.08,debit_card,bank_e,subscription_saas,account_blocked,3,0.0,0,,0.6513,0.0844,0.0843,0.0,0.0061,0,1,1,29,4.942213687977596,small
pay110170,cus2419,mer24,2025-01-15 13:15:00,248.23,netbanking,bank_b,food_delivery,insufficient_funds,1,0.4857,1,0.0,0.082,0.0803,0.2955,0.0,0.4118,0,13,2,15,5.518376164900322,small
pay119797,cus1664,mer115,2025-03-01 04:54:00,8599.93,upi,bank_e,education_fees,card_expired,2,0.1195,0,,0.484,0.0462,0.0126,0.1302,0.0682,1,4,5,1,9.059625615929825,large
pay114946,cus3115,mer116,2025-05-27 19:22:00,504.1,upi,bank_b,ecommerce,issuer_decline,1,0.4164,1,0.0,0.2599,0.3793,0.1633,0.0348,0.0,0,19,1,27,6.224756429474007,medium
pay114314,cus631,mer27,2025-06-05 11:39:00,1124.44,netbanking,bank_b,utility_bills,otp_expired,2,0.553,0,,0.2625,0.2671,0.3277,0.3783,0.3925,0,11,3,5,7.025929349285618,medium
pay113386,cus2515,mer85,2025-06-08 19:44:00,820.18,upi,bank_i,ecommerce,insufficient_funds,1,0.6052,0,,0.1696,0.1015,0.4917,0.0,0.4151,1,19,6,8,6.71074233024518,medium
pay107777,cus959,mer18,2025-06-17 04:59:00,3648.83,upi,bank_b,food_delivery,account_blocked,2,0.0589,0,,0.3041,0.3001,0.0532,0.1187,0.0733,0,4,1,17,8.202435870149406,medium
pay109755,cus3790,mer118,2025-05-03 11:28:00,7543.39,upi,bank_f,food_delivery,insufficient_funds,2,0.5075,1,1.0,0.5107,0.3293,0.5435,0.2602,0.2667,1,11,5,3,8.928559519689683,large
pay105882,cus2623,mer98,2025-05-31 00:08:00,594.89,credit_card,bank_a,utility_bills,duplicate_payment_block,4,0.3238,0,,0.1222,0.272,0.1913,0.0451,0.1035,1,0,5,31,6.390056086272974,medium
pay115913,cus700,mer65,2025-03-06 19:10:00,3874.63,upi,bank_d,travel,duplicate_payment_block,3,0.2782,1,0.0,0.5216,0.0,0.0322,0.1026,0.2327,0,19,3,6,8.262463509217808,medium
pay109155,cus2505,mer45,2025-01-15 05:34:00,88.89,debit_card,bank_j,ecommerce,upi_server_busy,1,0.8559,1,0.0,0.2987,0.6199,0.5558,0.0703,0.5174,0,5,2,15,4.4985867005853075,small
pay102354,cus3697,mer68,2025-02-25 15:35:00,932.99,upi,bank_c,education_fees,card_expired,2,0.0023,0,,0.2839,0.0,0.1664,0.0,0.0,0,15,1,25,6.83946573153341,medium
pay110300,cus2858,mer40,2025-01-10 01:43:00,5156.72,debit_card,bank_j,travel,network_timeout,1,0.7133,1,0.0,0.5136,0.4901,0.2433,0.0314,0.2444,0,1,4,10,8.548249900361391,large
pay111475,cus431,mer38,2025-05-01 05:55:00,1305.87,credit_card,bank_e,food_delivery,bank_server_timeout,1,0.7566,0,,0.3158,0.6687,0.5471,0.0,0.4784,0,5,3,1,7.175390244254967,medium
pay105247,cus3573,mer85,2025-06-17 17:29:00,3977.58,debit_card,bank_d,travel,insufficient_funds,1,0.4448,0,,0.6184,0.2376,0.5285,0.0,0.404,0,17,1,17,8.288680250696359,medium
pay115280,cus582,mer17,2025-01-16 23:56:00,463.46,netbanking,bank_b,food_delivery,bank_server_timeout,2,0.7852,1,0.0,0.2076,0.454,0.2049,0.8087,0.311,0,23,3,16,6.140875440444677,small
pay102518,cus3652,mer16,2025-01-26 18:47:00,217.55,upi,bank_e,ecommerce,account_blocked,3,0.0,0,,0.1423,0.0354,0.0,0.0878,0.0266,1,18,6,26,5.387014821309323,small
pay104324,cus3580,mer13,2025-06-24 19:34:00,1035.62,debit_card,bank_j,utility_bills,otp_expired,2,0.6397,0,,0.451,0.4461,0.526,0.0554,0.4832,0,19,1,24,6.943720699414746,medium
pay118582,cus3256,mer35,2025-01-19 22:16:00,2495.65,upi,bank_d,travel,issuer_decline,2,0.4551,0,,0.5004,0.0763,0.1679,0.2567,0.3575,1,22,6,19,7.822705112253451,medium
pay109455,cus1435,mer7,2025-02-16 16:06:00,490.85,upi,bank_e,food_delivery,issuer_decline,2,0.4271,1,0.0,0.1181,0.2303,0.1748,0.1272,0.1678,1,16,6,16,6.198173791958767,small
pay109016,cus3386,mer112,2025-03-11 06:39:00,1601.7,upi,bank_f,ecommerce,insufficient_funds,4,0.5254,1,1.0,0.2153,0.2029,0.6633,0.2024,0.2417,0,6,1,11,7.3794449859995295,medium
pay110792,cus2222,mer52,2025-02-25 15:17:00,1620.6,credit_card,bank_b,ecommerce,card_expired,3,0.0758,0,,0.2769,0.0,0.0,0.0,0.0494,0,15,1,25,7.39116859513779,medium
pay107998,cus576,mer23,2025-01-24 18:12:00,98.32,upi,bank_d,travel,duplicate_payment_block,1,0.2497,0,,0.3208,0.0,0.1442,0.0,0.2312,0,18,4,24,4.598346960639966,small
pay107888,cus2510,mer13,2025-05-30 15:33:00,131.09,upi,bank_b,subscription_saas,upi_server_busy,4,0.8853,0,,0.2186,0.8078,0.3199,0.6207,0.5266,0,15,4,30,4.883483508435773,small
pay103376,cus535,mer39,2025-04-01 22:12:00,1045.61,credit_card,bank_d,education_fees,issuer_decline,4,0.3816,0,,0.4643,0.1059,0.2081,0.2651,0.0504,0,22,1,1,6.953311648641171,medium
pay116222,cus2031,mer104,2025-04-28 06:04:00,820.04,upi,bank_d,education_fees,upi_server_busy,1,0.7647,1,0.0,0.4666,0.8266,0.2462,0.0,0.4207,0,6,0,28,6.710571829337459,medium
pay100610,cus3669,mer46,2025-05-31 01:35:00,5189.01,upi,bank_e,utility_bills,network_timeout,4,0.7016,1,0.0,0.3931,0.7168,0.3943,0.2477,0.2388,1,1,5,31,8.554490902940351,large
pay111781,cus1804,mer74,2025-06-23 23:11:00,482.5,debit_card,bank_i,ecommerce,issuer_decline,4,0.4356,0,,0.2793,0.1311,0.2099,0.4063,0.474,0,23,0,23,6.181051314893349,small
pay119487,cus1541,mer42,2025-05-15 05:51:00,3238.5,upi,bank_f,education_fees,otp_expired,4,0.6466,0,,0.4884,0.5503,0.2131,0.3031,0.3155,0,5,3,15,8.083174275890013,medium
pay103971,cus2378,mer90,2025-06-16 19:13:00,522.17,upi,bank_d,travel,insufficient_funds,1,0.5581,0,,0.3598,0.1298,0.3415,0.0013,0.4808,0,19,0,16,6.259906459049478,medium
pay102979,cus131,mer120,2025-03-27 14:25:00,384.29,upi,bank_g,food_delivery,insufficient_funds,1,0.4177,0,,0.105,0.1732,0.6466,0.1023,0.6237,0,14,3,27,5.953996297493074,small
pay114300,cus2464,mer88,2025-02-07 18:22:00,474.7,upi,bank_g,food_delivery,bank_server_timeout,4,0.7299,0,,0.2559,0.8504,0.2023,0.6082,0.17,0,18,4,7,6.164787403438236,small
pay110810,cus3247,mer34,2025-03-12 15:33:00,949.0,netbanking,bank_g,education_fees,issuer_decline,2,0.4348,1,1.0,0.219,0.3112,0.3848,0.0431,0.0233,0,15,2,12,6.856461984594587,medium
pay119641,cus3452,mer62,2025-06-18 14:21:00,563.17,upi,bank_j,travel,bank_server_timeout,3,0.7095,0,,0.272,0.5715,0.5038,0.6008,0.1711,0,14,2,18,6.335355624520363,medium
pay100296,cus347,mer58,2025-06-02 23:03:00,3695.28,upi,bank_b,utility_bills,bank_server_timeout,4,0.7319,1,1.0,0.2892,0.63,0.5756,0.7521,0.4166,0,23,0,2,8.215082187467873,medium
pay101585,cus3745,mer52,2025-02-27 04:11:00,224.8,credit_card,bank_f,food_delivery,duplicate_payment_block,3,0.2888,0,,0.0617,0.067,0.1459,0.0276,0.2054,0,4,3,27,5.419649651715562,small
pay102584,cus784,mer102,2025-03-05 01:50:00,167.45,upi,bank_h,utility_bills,insufficient_funds,1,0.5359,1,1.0,0.1836,0.0899,0.8145,0.0405,0.5195,0,1,2,5,5.126638969852562,small
pay117684,cus3248,mer93,2025-03-05 23:49:00,2499.91,credit_card,bank_j,subscription_saas,issuer_decline,1,0.436,0,,0.4375,0.116,0.2291,0.0646,0.1604,0,23,2,5,7.824409944624364,medium
pay115883,cus3187,mer113,2025-03-07 06:53:00,1679.45,credit_card,bank_f,education_fees,card_expired,2,0.1418,0,,0.2454,0.0492,0.0556,0.0,0.0,0,6,4,7,7.426816893672842,medium
pay111599,cus1227,mer34,2025-03-13 07:21:00,869.51,upi,bank_c,utility_bills,bank_server_timeout,2,0.8937,1,1.0,0.284,0.5975,0.4247,0.5782,0.4772,0,7,3,13,6.769079246793036,medium
pay116244,cus2268,mer108,2025-06-17 06:51:00,1057.07,upi,bank_f,utility_bills,upi_server_busy,3,0.9257,1,0.0,0.2751,0.7201,0.3556,0.6981,0.5374,0,6,1,17,6.964201772800487,medium
pay103820,cus2737,mer57,2025-01-23 17:03:00,501.56,netbanking,bank_j,travel,card_expired,4,0.0451,0,,0.3955,0.0613,0.0,0.0,0.0962,0,17,3,23,6.219715035790337,medium
pay115610,cus3113,mer14,2025-05-15 16:06:00,181.54,upi,bank_c,ecommerce,issuer_decline,2,0.5184,0,,0.1609,0.2507,0.2141,0.1442,0.2662,0,16,3,15,5.206969327088731,small
pay112208,cus2039,mer101,2025-05-11 04:53:00,2290.47,credit_card,bank_i,ecommerce,upi_server_busy,2,0.8303,1,1.0,0.3605,0.6637,0.4329,0.5848,0.3717,1,4,6,11,7.736948812002253,medium
pay110021,cus2573,mer115,2025-02-12 06:58:00,89.43,upi,bank_i,food_delivery,issuer_decline,2,0.4365,0,,0.0891,0.2193,0.209,0.0,0.1127,0,6,2,12,4.504576070752389,small
pay109412,cus2159,mer92,2025-05-27 09:33:00,209.36,upi,bank_j,ecommerce,account_blocked,1,0.0,0,,0.1933,0.0434,0.0,0.0133,0.0611,0,9,1,27,5.348820348721143,small
pay116104,cus1165,mer30,2025-06-21 09:49:00,3714.0,credit_card,bank_g,subscription_saas,insufficient_funds,2,0.4565,1,0.0,0.9815,0.099,0.5763,0.2134,0.3266,1,9,5,21,8.220133957151859,medium
pay119736,cus171,mer17,2025-01-30 21:51:00,1708.18,upi,bank_c,ecommerce,issuer_decline,2,0.3938,0,,0.2572,0.0,0.2175,0.2715,0.0,0,21,3,30,7.4437690023206455,medium
pay116844,cus910,mer47,2025-04-05 20:40:00,552.12,upi,bank_a,travel,issuer_decline,4,0.5051,0,,0.2965,0.3369,0.1119,0.2915,0.1105,1,20,5,5,6.315574976173314,medium
pay116893,cus59,mer4,2025-03-20 02:34:00,255.5,netbanking,bank_a,subscription_saas,account_blocked,4,0.0283,0,,0.0996,0.0,0.037,0.0,0.2003,0,2,3,20,5.547128664610824,small
pay107178,cus3636,mer108,2025-03-11 22:24:00,748.92,upi,bank_g,travel,bank_server_timeout,2,0.8951,1,0.0,0.2411,0.7785,0.4723,0.6869,0.472,0,22,1,11,6.619966534174396,medium
pay118110,cus3115,mer32,2025-03-08 00:47:00,367.7,upi,bank_f,food_delivery,upi_server_busy,3,0.7959,1,0.0,0.1166,0.6738,0.308,0.5881,0.5076,1,0,5,8,5.9099833052400985,small
pay119232,cus3714,mer108,2025-01-26 06:57:00,261.99,upi,bank_h,subscription_saas,bank_server_timeout,2,0.7766,1,0.0,0.1477,0.5868,0.4989,0.6885,0.3984,1,6,6,26,5.572116008641191,small
pay116084,cus54,mer98,2025-04-18 02:03:00,322.73,upi,bank_d,education_fees,upi_server_busy,1,0.8989,1,0.0,0.323,0.6815,0.5185,0.0,0.2889,0,2,4,18,5.779909835043752,small
pay118228,cus478,mer48,2025-01-12 14:12:00,599.57,upi,bank_i,food_delivery,issuer_decline,3,0.4714,1,0.0,0.2425,0.2298,0.2343,0.1985,0.2619,1,14,6,12,6.397879204251734,medium
pay112187,cus3328,mer69,2025-04-20 06:07:00,1018.55,upi,bank_c,subscription_saas,issuer_decline,3,0.5081,0,,0.2219,0.4071,0.2537,0.2943,0.0955,1,6,6,20,6.9271166324607565,medium
pay101979,cus419,mer100,2025-05-24 00:04:00,1260.7,upi,bank_i,food_delivery,network_timeout,4,0.6401,1,1.0,0.2321,0.6934,0.1889,0.2888,0.5132,1,0,5,24,7.140215296933696,medium
pay100202,cus165,mer16,2025-03-31 02:41:00,117.19,upi,bank_f,utility_bills,insufficient_funds,4,0.521,1,0.0,0.1139,0.2638,0.5326,0.025,0.5898,0,2,0,31,4.7722934990241495,small
pay115461,cus3041,mer89,2025-04-28 21:19:00,434.89,upi,bank_h,utility_bills,bank_server_timeout,1,0.8391,1,0.0,0.1608,0.5391,0.3466,0.1573,0.3179,0,21,0,28,6.077389917939674,small
pay106583,cus2161,mer46,2025-05-10 16:23:00,1668.96,netbanking,bank_c,food_delivery,upi_server_busy,3,0.8802,1,1.0,0.2804,0.4151,0.3316,0.5493,0.4809,1,16,5,10,7.4205549530281365,medium
pay106924,cus2554,mer37,2025-03-04 18:32:00,463.6,netbanking,bank_a,travel,issuer_decline,4,0.4106,0,,0.1623,0.1205,0.1845,0.0,0.1894,0,18,1,4,6.141176820336309,small
pay119239,cus3326,mer27,2025-05-11 09:43:00,898.88,upi,bank_f,utility_bills,insufficient_funds,1,0.4444,1,0.0,0.1605,0.1448,0.8385,0.0613,0.5452,1,9,6,11,6.802261421101298,medium
pay104322,cus402,mer60,2025-03-25 06:26:00,997.6,upi,bank_i,food_delivery,upi_server_busy,2,0.7561,1,1.0,0.1675,1.0,0.2124,0.6034,0.4525,0,6,1,25,6.906354298066509,medium
pay112395,cus2546,mer101,2025-01-27 18:26:00,398.46,debit_card,bank_j,food_delivery,bank_server_timeout,3,0.732,1,0.0,0.2705,0.4616,0.2709,0.5062,0.2428,0,18,0,27,5.990113635037026,small
pay110936,cus1635,mer56,2025-06-18 02:25:00,138.49,netbanking,bank_f,utility_bills,bank_server_timeout,3,0.8331,1,0.0,0.1358,0.5102,0.4109,0.7506,0.3968,0,2,2,18,4.937992914104144,small
pay119313,cus1095,mer78,2025-03-24 11:56:00,468.55,netbanking,bank_e,utility_bills,issuer_decline,2,0.4293,0,,0.1291,0.1795,0.2291,0.1041,0.1468,0,11,0,24,6.151774789250623,small
pay111496,cus1032,mer73,2025-03-15 19:39:00,452.12,upi,bank_d,food_delivery,bank_server_timeout,2,0.7646,1,1.0,0.2945,0.6996,0.3855,0.696,0.3053,1,19,5,15,6.1161569910653,small
pay106770,cus3736,mer77,2025-04-12 04:03:00,3555.04,netbanking,bank_b,utility_bills,issuer_decline,2,0.4175,0,,0.3646,0.1457,0.2028,0.0804,0.1015,1,4,5,12,8.176402845164455,medium
pay104466,cus2940,mer21,2025-05-24 20:08:00,86.35,upi,bank_i,travel,account_blocked,1,0.0,0,,0.169,0.0092,0.1804,0.0,0.0,1,20,5,24,4.469923036580066,small
pay112183,cus2181,mer117,2025-01-21 23:11:00,518.98,netbanking,bank_b,utility_bills,upi_server_busy,3,0.9095,1,1.0,0.1141,0.8117,0.0598,0.5891,0.2859,0,23,1,21,6.253790349297348,medium
pay116645,cus1293,mer56,2025-01-12 09:45:00,1788.35,upi,bank_a,ecommerce,issuer_decline,2,0.4269,0,,0.351,0.2147,0.1602,0.0,0.1244,1,9,6,12,7.4896077043960645,medium
pay102794,cus1808,mer7,2025-01-13 11:03:00,1788.07,debit_card,bank_f,education_fees,insufficient_funds,2,0.5402,1,0.0,0.3519,0.3304,0.3731,0.3169,0.3576,0,11,0,13,7.489451210747711,medium
pay111526,cus2936,mer91,2025-03-03 19:09:00,467.13,credit_card,bank_f,subscription_saas,issuer_decline,4,0.4367,0,,0.1122,0.1436,0.2784,0.3055,0.0,0,19,0,3,6.14874603512232,small
pay110695,cus1709,mer13,2025-05-15 18:33:00,6637.94,upi,bank_d,utility_bills,bank_server_timeout,3,0.8387,1,1.0,0.6431,0.5388,0.4277,0.8314,0.348,0,18,3,15,8.800707591172673,large
pay117917,cus1535,mer75,2025-01-01 10:32:00,1915.76,debit_card,bank_j,utility_bills,bank_server_timeout,2,0.7988,1,1.0,0.442,0.5224,0.1907,0.7074,0.1319,0,10,2,1,7.5583915395898655,medium
pay113150,cus2002,mer117,2025-02-11 01:23:00,1257.89,netbanking,bank_h,ecommerce,insufficient_funds,1,0.4259,0,,0.2401,0.07,0.568,0.0515,0.4105,0,1,1,11,7.137985659297977,medium
pay118009,cus1923,mer58,2025-01-02 14:21:00,203.96,upi,bank_c,ecommerce,upi_server_busy,1,0.7994,1,1.0,0.1231,0.6693,0.4539,0.0,0.404,0,14,3,2,5.322814838148424,small
pay101711,cus1460,mer69,2025-03-26 13:32:00,87.62,upi,bank_h,ecommerce,otp_expired,3,0.6128,0,,0.1395,0.4036,0.3958,0.0078,0.2235,0,13,2,26,4.484357565771344,small
pay111464,cus3226,mer86,2025-01-25 12:39:00,606.56,upi,bank_g,food_delivery,bank_server_timeout,4,0.8443,1,0.0,0.292,0.2606,0.475,0.9146,0.3199,1,12,5,25,6.409450935769818,medium
pay115307,cus3264,mer3,2025-01-08 07:25:00,50.0,credit_card,bank_b,food_delivery,bank_server_timeout,2,0.8973,1,0.0,0.1349,0.7084,0.5584,0.5143,0.3381,0,7,2,8,3.9318256327243257,small
pay107851,cus3179,mer96,2025-04-11 19:27:00,633.35,upi,bank_c,food_delivery,issuer_decline,4,0.3481,0,,0.2415,0.1257,0.0707,0.0516,0.0,0,19,4,11,6.452600852586607,medium
pay115915,cus104,mer28,2025-02-16 03:26:00,201.31,debit_card,bank_f,ecommerce,bank_server_timeout,3,0.7194,0,,0.1247,0.5812,0.5188,0.7981,0.3352,1,3,6,16,5.309801174489323,small
pay117208,cus3496,mer52,2025-03-25 03:30:00,1756.88,upi,bank_g,subscription_saas,upi_server_busy,1,0.9795,1,1.0,0.2655,0.9016,0.4785,0.0838,0.3466,0,3,1,25,7.471863816529679,medium
pay105739,cus2317,mer86,2025-01-07 12:28:00,1195.82,debit_card,bank_c,education_fees,issuer_decline,4,0.5051,0,,0.2147,0.2126,0.3162,0.1454,0.104,0,12,1,7,7.087423318310528,medium
pay116005,cus514,mer87,2025-02-20 01:13:00,532.93,netbanking,bank_b,travel,otp_expired,2,0.6001,0,,0.2654,0.2446,0.3969,0.1647,0.3407,0,1,3,20,6.280264744225334,medium
pay107976,cus855,mer7,2025-01-12 09:11:00,1910.89,netbanking,bank_e,food_delivery,bank_server_timeout,3,0.8289,0,,0.4047,0.5651,0.5285,0.7676,0.3322,1,9,6,12,7.5558475605756,medium
pay101530,cus460,mer113,2025-01-17 04:01:00,909.78,upi,bank_f,subscription_saas,insufficient_funds,3,0.4546,0,,0.2513,0.3254,0.7163,0.14,0.3476,0,4,4,17,6.814301375230878,medium
pay101271,cus3812,mer40,2025-01-20 16:06:00,696.39,netbanking,bank_f,utility_bills,account_blocked,4,0.0074,0,,0.2458,0.0651,0.0,0.0671,0.2412,0,16,0,20,6.547344795165417,medium
pay106864,cus1894,mer11,2025-06-12 05:50:00,219.4,upi,bank_b,food_delivery,upi_server_busy,3,0.86,1,1.0,0.1558,0.8343,0.579,0.4463,0.5102,0,5,3,12,5.39544407727876,small
pay111844,cus4,mer55,2025-01-26 00:24:00,3406.19,credit_card,bank_h,travel,account_blocked,2,0.1559,0,,0.5405,0.1222,0.0,0.2888,0.0,1,0,6,26,8.133643183643438,medium
pay115930,cus804,mer14,2025-01-26 17:17:00,1600.19,upi,bank_c,subscription_saas,upi_server_busy,4,0.8778,1,1.0,0.2055,0.7578,0.2469,0.7217,0.2022,1,17,6,26,7.378502381782903,medium
pay111703,cus3988,mer10,2025-06-05 10:46:00,170.19,upi,bank_d,ecommerce,bank_server_timeout,4,0.7476,1,1.0,0.3152,0.5383,0.0687,0.5058,0.3412,0,10,3,5,5.142774050786687,small
pay118323,cus1387,mer54,2025-06-05 20:23:00,2722.21,debit_card,bank_f,food_delivery,issuer_decline,4,0.5085,0,,0.2585,0.0,0.2327,0.0661,0.1881,0,20,3,5,7.909566610522724,medium
pay106837,cus3761,mer11,2025-01-11 07:32:00,4075.96,upi,bank_j,subscription_saas,otp_expired,4,0.4909,0,,1.0,0.514,0.4551,0.0231,0.2243,1,7,5,11,8.313106891635485,medium
pay119344,cus3895,mer52,2025-06-17 00:31:00,929.98,debit_card,bank_e,ecommerce,otp_expired,1,0.5181,0,,0.196,0.2923,0.3866,0.0,0.1661,0,0,1,17,6.836237794769199,medium
pay110993,cus2932,mer28,2025-06-23 13:53:00,1557.58,upi,bank_g,utility_bills,insufficient_funds,1,0.3544,0,,0.2385,0.3411,0.3879,0.0,0.0,0,13,0,23,7.351530429298386,medium
pay111594,cus1962,mer76,2025-04-20 02:24:00,122.02,upi,bank_j,food_delivery,bank_server_timeout,3,0.8056,1,1.0,0.3498,0.792,0.4178,0.6784,0.3243,1,2,6,20,4.812346943780222,small
pay101221,cus1503,mer96,2025-04-10 13:25:00,4105.83,upi,bank_a,food_delivery,issuer_decline,2,0.5388,1,1.0,0.3868,0.2172,0.1443,0.2801,0.0,0,13,3,10,8.32040672035576,medium
pay106761,cus228,mer10,2025-02-21 14:44:00,138.95,upi,bank_a,subscription_saas,insufficient_funds,4,0.4877,1,0.0,0.215,0.3689,0.6827,0.1465,0.4086,0,14,4,21,4.941285215961463,small
pay113693,cus2384,mer34,2025-02-09 21:40:00,1532.75,debit_card,bank_g,subscription_saas,duplicate_payment_block,4,0.2819,1,0.0,0.3698,0.0483,0.2884,0.1116,0.1423,1,21,6,9,7.335470996025121,medium
pay110296,cus2402,mer2,2025-04-16 00:49:00,555.18,netbanking,bank_f,travel,insufficient_funds,4,0.5273,0,,0.1168,0.0,0.5152,0.0426,0.1262,0,0,2,16,6.3210919828649645,medium
pay101086,cus3439,mer33,2025-05-25 07:03:00,106.55,debit_card,bank_f,ecommerce,upi_server_busy,2,0.9508,1,1.0,0.1268,0.5504,0.2546,0.6843,0.3546,1,7,6,25,4.677955855713739,small
pay115272,cus3047,mer4,2025-05-06 16:06:00,66.72,upi,bank_i,subscription_saas,insufficient_funds,4,0.4731,1,0.0,0.1592,0.1,0.7176,0.1988,0.3381,0,16,1,6,4.2153815572649345,small
pay116526,cus3883,mer97,2025-03-17 11:11:00,1779.7,debit_card,bank_i,subscription_saas,bank_server_timeout,3,0.874,1,0.0,0.294,0.5795,0.3387,0.862,0.3913,0,11,0,17,7.4847618244072684,medium
pay112180,cus3234,mer66,2025-05-04 01:24:00,759.64,debit_card,bank_a,education_fees,insufficient_funds,3,0.4715,1,0.0,0.1465,0.1442,0.9119,0.1386,0.3046,1,1,6,4,6.634160184171829,medium
pay109641,cus320,mer34,2025-05-09 14:52:00,147.0,upi,bank_f,education_fees,bank_server_timeout,1,0.7908,1,1.0,0.0482,0.5708,0.3991,0.0,0.1427,0,14,4,9,4.997212273764115,small
pay117097,cus2031,mer10,2025-05-14 20:19:00,199.48,netbanking,bank_c,utility_bills,insufficient_funds,4,0.572,0,,0.0835,0.0155,0.1249,0.0836,0.4329,0,20,2,14,5.300714491147758,small
pay109532,cus401,mer59,2025-04-07 17:03:00,265.51,debit_card,bank_g,food_delivery,account_blocked,3,0.0183,0,,0.0861,0.0,0.034,0.1395,0.1182,0,17,0,7,5.58541176635407,small
pay103294,cus3241,mer2,2025-02-04 14:27:00,312.79,upi,bank_j,ecommerce,upi_server_busy,2,0.829,1,1.0,0.3075,0.8098,0.5136,0.7365,0.5976,0,14,1,4,5.74872397235967,small
pay100216,cus2169,mer110,2025-01-15 06:22:00,1198.85,upi,bank_i,food_delivery,insufficient_funds,3,0.5162,0,,0.1891,0.125,0.3896,0.1526,0.2824,0,6,2,15,7.08995182796294,medium
pay119719,cus2205,mer88,2025-01-20 05:17:00,224.04,debit_card,bank_b,food_delivery,bank_server_timeout,3,0.7113,1,1.0,0.0184,0.8354,0.6101,0.6084,0.6382,0,5,0,20,5.416278164181602,small
pay102366,cus3684,mer107,2025-03-02 16:54:00,2219.34,upi,bank_j,food_delivery,insufficient_funds,3,0.5495,1,0.0,0.4603,0.3799,0.8417,0.1154,0.4282,1,16,6,2,7.705415616292732,medium
pay112953,cus2918,mer39,2025-05-23 06:10:00,5298.11,debit_card,bank_f,utility_bills,insufficient_funds,3,0.4672,0,,0.9916,0.0515,0.4408,0.2159,0.2576,0,6,4,23,8.575294160911008,large
pay109365,cus1476,mer120,2025-05-17 19:31:00,81.55,upi,bank_g,ecommerce,insufficient_funds,2,0.4623,0,,0.0746,0.1594,0.399,0.2431,0.3654,1,19,5,17,4.413404170366137,small
pay113589,cus2603,mer81,2025-04-24 17:23:00,925.32,debit_card,bank_g,ecommerce,issuer_decline,4,0.4848,0,,0.2831,0.1096,0.1977,0.1683,0.1578,0,17,3,24,6.831219747304018,medium
pay101026,cus3034,mer26,2025-01-14 23:25:00,50.0,credit_card,bank_c,ecommerce,bank_server_timeout,3,0.768,0,,0.1229,0.9213,0.5547,0.6507,0.2373,0,23,1,14,3.9318256327243257,small
pay113709,cus3463,mer53,2025-01-26 02:40:00,106.57,credit_card,bank_c,ecommerce,bank_server_timeout,2,0.8105,1,0.0,0.0985,0.4651,0.4387,0.8434,0.3988,1,2,6,26,4.678141798443914,small
pay105951,cus1124,mer109,2025-05-28 12:22:00,1851.31,debit_card,bank_d,education_fees,account_blocked,3,0.0555,0,,0.381,0.0766,0.0266,0.0,0.1883,0,12,2,28,7.524188787807621,medium
pay100370,cus2314,mer93,2025-03-02 09:43:00,336.16,upi,bank_b,utility_bills,insufficient_funds,3,0.532,1,1.0,0.0857,0.3543,0.7292,0.3406,0.4481,1,9,6,2,5.820557595129282,small
pay105764,cus881,mer44,2025-02-26 15:13:00,542.09,upi,bank_g,food_delivery,insufficient_funds,4,0.5312,0,,0.1768,0.1373,0.6595,0.0069,0.2587,0,15,2,26,6.297275052055962,medium
pay107767,cus562,mer78,2025-03-25 10:52:00,1650.17,upi,bank_g,utility_bills,insufficient_funds,2,0.5514,1,0.0,0.2886,0.2673,0.4988,0.1461,0.2255,0,10,1,25,7.409239406517542,medium
pay101555,cus3111,mer111,2025-01-30 07:03:00,487.32,upi,bank_g,food_delivery,network_timeout,1,0.8193,1,1.0,0.1664,0.7761,0.3415,0.1578,0.3576,0,7,3,30,6.1909709286560375,small
pay117850,cus2294,mer32,2025-04-22 07:24:00,265.98,credit_card,bank_i,subscription_saas,insufficient_funds,4,0.446,1,1.0,0.1712,0.47,0.6064,0.4064,0.3095,0,7,1,22,5.587173749227587,small
pay110487,cus2348,mer103,2025-02-17 00:48:00,645.42,debit_card,bank_j,education_fees,issuer_decline,1,0.4864,0,,0.3637,0.0923,0.143,0.0308,0.1582,0,0,0,17,6.4714494473222945,medium
pay110939,cus1252,mer60,2025-01-18 09:25:00,345.11,credit_card,bank_h,utility_bills,upi_server_busy,2,0.8391,0,,0.2296,0.7869,0.2949,0.3407,0.509,1,9,5,18,5.846756643607308,small
pay116260,cus2477,mer96,2025-06-17 01:53:00,2411.91,debit_card,bank_a,subscription_saas,insufficient_funds,3,0.5331,0,,0.4116,0.3622,0.5912,0.2377,0.1946,0,1,1,17,7.788588766960112,medium
pay106851,cus3235,mer86,2025-04-06 03:49:00,109.87,upi,bank_b,food_delivery,network_timeout,3,0.6557,1,1.0,0.1743,0.8133,0.4356,0.531,0.2843,1,3,6,6,4.70835834378426,small
pay115259,cus38,mer25,2025-05-31 21:31:00,10194.47,upi,bank_g,education_fees,network_timeout,4,0.8098,1,0.0,0.4558,0.402,0.1526,0.431,0.2058,1,21,5,31,9.229698782975852,large
pay115157,cus478,mer47,2025-01-04 06:20:00,1309.73,upi,bank_f,food_delivery,bank_server_timeout,2,0.8005,1,1.0,0.2632,0.6772,0.4337,0.7573,0.4925,1,6,5,4,7.1783395128964065,medium
pay107101,cus1465,mer21,2025-06-05 11:07:00,50.0,credit_card,bank_g,education_fees,upi_server_busy,4,0.9022,1,0.0,0.118,0.5909,0.2944,0.5508,0.2908,0,11,3,5,3.9318256327243257,small
pay104588,cus566,mer21,2025-04-20 04:04:00,118.19,upi,bank_b,food_delivery,insufficient_funds,3,0.3742,0,,0.2061,0.2317,0.7832,0.081,0.4007,1,4,6,20,4.780718858494617,small
pay107057,cus3135,mer102,2025-05-31 18:31:00,693.54,upi,bank_i,food_delivery,issuer_decline,1,0.5168,1,0.0,0.1815,0.3833,0.0,0.1022,0.3291,1,18,5,31,6.543249755928216,medium
pay106315,cus176,mer29,2025-01-11 05:51:00,50.0,debit_card,bank_j,travel,otp_expired,1,0.5589,0,,0.2538,0.3219,0.5714,0.0,0.3695,1,5,5,11,3.9318256327243257,small
pay118068,cus2622,mer54,2025-02-26 15:30:00,751.5,netbanking,bank_i,education_fees,bank_server_timeout,2,0.829,1,0.0,0.1997,0.4731,0.4806,0.5441,0.4737,0,15,2,26,6.6234009966230305,medium
pay101993,cus641,mer37,2025-04-26 00:32:00,92.77,upi,bank_j,education_fees,insufficient_funds,3,0.5334,1,1.0,0.9657,0.4294,0.452,0.2394,0.5947,1,0,5,26,4.540844975431534,small
pay109330,cus1899,mer4,2025-01-19 18:38:00,1610.71,debit_card,bank_i,food_delivery,insufficient_funds,4,0.5256,0,,0.2989,0.2051,0.3167,0.066,0.4919,1,18,6,19,7.3850510061380765,medium
pay117856,cus398,mer76,2025-05-29 14:58:00,279.76,upi,bank_d,travel,insufficient_funds,2,0.4449,1,0.0,0.2454,0.1082,0.5491,0.0,0.4544,0,14,3,29,5.63750021186222,small
pay105753,cus3388,mer81,2025-02-19 10:08:00,139.94,upi,bank_c,subscription_saas,otp_expired,2,0.6427,1,0.0,0.1914,0.2645,0.3368,0.0,0.2708,0,10,2,19,4.948334267898876,small
pay110774,cus3445,mer13,2025-02-05 15:56:00,1325.28,credit_card,bank_a,ecommerce,insufficient_funds,1,0.4838,1,1.0,0.2845,0.2819,0.7966,0.0,0.416,0,15,2,5,7.190133309842012,medium
pay105060,cus2351,mer114,2025-04-07 21:12:00,1545.82,netbanking,bank_b,education_fees,bank_server_timeout,3,0.7882,1,0.0,0.3522,0.4725,0.3413,0.5429,0.3496,0,21,0,7,7.343956489569385,medium
pay101095,cus3097,mer108,2025-01-15 09:48:00,605.35,upi,bank_d,travel,insufficient_funds,3,0.5566,0,,0.3925,0.3952,0.5215,0.1981,0.5208,0,9,2,15,6.4074573771028005,medium
pay104573,cus1836,mer17,2025-06-09 20:17:00,395.03,upi,bank_j,utility_bills,issuer_decline,4,0.4758,1,0.0,0.2965,0.2179,0.2296,0.1378,0.0976,0,20,0,9,5.981489965960778,small
pay104166,cus3121,mer56,2025-03-25 05:21:00,595.83,credit_card,bank_a,ecommerce,bank_server_timeout,4,0.7615,0,,0.2654,0.4982,0.4817,0.7257,0.315,0,5,1,25,6.391632315722667,medium
pay118548,cus3579,mer62,2025-05-07 19:09:00,227.12,netbanking,bank_b,utility_bills,otp_expired,1,0.557,0,,0.0469,0.1751,0.207,0.0088,0.1428,0,19,2,7,5.429871806288338,small
pay119468,cus976,mer56,2025-01-14 20:30:00,1513.32,upi,bank_j,utility_bills,account_blocked,1,0.0103,0,,0.4851,0.0629,0.0,0.0526,0.0319,0,20,1,14,7.322721772297964,medium
pay118904,cus1216,mer86,2025-04-20 04:44:00,863.18,credit_card,bank_d,ecommerce,issuer_decline,2,0.4484,0,,0.3585,0.1167,0.054,0.0603,0.2967,1,4,6,20,6.761781080439014,medium
pay115722,cus2768,mer33,2025-06-06 20:00:00,565.32,debit_card,bank_a,ecommerce,insufficient_funds,4,0.4459,0,,0.1147,0.2804,0.4679,0.092,0.0559,0,20,4,6,6.339159289465934,medium
pay115000,cus911,mer9,2025-01-14 12:15:00,162.34,netbanking,bank_j,ecommerce,network_timeout,3,0.743,1,0.0,0.3105,0.3875,0.1668,0.6531,0.2709,0,12,1,14,5.09583391793013,small
pay107646,cus2655,mer115,2025-04-11 08:16:00,281.11,upi,bank_h,education_fees,otp_expired,2,0.6173,1,1.0,0.2903,0.4762,0.4702,0.3268,0.3863,0,8,4,11,5.642297065802215,small
pay111216,cus3192,mer46,2025-04-10 03:45:00,1951.56,credit_card,bank_g,food_delivery,bank_server_timeout,1,0.79,0,,0.3391,0.8944,0.437,0.0,0.429,0,3,3,10,7.576896611075236,medium
pay103053,cus2667,mer116,2025-03-06 09:11:00,486.03,upi,bank_i,food_delivery,network_timeout,2,0.8013,1,1.0,0.1402,0.8236,0.3143,0.6626,0.2014,0,9,3,6,6.188325722827997,small
pay117888,cus1271,mer80,2025-06-07 06:20:00,743.54,upi,bank_d,subscription_saas,upi_server_busy,4,0.8695,0,,0.3642,0.9545,0.3685,0.4735,0.4371,1,6,5,7,6.6127665780145835,medium
pay110568,cus2586,mer27,2025-06-20 15:45:00,3024.97,netbanking,bank_j,utility_bills,bank_server_timeout,2,0.835,1,1.0,0.4736,0.4239,0.5938,0.8644,0.3595,0,15,4,20,8.014986980221165,medium
pay115956,cus971,mer24,2025-03-16 20:52:00,757.34,debit_card,bank_e,education_fees,insufficient_funds,4,0.5166,0,,0.1719,0.3197,0.5107,0.0648,0.2318,1,20,6,16,6.63113183388709,medium
pay114603,cus161,mer66,2025-04-29 17:52:00,437.39,upi,bank_j,utility_bills,upi_server_busy,1,0.8111,1,0.0,0.1989,0.6425,0.5139,0.0,0.4732,0,17,1,29,6.08310892515467,small
pay116174,cus3748,mer98,2025-02-08 03:39:00,50.0,upi,bank_h,subscription_saas,insufficient_funds,1,0.5134,0,,0.1859,0.192,0.4503,0.0,0.4857,1,3,5,8,3.9318256327243257,small
pay117944,cus3613,mer90,2025-06-23 13:43:00,2640.38,netbanking,bank_i,utility_bills,insufficient_funds,1,0.479,0,,0.2376,0.1783,0.4139,0.1371,0.326,0,13,0,23,7.87905678683878,medium
pay107304,cus167,mer28,2025-06-13 22:24:00,570.19,netbanking,bank_j,ecommerce,insufficient_funds,4,0.5532,0,,0.2816,0.218,0.5613,0.2572,0.4374,0,22,4,13,6.347721903869324,medium
pay105924,cus3447,mer108,2025-06-14 01:44:00,3060.32,credit_card,bank_a,food_delivery,bank_server_timeout,3,0.7914,0,,0.3583,0.6699,0.6245,0.7757,0.4229,1,1,5,14,8.026601474481057,medium
pay114892,cus428,mer95,2025-05-17 05:57:00,2054.4,credit_card,bank_a,education_fees,bank_server_timeout,4,0.9155,1,0.0,0.2486,0.3701,0.2921,0.4492,0.4113,1,5,5,17,7.6282257551909725,medium
pay104159,cus20,mer23,2025-01-06 14:13:00,589.18,upi,bank_g,utility_bills,issuer_decline,2,0.4546,1,0.0,0.0936,0.2407,0.3378,0.3053,0.0,0,14,0,6,6.38042757511664,medium
pay110192,cus2887,mer27,2025-01-03 16:29:00,116.57,debit_card,bank_d,ecommerce,upi_server_busy,2,0.8643,1,1.0,0.262,0.8908,0.3303,0.6114,0.2421,0,16,4,3,4.76703390087965,small
pay103509,cus2355,mer14,2025-03-04 22:07:00,1646.95,upi,bank_j,utility_bills,network_timeout,3,0.7679,1,1.0,0.2778,0.6451,0.1949,0.3009,0.37,0,22,1,4,7.40728737020333,medium
pay100918,cus2732,mer107,2025-02-15 19:21:00,2010.56,upi,bank_i,education_fees,account_blocked,3,0.0,0,,0.2995,0.0,0.0,0.0177,0.1363,1,19,5,15,7.6066658194311865,medium
pay103218,cus3403,mer114,2025-06-27 11:32:00,260.33,upi,bank_f,ecommerce,otp_expired,3,0.5622,1,0.0,0.2119,0.3656,0.2092,0.3188,0.2935,0,11,4,27,5.56578397649891,small
pay101536,cus46,mer31,2025-01-28 15:21:00,2808.34,upi,bank_c,ecommerce,bank_server_timeout,3,0.8006,1,1.0,0.3492,0.8949,0.527,0.8387,0.196,0,15,1,28,7.940704859295394,medium
pay105622,cus2678,mer28,2025-02-06 04:29:00,903.39,credit_card,bank_d,utility_bills,card_expired,1,0.072,0,,0.3872,0.0,0.0104,0.1078,0.0,0,4,3,6,6.807260683288284,medium
pay119553,cus2360,mer66,2025-02-13 16:34:00,298.4,credit_card,bank_g,food_delivery,bank_server_timeout,3,0.7153,0,,0.222,0.904,0.3593,0.5088,0.1211,0,16,3,13,5.701780471985528,small
pay112818,cus2388,mer85,2025-01-24 09:56:00,638.48,upi,bank_c,travel,upi_server_busy,3,0.8287,1,1.0,0.1135,0.9054,0.3546,0.7574,0.261,0,9,4,24,6.460655346096691,medium
pay110824,cus592,mer94,2025-05-04 17:02:00,399.22,upi,bank_a,food_delivery,network_timeout,2,0.7932,1,1.0,0.1254,0.4126,0.2416,0.4224,0.2004,1,17,6,4,5.992014395913418,small
pay119117,cus3455,mer109,2025-04-04 21:04:00,251.74,credit_card,bank_e,education_fees,upi_server_busy,3,0.8076,1,1.0,0.0707,0.7379,0.4311,0.7366,0.1983,0,21,4,4,5.532361292330535,small
pay109038,cus3949,mer104,2025-06-26 10:57:00,397.54,credit_card,bank_c,food_delivery,upi_server_busy,2,0.8543,1,0.0,0.1909,0.6373,0.5026,0.53,0.4983,0,10,3,26,5.987807869604438,small
pay103029,cus493,mer38,2025-06-11 01:03:00,427.88,upi,bank_a,food_delivery,insufficient_funds,1,0.5457,0,,0.1832,0.3154,0.5955,0.0,0.19,0,1,2,11,6.061177159519282,small
pay108868,cus3655,mer55,2025-05-15 07:32:00,1516.55,upi,bank_a,subscription_saas,insufficient_funds,3,0.4956,1,0.0,0.2949,0.2898,0.7845,0.0,0.5553,0,7,3,15,7.324852471320009,medium
pay102775,cus1219,mer64,2025-02-24 07:37:00,245.03,upi,bank_d,food_delivery,network_timeout,1,0.7259,1,1.0,0.2422,0.4957,0.204,0.0113,0.2535,0,7,0,24,5.505453479716429,small
pay114841,cus933,mer32,2025-01-20 00:17:00,858.46,debit_card,bank_g,subscription_saas,network_timeout,4,0.7581,1,1.0,0.2241,0.6183,0.2902,0.4157,0.245,0,0,0,20,6.7563042850546635,medium
pay110051,cus485,mer70,2025-04-20 15:44:00,10893.45,credit_card,bank_i,utility_bills,issuer_decline,1,0.4118,1,0.0,0.5015,0.0928,0.2397,0.0,0.0711,1,15,6,20,9.296008764232049,large
pay106352,cus2227,mer12,2025-01-24 00:36:00,3739.17,credit_card,bank_f,food_delivery,upi_server_busy,4,0.7037,1,1.0,0.2974,0.7866,0.3339,0.6202,0.3985,0,0,4,24,8.226886343921006,medium
pay111649,cus1669,mer61,2025-03-07 22:03:00,335.82,credit_card,bank_b,education_fees,bank_server_timeout,2,0.7727,1,1.0,0.1982,0.8045,0.5027,0.7853,0.3518,0,22,4,7,5.819548663027908,small
pay115387,cus3243,mer84,2025-02-10 11:06:00,153.68,debit_card,bank_e,ecommerce,issuer_decline,4,0.4676,0,,0.8834,0.3466,0.2175,0.119,0.2919,0,11,0,10,5.041358466739096,small
pay114746,cus3315,mer77,2025-01-13 18:28:00,50.0,debit_card,bank_b,food_delivery,bank_server_timeout,3,0.9138,1,1.0,0.132,0.4944,0.4162,0.4966,0.1012,0,18,0,13,3.9318256327243257,small
pay108597,cus2837,mer41,2025-04-06 22:44:00,4946.37,upi,bank_a,utility_bills,bank_server_timeout,1,0.8096,0,,0.4635,0.5051,0.5156,0.2942,0.2631,1,22,6,6,8.506611401234586,medium
pay102405,cus2730,mer18,2025-05-30 03:20:00,272.9,debit_card,bank_c,food_delivery,otp_expired,2,0.6397,0,,0.0901,0.4723,0.477,0.0698,0.3282,0,3,4,30,5.612763076269032,small
pay116482,cus3565,mer26,2025-01-06 20:07:00,204.46,upi,bank_g,ecommerce,network_timeout,1,0.6844,1,0.0,0.1096,0.58,0.3026,0.0,0.3879,0,20,0,6,5.325251367788118,small
pay108730,cus3013,mer63,2025-04-18 12:19:00,799.41,upi,bank_g,ecommerce,insufficient_funds,1,0.4723,0,,0.1802,0.1797,0.4582,0.0,0.5024,0,12,4,18,6.685124096384656,medium
pay107649,cus2970,mer5,2025-05-11 03:05:00,437.04,upi,bank_d,education_fees,issuer_decline,4,0.5148,1,1.0,0.9238,0.1842,0.0388,0.3275,0.1768,1,3,6,11,6.0823102304075585,small
pay107844,cus1120,mer3,2025-02-01 11:36:00,105.16,upi,bank_g,education_fees,bank_server_timeout,2,0.8117,1,0.0,0.0909,0.3495,0.4533,0.5186,0.4147,1,11,5,1,4.664947390023952,small
pay112936,cus1304,mer97,2025-04-22 07:20:00,50.0,upi,bank_a,food_delivery,insufficient_funds,4,0.6265,1,0.0,0.2236,0.2363,0.5562,0.1175,0.3881,0,7,1,22,3.9318256327243257,small
pay117834,cus1378,mer11,2025-06-19 20:04:00,227.0,upi,bank_a,food_delivery,insufficient_funds,2,0.5044,1,0.0,0.0737,0.1309,0.6033,0.1223,0.245,0,20,3,19,5.429345628954441,small
pay112317,cus366,mer49,2025-01-01 17:02:00,417.17,upi,bank_i,food_delivery,otp_expired,2,0.5202,1,1.0,0.1616,0.3808,0.2785,0.1944,0.4634,0,17,2,1,6.0358880484099044,small
pay104616,cus884,mer100,2025-02-22 16:48:00,3209.39,debit_card,bank_i,utility_bills,issuer_decline,1,0.467,0,,0.2841,0.3477,0.3132,0.0,0.0,1,16,5,22,8.074147704071205,medium
pay110934,cus3039,mer119,2025-03-25 09:36:00,654.39,debit_card,bank_h,education_fees,duplicate_payment_block,3,0.3858,1,0.0,0.2595,0.2298,0.1639,0.0,0.1127,0,9,1,25,6.485230478290515,medium
pay107223,cus1341,mer62,2025-02-28 22:51:00,189.55,debit_card,bank_d,subscription_saas,card_expired,4,0.0433,0,,0.3796,0.0035,0.1787,0.0,0.002,0,22,4,28,5.249914627319869,small
pay107588,cus3890,mer81,2025-01-19 01:50:00,408.68,upi,bank_d,travel,insufficient_funds,1,0.4452,0,,0.2903,0.3118,0.5814,0.0808,0.4582,1,1,6,19,6.015376367154295,small
pay103752,cus1570,mer65,2025-06-22 21:36:00,502.17,upi,bank_f,food_delivery,card_expired,3,0.0263,0,,0.1129,0.0931,0.0376,0.2519,0.0,1,21,6,22,6.220928085167009,medium
pay113712,cus1876,mer4,2025-05-24 05:36:00,125.99,netbanking,bank_b,subscription_saas,card_expired,2,0.0,0,,0.1771,0.0791,0.0,0.1961,0.0,1,5,5,24,4.844108343200942,small
pay111048,cus1474,mer46,2025-01-10 10:31:00,475.33,upi,bank_c,subscription_saas,insufficient_funds,2,0.4312,0,,0.2115,0.2381,0.4511,0.0668,0.5698,0,10,4,10,6.1661108913366425,small
pay112367,cus2324,mer115,2025-04-29 21:39:00,243.23,debit_card,bank_h,education_fees,network_timeout,1,0.7423,1,0.0,0.1944,0.6551,0.1843,0.2361,0.2668,0,21,1,29,5.498110404253996,small
pay117035,cus490,mer23,2025-01-30 07:20:00,480.94,debit_card,bank_h,utility_bills,card_expired,4,0.0,0,,0.1955,0.0107,0.1937,0.0,0.0,0,7,3,30,6.177819624974356,small
pay115618,cus1979,mer70,2025-06-24 22:21:00,238.15,upi,bank_a,education_fees,upi_server_busy,4,0.7638,1,1.0,0.1031,0.5359,0.3611,0.3683,0.3991,0,22,1,24,5.477090970126306,small
pay101352,cus1796,mer3,2025-03-31 05:52:00,13479.38,upi,bank_c,travel,network_timeout,2,0.7739,1,1.0,0.4413,0.7907,0.4551,0.6233,0.3371,0,5,0,31,9.508990573979949,large
pay101187,cus2997,mer42,2025-04-18 17:25:00,78.56,upi,bank_b,ecommerce,upi_server_busy,4,0.9052,1,0.0,0.1303,0.6945,0.1968,0.7128,0.1814,0,17,4,18,4.3765114539857715,small
pay107007,cus1463,mer40,2025-04-27 01:51:00,5432.41,debit_card,bank_f,food_delivery,network_timeout,1,0.742,0,,0.4129,0.7737,0.2109,0.1273,0.3408,1,1,6,27,8.60032220845664,large
pay108504,cus3362,mer116,2025-01-28 12:43:00,672.0,debit_card,bank_a,ecommerce,network_timeout,4,0.7415,0,,0.1649,0.3931,0.293,0.1073,0.2623,0,12,1,28,6.511745329644728,medium
pay115992,cus1288,mer4,2025-03-03 16:37:00,2061.82,credit_card,bank_f,ecommerce,issuer_decline,4,0.4475,1,0.0,0.3157,0.4716,0.1695,0.1277,0.0,0,16,0,3,7.631829257689236,medium
pay100269,cus1067,mer115,2025-04-17 08:45:00,1478.9,debit_card,bank_a,ecommerce,insufficient_funds,4,0.5435,0,,0.2801,0.3221,0.6895,0.1584,0.4948,0,8,3,17,7.299729796907802,medium
pay111140,cus1709,mer34,2025-01-12 04:09:00,899.36,netbanking,bank_d,ecommerce,upi_server_busy,2,0.8968,1,1.0,0.3632,0.687,0.2473,0.6152,0.5323,1,4,6,12,6.802794683345637,medium
pay110272,cus285,mer29,2025-04-05 12:56:00,544.16,upi,bank_c,travel,otp_expired,4,0.6439,1,1.0,0.0846,0.3836,0.3824,0.1486,0.3964,1,12,5,5,6.301079329559312,medium
pay104579,cus3285,mer22,2025-02-22 14:47:00,67.77,credit_card,bank_a,subscription_saas,bank_server_timeout,1,0.7999,1,1.0,0.0012,0.9327,0.4718,0.0,0.0932,1,14,5,22,4.230767603331745,small
pay106939,cus267,mer48,2025-06-24 00:26:00,599.71,credit_card,bank_f,ecommerce,issuer_decline,1,0.4483,1,0.0,0.2275,0.0,0.0597,0.1021,0.0074,0,0,1,24,6.398112288962433,medium
pay106945,cus105,mer10,2025-04-10 10:05:00,6154.4,netbanking,bank_i,ecommerce,issuer_decline,1,0.5481,0,,0.478,0.1396,0.0161,0.0,0.2202,0,10,3,10,8.725085024321722,large
pay112519,cus3827,mer76,2025-02-14 03:49:00,7245.02,upi,bank_i,food_delivery,card_expired,1,0.1185,1,0.0,0.4438,0.0,0.0,0.0437,0.0,0,3,4,14,8.88820763159474,large
pay107121,cus971,mer109,2025-05-08 23:49:00,133.82,debit_card,bank_f,utility_bills,bank_server_timeout,1,0.7599,1,0.0,0.1474,0.6727,0.6342,0.0,0.4162,0,23,3,8,4.903940555425293,small
pay101148,cus3625,mer11,2025-05-05 01:10:00,1495.39,debit_card,bank_i,food_delivery,issuer_decline,3,0.4303,0,,0.2678,0.3206,0.317,0.0,0.221,0,1,0,5,7.310810819746503,medium
pay107503,cus3323,mer87,2025-04-03 01:49:00,626.47,upi,bank_i,education_fees,upi_server_busy,1,0.9028,1,1.0,0.1243,0.7288,0.4324,0.0,0.2118,0,1,3,3,6.441695861098124,medium
pay118330,cus1,mer49,2025-02-08 09:12:00,322.52,upi,bank_j,utility_bills,issuer_decline,4,0.5162,1,0.0,0.3714,0.0,0.1882,0.1312,0.1382,1,9,5,8,5.779260935832107,small
pay112608,cus2015,mer47,2025-03-02 23:02:00,885.57,upi,bank_h,education_fees,bank_server_timeout,4,0.8623,0,,0.2485,0.3771,0.5991,0.5595,0.3239,1,23,6,2,6.787360084607854,medium
pay100656,cus1964,mer78,2025-05-18 22:21:00,3328.94,credit_card,bank_d,travel,insufficient_funds,4,0.5656,0,,0.499,0.2495,0.5079,0.4086,0.3287,1,22,6,18,8.110709564794146,medium
pay115430,cus2437,mer22,2025-05-17 21:42:00,891.32,upi,bank_d,food_delivery,duplicate_payment_block,3,0.3195,0,,0.385,0.1758,0.0867,0.0,0.0694,1,21,5,17,6.793824812641244,medium
pay100596,cus293,mer96,2025-04-15 06:51:00,357.72,upi,bank_a,food_delivery,insufficient_funds,2,0.5001,1,0.0,0.2377,0.1765,0.4554,0.3563,0.6035,0,6,1,15,5.882542139883795,small
pay116877,cus1665,mer97,2025-06-18 18:09:00,272.08,upi,bank_i,food_delivery,bank_server_timeout,4,0.8636,1,1.0,0.2051,0.4516,0.3612,0.7371,0.4016,0,18,2,18,5.609764792550079,small
pay109550,cus2779,mer43,2025-05-22 23:33:00,283.78,upi,bank_j,education_fees,network_timeout,3,0.8133,1,1.0,0.2578,0.6365,0.4479,0.3396,0.1261,0,23,3,22,5.6517169523528485,small
pay103907,cus139,mer93,2025-06-24 15:17:00,4182.67,upi,bank_e,education_fees,issuer_decline,4,0.465,1,0.0,0.4625,0.1235,0.4163,0.1466,0.2625,0,15,1,24,8.338944130741282,medium
pay102634,cus3213,mer23,2025-01-15 23:41:00,1425.97,debit_card,bank_a,travel,bank_server_timeout,3,0.8314,1,1.0,0.2729,0.7977,0.5253,0.5909,0.5619,0,23,2,15,7.263308594130409,medium
pay111846,cus3920,mer100,2025-05-28 22:54:00,740.01,upi,bank_h,education_fees,otp_expired,2,0.5511,1,1.0,0.2087,0.4408,0.4553,0.335,0.1609,0,22,2,28,6.60801412048168,medium
pay100569,cus2118,mer119,2025-04-13 19:44:00,513.61,debit_card,bank_f,food_delivery,card_expired,4,0.0,0,,0.1591,0.0,0.0265,0.0,0.0,1,19,6,13,6.243409332227819,medium
pay110232,cus3278,mer68,2025-02-02 10:07:00,539.3,debit_card,bank_e,subscription_saas,bank_server_timeout,3,0.7799,1,0.0,0.2352,0.5222,0.3613,0.7717,0.2716,1,10,6,2,6.29212454085002,medium
pay111171,cus3083,mer65,2025-06-21 02:33:00,493.27,upi,bank_g,ecommerce,network_timeout,1,0.6555,1,0.0,0.2388,0.5208,0.3436,0.0,0.2246,1,2,5,21,6.203081926583569,small
pay115116,cus36,mer74,2025-04-22 08:16:00,424.66,debit_card,bank_c,travel,insufficient_funds,2,0.5605,1,0.0,0.2106,0.0489,0.6242,0.1469,0.4925,0,8,1,22,6.053640905534658,small
pay119562,cus1011,mer47,2025-04-04 00:27:00,304.54,upi,bank_i,food_delivery,bank_server_timeout,1,0.7758,0,,0.2057,0.7128,0.5344,0.1562,0.3127,0,0,4,4,5.722080702937577,small
pay114317,cus448,mer61,2025-02-04 18:07:00,2040.38,debit_card,bank_c,food_delivery,upi_server_busy,4,0.8403,1,1.0,0.4534,0.632,0.2556,0.7583,0.2864,0,18,1,4,7.621381328723404,medium
pay116687,cus680,mer44,2025-03-05 20:42:00,2528.92,upi,bank_d,travel,upi_server_busy,2,0.9105,1,1.0,0.5304,0.658,0.5687,0.6546,0.2161,0,20,2,5,7.835942960668266,medium
pay117227,cus3673,mer82,2025-01-13 13:33:00,442.08,upi,bank_e,education_fees,issuer_decline,2,0.4527,1,0.0,0.1919,0.3157,0.2975,0.2978,0.2323,0,13,0,13,6.093750340648732,small
pay119021,cus3905,mer108,2025-04-17 09:59:00,226.47,debit_card,bank_a,food_delivery,network_timeout,2,0.754,1,1.0,0.2101,0.6324,0.1853,0.4258,0.1568,0,9,3,17,5.42701836156377,small
pay108526,cus3694,mer62,2025-04-02 22:02:00,4420.1,upi,bank_i,travel,bank_server_timeout,1,0.8045,1,0.0,0.3887,0.8397,0.6413,0.0,0.1178,0,22,2,2,8.394143812887327,medium
pay103342,cus56,mer120,2025-01-18 19:31:00,764.49,upi,bank_d,food_delivery,network_timeout,2,0.7311,0,,0.4091,0.4431,0.2855,0.6798,0.4119,1,19,5,18,6.640516151655129,medium
pay104191,cus693,mer17,2025-03-03 16:15:00,868.18,debit_card,bank_b,ecommerce,issuer_decline,2,0.4203,1,1.0,0.0695,0.2729,0.0,0.0518,0.0,0,16,0,3,6.767550238453489,medium
pay101656,cus2882,mer92,2025-06-02 12:44:00,15037.55,debit_card,bank_e,food_delivery,otp_expired,4,0.5951,1,1.0,0.3036,0.2408,0.3628,0.2072,0.481,0,12,0,2,9.61837218328166,large
pay106783,cus3804,mer31,2025-05-06 18:06:00,6454.86,upi,bank_a,utility_bills,otp_expired,4,0.6785,0,,0.4682,0.3128,0.126,0.2624,0.4229,0,18,1,6,8.77274352446063,large
pay114534,cus1280,mer42,2025-02-28 21:01:00,289.18,upi,bank_a,ecommerce,insufficient_funds,4,0.5384,1,0.0,0.2204,0.0304,0.6448,0.1943,0.3314,0,21,4,28,5.670501420087539,small
pay109677,cus1658,mer72,2025-01-23 03:14:00,138.41,debit_card,bank_a,food_delivery,issuer_decline,3,0.4553,0,,0.0346,0.2665,0.1893,0.0901,0.0696,0,3,3,23,4.937419231764997,small
pay103744,cus2874,mer64,2025-02-13 11:35:00,2160.11,credit_card,bank_h,subscription_saas,network_timeout,1,0.7153,1,0.0,0.3211,0.6006,0.0334,0.1302,0.3135,0,11,3,13,7.678377257571423,medium
pay101155,cus1152,mer101,2025-04-16 16:23:00,7450.87,netbanking,bank_c,education_fees,bank_server_timeout,4,0.8863,0,,0.425,0.4321,0.1663,0.6003,0.2816,0,16,2,16,8.9162202865881,large
pay104331,cus1377,mer101,2025-02-18 15:52:00,95.27,upi,bank_f,ecommerce,network_timeout,2,0.7468,0,,0.1609,0.587,0.146,0.3294,0.191,0,15,1,18,4.567156743789875,small
pay100812,cus3718,mer66,2025-05-04 05:01:00,975.35,debit_card,bank_f,travel,issuer_decline,3,0.4173,1,0.0,0.232,0.0,0.3556,0.3196,0.3024,1,5,6,4,6.883821128686506,medium
pay111482,cus3498,mer78,2025-01-06 09:32:00,257.96,upi,bank_d,food_delivery,bank_server_timeout,3,0.7644,0,,0.3731,0.6832,0.558,0.5835,0.3994,0,9,0,6,5.556673609617989,small
pay119883,cus3145,mer80,2025-04-16 22:53:00,287.41,upi,bank_a,travel,insufficient_funds,4,0.4325,0,,0.1415,0.2,0.6898,0.0864,0.2186,0,22,2,16,5.664383078873463,small
pay103163,cus3627,mer53,2025-02-26 13:59:00,94.51,upi,bank_g,food_delivery,bank_server_timeout,4,0.8615,0,,0.153,0.6722,0.4103,0.8888,0.3355,0,13,2,26,4.5592309540466465,small
pay115646,cus2560,mer67,2025-03-19 19:44:00,3275.45,upi,bank_b,food_delivery,duplicate_payment_block,4,0.3123,0,,0.3734,0.0,0.1356,0.0486,0.1193,0,19,2,19,8.09451579817694,medium
pay112250,cus2013,mer67,2025-02-14 14:05:00,94.01,credit_card,bank_g,utility_bills,upi_server_busy,1,0.9262,1,1.0,0.1461,0.6553,0.3505,0.0237,0.4009,0,14,4,14,4.553982149218658,small
pay108355,cus733,mer84,2025-06-27 10:54:00,345.3,upi,bank_b,travel,insufficient_funds,1,0.4885,0,,0.1934,0.217,0.353,0.0304,0.2399,0,10,4,27,5.847305451408376,small
pay108289,cus654,mer76,2025-03-27 09:29:00,524.72,upi,bank_g,education_fees,issuer_decline,3,0.4933,0,,0.1708,0.2209,0.243,0.2475,0.1154,0,9,3,27,6.264768751613808,medium
pay108562,cus3240,mer14,2025-06-25 20:46:00,1185.23,upi,bank_b,ecommerce,upi_server_busy,1,0.8931,1,0.0,0.3078,0.5494,0.5164,0.014,0.3865,0,20,2,25,7.078535489929532,medium
pay103024,cus2570,mer36,2025-03-09 07:25:00,1266.86,upi,bank_j,subscription_saas,bank_server_timeout,3,0.8465,1,0.0,0.4049,0.6785,0.5839,0.6722,0.2275,1,7,6,9,7.14508571880689,medium
pay118302,cus3910,mer105,2025-03-10 20:49:00,539.69,upi,bank_i,education_fees,insufficient_funds,4,0.4836,0,,0.1003,0.0946,0.4148,0.4122,0.3444,0,20,0,10,6.292846101672824,medium
pay117066,cus2341,mer116,2025-06-25 05:20:00,175.35,credit_card,bank_h,travel,issuer_decline,4,0.4134,1,0.0,0.2096,0.2998,0.0801,0.1201,0.4161,0,5,2,25,5.172470656682061,small
pay119067,cus629,mer43,2025-03-30 21:16:00,234.33,netbanking,bank_f,travel,network_timeout,3,0.7437,1,1.0,0.1547,0.1961,0.1775,0.4738,0.0035,1,21,6,30,5.460988784418869,small
pay118159,cus1397,mer55,2025-03-02 09:47:00,1831.43,upi,bank_a,food_delivery,bank_server_timeout,2,0.7726,1,1.0,0.2411,0.6255,0.6942,0.7087,0.1546,1,9,6,2,7.513398233849753,medium
pay102479,cus1637,mer110,2025-01-25 05:52:00,5109.09,credit_card,bank_h,education_fees,insufficient_funds,3,0.5498,0,,0.4775,0.0155,0.8175,0.2982,0.458,1,5,5,25,8.538972295567113,large
pay119275,cus398,mer2,2025-04-25 05:08:00,1369.61,upi,bank_i,education_fees,bank_server_timeout,2,0.723,1,1.0,0.3222,0.8235,0.333,0.561,0.2032,0,5,4,25,7.223011175199819,medium
pay113932,cus2745,mer53,2025-02-10 23:28:00,92.04,debit_card,bank_j,ecommerce,insufficient_funds,4,0.5125,1,0.0,0.3938,0.2588,0.6607,0.2179,0.6535,0,23,0,10,4.533029508210409,small
pay114184,cus2101,mer91,2025-04-07 12:09:00,1002.74,upi,bank_j,ecommerce,network_timeout,4,0.7651,1,0.0,0.2445,0.7529,0.0401,0.5295,0.547,0,12,0,7,6.911488302571245,medium
pay105373,cus1300,mer75,2025-02-12 23:33:00,1064.65,debit_card,bank_f,food_delivery,insufficient_funds,3,0.4927,1,0.0,0.2379,0.2091,0.7244,0.049,0.1626,0,23,2,12,6.971340220607248,medium
pay113433,cus3662,mer48,2025-05-14 04:21:00,1249.42,debit_card,bank_i,utility_bills,bank_server_timeout,1,0.8189,1,0.0,0.3084,0.5775,0.474,0.0,0.2578,0,4,2,14,7.131234773860988,medium
pay102200,cus2316,mer101,2025-03-07 21:07:00,537.6,credit_card,bank_e,food_delivery,card_expired,4,0.019,0,,0.0694,0.0,0.0,0.0946,0.0,0,21,4,7,6.288973180377498,medium
pay103545,cus1066,mer1,2025-04-24 13:33:00,119.87,netbanking,bank_c,travel,issuer_decline,4,0.5376,1,0.0,0.1901,0.0887,0.0179,0.0,0.0771,0,13,3,24,4.794715587871366,small
pay112024,cus125,mer74,2025-06-15 15:28:00,1709.49,upi,bank_c,ecommerce,upi_server_busy,2,0.8216,1,1.0,0.3356,0.8443,0.4222,0.592,0.461,1,15,6,15,7.444535158156782,medium
pay109565,cus2559,mer56,2025-06-14 22:26:00,440.88,netbanking,bank_c,ecommerce,network_timeout,2,0.7872,1,0.0,0.1529,0.5942,0.2653,0.2361,0.355,1,22,5,14,6.091038352004074,small
pay118428,cus2647,mer82,2025-01-21 04:15:00,293.58,upi,bank_g,travel,insufficient_funds,2,0.5617,1,0.0,0.1522,0.1262,0.696,0.2415,0.4044,0,4,1,21,5.685550613061397,small
pay114446,cus3271,mer21,2025-05-23 19:16:00,145.27,netbanking,bank_e,utility_bills,insufficient_funds,3,0.4619,0,,0.2454,0.013,0.5427,0.1829,0.5354,0,19,4,23,4.985454228898997,small
pay115940,cus78,mer8,2025-03-11 06:19:00,78.73,debit_card,bank_c,food_delivery,insufficient_funds,1,0.4824,1,0.0,0.1366,0.1371,0.4745,0.0579,0.4132,0,6,1,11,4.378645926514404,small
pay107114,cus1789,mer15,2025-04-07 11:40:00,1916.73,credit_card,bank_j,food_delivery,issuer_decline,2,0.4095,0,,0.4648,0.0865,0.2664,0.295,0.0854,0,11,0,7,7.558897473897004,medium
pay110319,cus2497,mer77,2025-02-24 07:38:00,275.69,upi,bank_i,food_delivery,insufficient_funds,4,0.4853,1,0.0,0.1013,0.2611,0.7561,0.0506,0.2932,0,7,0,24,5.622897745915737,small
pay117813,cus2271,mer26,2025-03-15 05:28:00,209.81,upi,bank_a,food_delivery,issuer_decline,3,0.385,0,,0.2785,0.4454,0.399,0.2642,0.2723,1,5,5,15,5.350957253872216,small
pay101074,cus3970,mer36,2025-03-26 00:15:00,783.96,upi,bank_e,food_delivery,bank_server_timeout,1,0.8293,1,1.0,0.2142,0.6705,0.5653,0.0,0.3597,0,0,2,26,6.665632761070125,medium
pay115595,cus3790,mer1,2025-06-07 16:19:00,365.71,debit_card,bank_b,ecommerce,insufficient_funds,1,0.5235,0,,0.208,0.1849,0.652,0.0945,0.3267,1,16,5,7,5.904571344953613,small
pay114745,cus3601,mer61,2025-04-07 12:32:00,82823.84,upi,bank_d,food_delivery,insufficient_funds,1,0.5463,1,1.0,0.5615,0.2755,0.5743,0.0,0.3089,0,12,0,7,11.324483295382349,huge
pay110107,cus2433,mer7,2025-01-22 15:38:00,264.39,debit_card,bank_i,ecommerce,upi_server_busy,1,0.8634,1,1.0,0.7865,0.75,0.3886,0.1246,0.3135,0,15,2,22,5.581200442213105,small
pay104171,cus3713,mer103,2025-02-17 10:13:00,449.49,debit_card,bank_e,food_delivery,insufficient_funds,2,0.5128,0,,0.1605,0.0,0.5189,0.4216,0.3922,0,10,0,17,6.110335879243754,small
pay102498,cus2872,mer87,2025-01-06 19:37:00,429.39,upi,bank_j,subscription_saas,otp_expired,3,0.571,1,1.0,0.2873,0.3154,0.4535,0.083,0.2961,0,19,0,6,6.064691774376913,small
pay104731,cus2336,mer86,2025-05-04 08:08:00,252.08,upi,bank_j,utility_bills,issuer_decline,2,0.4479,0,,0.2808,0.3437,0.4239,0.1002,0.3837,1,8,6,4,5.533705644278683,small
pay112351,cus3366,mer18,2025-06-28 07:30:00,4360.47,upi,bank_a,utility_bills,insufficient_funds,4,0.5348,1,0.0,0.3806,0.4001,0.7654,0.1998,0.3327,1,7,5,28,8.380564435482084,medium
pay113517,cus234,mer76,2025-03-16 11:01:00,680.29,upi,bank_c,subscription_saas,insufficient_funds,2,0.4165,0,,0.2431,0.2294,0.4593,0.327,0.3052,1,11,6,16,6.523988059850091,medium
pay118839,cus1258,mer70,2025-06-25 15:41:00,629.37,netbanking,bank_c,education_fees,upi_server_busy,4,0.8484,1,1.0,0.1754,0.3674,0.1304,0.4881,0.3678,0,15,2,25,6.446306948578798,medium
pay106648,cus1855,mer86,2025-04-10 01:19:00,2712.58,netbanking,bank_g,education_fees,upi_server_busy,3,0.881,1,1.0,0.3931,0.7081,0.4148,0.7844,0.4091,0,1,3,10,7.906024075287404,medium
pay112926,cus2865,mer1,2025-05-07 13:43:00,165.76,debit_card,bank_d,education_fees,issuer_decline,2,0.568,0,,0.2536,0.1016,0.152,0.1328,0.0508,0,13,2,7,5.116555653012596,small
pay109857,cus752,mer117,2025-05-10 00:00:00,2165.76,netbanking,bank_f,food_delivery,issuer_decline,1,0.3812,0,,0.2734,0.2057,0.0003,0.3677,0.0,1,0,5,10,7.680988243210912,medium
pay111718,cus3997,mer82,2025-06-18 11:04:00,1538.59,upi,bank_f,food_delivery,issuer_decline,4,0.4482,1,1.0,0.2755,0.2925,0.1184,0.1314,0.0587,0,11,2,18,7.339271426194941,medium
pay103859,cus953,mer23,2025-03-21 01:15:00,50.0,upi,bank_f,utility_bills,insufficient_funds,1,0.4556,0,,0.1968,0.2429,0.6126,0.0,0.4774,0,1,4,21,3.9318256327243257,small
pay103791,cus3085,mer21,2025-02-01 20:38:00,540.65,upi,bank_g,subscription_saas,duplicate_payment_block,4,0.3093,0,,0.1958,0.1307,0.1777,0.079,0.064,1,20,5,1,6.294620036391576,medium
pay101737,cus317,mer94,2025-01-18 23:24:00,373.25,upi,bank_c,utility_bills,account_blocked,3,0.0427,0,,0.1316,0.0908,0.034,0.0452,0.0,1,23,5,18,5.924924023299738,small
pay112606,cus292,mer51,2025-04-19 16:49:00,5642.44,netbanking,bank_a,education_fees,bank_server_timeout,3,0.7794,1,0.0,0.4285,0.4299,0.4102,0.7486,0.2802,1,16,5,19,8.638249087638979,large
pay116854,cus3640,mer42,2025-04-11 21:58:00,321.11,upi,bank_g,food_delivery,insufficient_funds,1,0.4528,1,1.0,0.211,0.4029,0.4288,0.3142,0.3596,0,21,4,11,5.774893102114154,small
pay107159,cus2771,mer46,2025-01-14 06:26:00,2916.84,credit_card,bank_a,education_fees,issuer_decline,3,0.5065,0,,0.3229,0.1532,0.0745,0.0749,0.0304,0,6,1,14,7.978598895502633,medium
pay116009,cus1672,mer93,2025-05-20 14:50:00,676.05,credit_card,bank_h,ecommerce,bank_server_timeout,4,0.876,1,1.0,0.1659,0.6151,0.3933,0.7154,0.273,0,14,1,20,6.517745125428833,medium
pay114801,cus565,mer86,2025-04-07 17:22:00,1044.62,debit_card,bank_b,food_delivery,bank_server_timeout,2,0.7267,1,0.0,0.257,0.5878,0.4705,0.6519,0.327,0,17,0,7,6.952365289900606,medium
pay117666,cus2999,mer69,2025-04-13 23:29:00,851.59,netbanking,bank_i,food_delivery,issuer_decline,3,0.4767,0,,0.3594,0.0797,0.4374,0.3957,0.1524,1,23,6,13,6.748278775432864,medium
pay108964,cus509,mer75,2025-06-06 08:49:00,422.26,netbanking,bank_g,travel,upi_server_busy,4,0.8151,1,0.0,0.0856,0.6162,0.2694,0.5165,0.5593,0,8,4,6,6.047986647432308,small
pay101782,cus978,mer44,2025-01-05 06:19:00,190.6,debit_card,bank_d,utility_bills,upi_server_busy,2,0.9194,1,1.0,0.8453,0.8602,0.5832,0.4788,0.4363,1,6,6,5,5.25540986553676,small
pay107481,cus404,mer64,2025-02-08 00:21:00,67.16,upi,bank_j,ecommerce,issuer_decline,4,0.4983,1,0.0,0.2844,0.1105,0.2491,0.0268,0.083,1,0,5,8,4.221857882521061,small
pay112192,cus3778,mer57,2025-03-19 04:02:00,460.85,upi,bank_i,subscription_saas,network_timeout,4,0.71,0,,0.162,0.9339,0.3744,0.4997,0.5277,0,4,2,19,6.1352401630386195,small
pay102699,cus2514,mer92,2025-01-22 07:29:00,328.16,debit_card,bank_j,food_delivery,bank_server_timeout,1,0.8397,1,0.0,0.3446,0.7632,0.5816,0.0836,0.2361,0,7,2,22,5.796543954737512,small
pay115703,cus2967,mer114,2025-06-01 03:46:00,452.53,upi,bank_g,subscription_saas,insufficient_funds,3,0.5144,0,,0.1217,0.3211,0.6995,0.2882,0.4048,1,3,6,1,6.117061419517179,small
pay117202,cus1205,mer26,2025-05-18 03:43:00,3359.97,upi,bank_d,travel,network_timeout,4,0.7454,1,1.0,0.5536,0.742,0.3109,0.4338,0.2664,1,3,6,18,8.119984901770364,medium
pay112837,cus317,mer91,2025-06-08 01:06:00,155.24,upi,bank_j,ecommerce,bank_server_timeout,4,0.836,1,1.0,0.4058,0.8373,0.5737,0.7124,0.4509,1,1,6,8,5.051393286568423,small
pay116454,cus2939,mer120,2025-01-29 04:37:00,585.91,upi,bank_j,education_fees,upi_server_busy,1,0.7022,1,1.0,0.3452,0.7912,0.3597,0.0,0.2932,0,4,2,29,6.37487148609693,medium
pay109715,cus1079,mer109,2025-04-24 10:37:00,3926.75,credit_card,bank_a,subscription_saas,bank_server_timeout,2,0.821,1,1.0,0.4328,0.8351,0.6862,0.6454,0.463,0,10,3,24,8.275822021827707,medium
pay114284,cus3813,mer86,2025-02-14 18:56:00,295.9,upi,bank_e,food_delivery,issuer_decline,1,0.4556,0,,0.1061,0.2076,0.0339,0.0,0.0804,0,18,4,14,5.693395381769714,small
pay108381,cus2165,mer108,2025-01-15 12:56:00,436.86,upi,bank_f,utility_bills,network_timeout,2,0.7076,1,0.0,0.2509,0.3423,0.2841,0.3095,0.38,0,12,2,15,6.08189922457919,small
pay108383,cus2741,mer38,2025-05-11 06:18:00,768.09,debit_card,bank_j,utility_bills,bank_server_timeout,2,0.7514,0,,0.2945,0.8436,0.1968,0.4708,0.3359,1,6,6,11,6.645207997768103,medium
pay115244,cus1544,mer60,2025-03-23 20:57:00,756.05,credit_card,bank_a,ecommerce,otp_expired,2,0.6246,0,,0.2309,0.221,0.3968,0.4018,0.1685,1,20,6,23,6.629429301454381,medium
pay107928,cus1943,mer56,2025-06-17 17:56:00,624.59,credit_card,bank_b,travel,duplicate_payment_block,1,0.2937,1,0.0,0.178,0.292,0.2615,0.0,0.0,0,17,1,17,6.438695204448614,medium
pay115467,cus1434,mer7,2025-02-13 08:48:00,255.58,upi,bank_d,ecommerce,insufficient_funds,3,0.4831,0,,0.3183,0.2877,0.6896,0.052,0.3141,0,8,3,13,5.547440506821195,small
pay111794,cus1061,mer31,2025-01-26 14:20:00,272.43,upi,bank_i,subscription_saas,bank_server_timeout,2,0.8596,1,1.0,0.1759,0.8207,0.4946,0.723,0.1373,1,14,6,26,5.611045647604334,small
pay100049,cus2488,mer73,2025-05-21 02:37:00,1358.24,upi,bank_i,food_delivery,upi_server_busy,2,0.852,0,,0.2106,0.7638,0.4193,0.5707,0.5075,0,2,2,21,7.214680999000622,medium
pay116870,cus3863,mer61,2025-04-28 02:42:00,239.63,debit_card,bank_h,education_fees,account_blocked,2,0.0,0,,0.1098,0.0,0.1237,0.0,0.0058,0,2,0,28,5.4832604840469426,small
pay107522,cus503,mer78,2025-03-27 19:32:00,291.98,upi,bank_g,ecommerce,network_timeout,2,0.7693,1,1.0,0.1947,0.2153,0.2702,0.4592,0.3255,0,19,3,27,5.680104347301624,small
pay101356,cus3017,mer69,2025-03-03 22:22:00,50.0,netbanking,bank_b,food_delivery,bank_server_timeout,4,0.7846,1,1.0,0.1824,0.6315,0.5445,0.6635,0.4026,0,22,0,3,3.9318256327243257,small
pay113918,cus1012,mer1,2025-02-13 16:15:00,430.57,upi,bank_f,food_delivery,insufficient_funds,4,0.5183,1,0.0,0.0583,0.3209,0.416,0.3284,0.4234,0,16,3,13,6.067429722163682,small
pay114924,cus3649,mer14,2025-05-14 07:18:00,1063.57,credit_card,bank_a,utility_bills,duplicate_payment_block,2,0.2744,0,,0.2712,0.0,0.0596,0.0,0.1269,0,7,2,14,6.970326240743634,medium
pay117038,cus1553,mer1,2025-01-05 20:05:00,671.81,debit_card,bank_d,food_delivery,insufficient_funds,2,0.5115,1,0.0,0.3466,0.0652,0.6516,0.1805,0.3062,1,20,6,5,6.511462971806307,medium
pay100353,cus2997,mer67,2025-03-20 07:37:00,5338.45,upi,bank_b,subscription_saas,issuer_decline,2,0.4278,0,,0.5092,0.2166,0.1326,0.3095,0.0175,0,7,3,20,8.58287793039508,large
pay104489,cus3798,mer64,2025-03-11 11:11:00,493.24,credit_card,bank_h,ecommerce,bank_server_timeout,1,0.8525,1,0.0,0.2396,0.4237,0.3912,0.0457,0.5708,0,11,1,11,6.203021229170272,small
pay101644,cus3194,mer115,2025-01-24 18:21:00,3574.38,upi,bank_j,travel,bank_server_timeout,3,0.7342,1,0.0,0.4878,0.6083,0.3601,0.6349,0.3807,0,18,4,24,8.181826743185626,medium
pay116013,cus3277,mer105,2025-04-09 04:31:00,2404.48,upi,bank_d,education_fees,bank_server_timeout,3,0.8165,1,1.0,0.5645,0.6337,0.61,0.6664,0.4804,0,4,2,9,7.785504746825169,medium
pay119811,cus3111,mer116,2025-01-05 04:28:00,514.42,netbanking,bank_b,education_fees,insufficient_funds,1,0.4558,1,0.0,0.1396,0.1632,0.6138,0.1041,0.2896,1,4,6,5,6.244982102277174,medium
pay100046,cus1554,mer84,2025-03-22 05:22:00,442.86,upi,bank_b,ecommerce,account_blocked,3,0.0736,0,,0.0444,0.0941,0.3768,0.0,0.184,1,5,5,22,6.095509197394583,small
pay110388,cus510,mer72,2025-01-22 09:59:00,276.8,debit_card,bank_g,ecommerce,network_timeout,1,0.7357,1,0.0,0.186,0.6444,0.1459,0.0,0.4008,0,9,2,22,5.626901430320244,small
pay101746,cus3551,mer31,2025-06-27 20:16:00,255.29,upi,bank_i,ecommerce,upi_server_busy,2,0.8755,0,,0.1666,0.6592,0.3427,0.6833,0.5122,0,20,4,27,5.546309615831637,small
pay112538,cus3184,mer111,2025-01-31 09:06:00,580.55,netbanking,bank_d,utility_bills,bank_server_timeout,2,0.8221,1,0.0,0.294,0.5679,0.3256,0.5481,0.3066,0,9,4,31,6.365696952785048,medium
pay113149,cus1381,mer11,2025-03-19 23:05:00,534.78,upi,bank_h,food_delivery,otp_expired,3,0.6482,0,,0.2559,0.3063,0.3913,0.005,0.3338,0,23,2,19,6.2837236290528695,medium
pay103463,cus3958,mer29,2025-01-10 03:48:00,915.82,debit_card,bank_e,ecommerce,insufficient_funds,4,0.5057,1,0.0,0.2914,0.2673,0.5777,0.0922,0.359,0,3,4,10,6.820911160731257,medium
pay105181,cus1982,mer85,2025-05-19 04:18:00,513.14,credit_card,bank_b,travel,network_timeout,4,0.7742,1,1.0,0.1444,0.7081,0.1695,0.2802,0.1915,0,4,0,19,6.2424956019090825,medium
pay100587,cus1045,mer3,2025-01-18 20:10:00,651.98,upi,bank_d,utility_bills,insufficient_funds,3,0.5294,0,,0.2827,0.1938,0.2965,0.1827,0.2454,1,20,5,18,6.481546500936025,medium
pay102411,cus3093,mer41,2025-01-09 21:39:00,128.87,netbanking,bank_h,ecommerce,network_timeout,3,0.7912,0,,0.1307,0.5799,0.2632,0.5809,0.5294,0,21,3,9,4.866533950121999,small
pay116999,cus2257,mer103,2025-01-02 02:19:00,1120.64,debit_card,bank_d,education_fees,bank_server_timeout,1,0.7657,0,,0.4059,0.6755,0.6915,0.0237,0.2464,0,2,3,2,7.022547178982492,medium
pay101605,cus267,mer37,2025-06-10 04:53:00,297.82,debit_card,bank_c,education_fees,insufficient_funds,1,0.4824,1,1.0,0.1989,0.4261,0.6517,0.0,0.5848,0,4,1,10,5.699841385422939,small
pay110657,cus1618,mer44,2025-03-20 19:09:00,1088.05,upi,bank_i,education_fees,network_timeout,4,0.7448,0,,0.2977,0.4108,0.3612,0.4102,0.2203,0,19,3,20,6.993061035561237,medium
pay112844,cus474,mer108,2025-05-06 01:54:00,4180.11,debit_card,bank_c,travel,issuer_decline,3,0.4854,0,,0.3626,0.2325,0.4331,0.1554,0.0234,0,1,1,6,8.338332040505811,medium
pay114669,cus1947,mer61,2025-03-12 00:41:00,5861.58,credit_card,bank_g,food_delivery,network_timeout,1,0.8076,1,1.0,0.3852,0.9678,0.1697,0.0,0.0842,0,0,2,12,8.676345058716866,large
pay105299,cus2195,mer26,2025-06-02 08:12:00,6987.14,upi,bank_d,food_delivery,network_timeout,2,0.7182,1,1.0,0.5896,0.7633,0.3578,0.3724,0.4473,0,8,0,2,8.851969705397853,large
pay115588,cus1959,mer60,2025-06-04 21:25:00,794.73,upi,bank_b,subscription_saas,upi_server_busy,2,0.8641,1,1.0,0.1686,0.702,0.0968,0.7759,0.3803,0,21,2,4,6.679259932324515,medium
pay116062,cus1933,mer80,2025-05-05 08:27:00,401.88,upi,bank_i,education_fees,card_expired,2,0.0717,0,,0.0,0.0,0.0,0.0159,0.0,0,8,0,5,5.998638750855982,small
pay118660,cus2338,mer48,2025-01-09 12:07:00,188.41,credit_card,bank_a,ecommerce,duplicate_payment_block,2,0.3184,0,,0.214,0.0,0.0374,0.0,0.0,0,12,3,9,5.24391397766865,small
pay114051,cus364,mer78,2025-04-04 23:48:00,8128.8,upi,bank_g,utility_bills,issuer_decline,1,0.3746,1,0.0,0.4503,0.1029,0.2408,0.0,0.185,0,23,4,4,9.003291601993263,large
pay108709,cus3205,mer24,2025-06-10 15:32:00,3582.23,upi,bank_f,subscription_saas,issuer_decline,2,0.4187,1,0.0,0.9673,0.0446,0.2291,0.2448,0.1896,0,15,1,10,8.184019907262597,medium
pay102296,cus3174,mer64,2025-01-31 03:07:00,117.58,upi,bank_j,education_fees,bank_server_timeout,2,0.768,1,0.0,0.3919,0.6455,0.5032,0.6986,0.0635,0,3,4,31,4.775587838279222,small
pay119665,cus521,mer39,2025-06-21 19:18:00,414.16,credit_card,bank_i,travel,upi_server_busy,3,0.7581,1,1.0,0.1608,0.4586,0.3305,0.7456,0.2962,1,19,5,21,6.0286639880970885,small
pay113242,cus2771,mer102,2025-03-03 02:50:00,2064.13,debit_card,bank_h,food_delivery,insufficient_funds,3,0.4051,0,,0.3429,0.2976,0.9519,0.0666,0.4581,0,2,0,3,7.632948457408771,medium
pay112474,cus3138,mer58,2025-05-29 15:07:00,107.4,upi,bank_h,ecommerce,bank_server_timeout,3,0.7209,1,0.0,0.0639,0.6054,0.5572,0.5318,0.2715,0,15,3,29,4.685828089005546,small
pay107166,cus2293,mer93,2025-04-17 02:53:00,868.95,upi,bank_i,ecommerce,otp_expired,3,0.6156,1,0.0,0.1369,0.581,0.4256,0.2614,0.2699,0,2,3,17,6.768435738732725,medium
pay107462,cus899,mer95,2025-02-08 03:05:00,2394.01,upi,bank_i,education_fees,card_expired,3,0.1115,0,,0.2242,0.0,0.1371,0.0781,0.1491,1,3,5,8,7.781142685201643,medium
pay111348,cus1340,mer80,2025-02-11 04:13:00,233.44,upi,bank_a,food_delivery,otp_expired,2,0.5556,1,1.0,0.1368,0.2638,0.4078,0.315,0.3814,0,4,1,11,5.457199691608229,small
pay117490,cus2180,mer22,2025-05-12 16:16:00,253.8,upi,bank_i,ecommerce,network_timeout,3,0.7762,1,0.0,0.1457,0.7174,0.4423,0.4974,0.5152,0,16,0,12,5.540478923698008,small
pay112722,cus1616,mer93,2025-01-25 12:26:00,2505.11,upi,bank_e,education_fees,upi_server_busy,4,0.9313,1,1.0,0.2753,1.0,0.1654,0.5849,0.3944,1,12,5,25,7.826487029145505,medium
pay104318,cus2964,mer102,2025-06-03 07:45:00,10785.21,debit_card,bank_e,ecommerce,issuer_decline,4,0.4681,1,0.0,0.514,0.2144,0.2914,0.1889,0.2,0,7,1,3,9.286023745390562,large
pay119490,cus3173,mer76,2025-05-23 16:41:00,655.45,upi,bank_b,utility_bills,bank_server_timeout,3,0.9059,1,1.0,0.1326,0.5378,0.3399,0.6307,0.4347,0,16,4,23,6.486846529380119,medium
pay109694,cus3306,mer17,2025-01-22 08:08:00,1546.1,upi,bank_d,travel,insufficient_funds,2,0.5644,0,,0.3993,0.0469,0.4832,0.2562,0.4448,0,8,2,22,7.344137489725023,medium
pay114381,cus338,mer76,2025-04-05 19:03:00,213.8,debit_card,bank_j,food_delivery,insufficient_funds,3,0.5188,0,,0.308,0.0065,0.5166,0.2366,0.5944,1,19,5,5,5.36970736263471,small
pay113368,cus3139,mer109,2025-04-08 17:59:00,1052.89,upi,bank_f,food_delivery,network_timeout,4,0.8774,1,0.0,0.2733,0.5916,0.183,0.3699,0.4426,0,17,1,8,6.960243359328596,medium
pay113923,cus219,mer62,2025-02-01 15:03:00,88.56,upi,bank_j,education_fees,account_blocked,2,0.0526,0,,0.2823,0.0,0.0,0.0209,0.106,1,15,5,1,4.494908791730554,small
pay113995,cus1115,mer70,2025-03-12 10:47:00,846.24,upi,bank_b,ecommerce,insufficient_funds,4,0.5034,1,0.0,0.2042,0.2715,0.3836,0.2081,0.2644,0,10,2,12,6.741984007525797,medium
pay119340,cus1541,mer5,2025-02-20 04:46:00,68.55,netbanking,bank_j,subscription_saas,bank_server_timeout,2,0.808,1,0.0,0.3846,0.4344,0.4987,0.6777,0.3499,0,4,3,20,4.242045918369452,small
pay113424,cus3271,mer85,2025-06-08 23:04:00,2063.42,upi,bank_g,education_fees,insufficient_funds,4,0.4894,0,,0.3679,0.3819,0.6754,0.084,0.1937,1,23,6,8,7.632604594272596,medium
pay117868,cus1766,mer24,2025-04-23 20:49:00,2032.23,upi,bank_h,utility_bills,insufficient_funds,4,0.4848,1,0.0,0.2484,0.3353,0.7268,0.2684,0.6476,0,20,2,23,7.617380940529799,medium
pay102572,cus331,mer73,2025-05-12 11:46:00,2311.85,upi,bank_b,ecommerce,account_blocked,1,0.0005,0,,0.3515,0.1685,0.0177,0.0,0.0,0,11,0,12,7.746235809285471,medium
pay112405,cus1416,mer72,2025-04-11 13:59:00,533.72,credit_card,bank_c,food_delivery,account_blocked,3,0.0,0,,0.1724,0.08,0.0,0.2116,0.076,0,13,4,11,6.2817432454070286,medium
pay112144,cus2890,mer57,2025-03-18 07:03:00,356.38,upi,bank_i,utility_bills,otp_expired,3,0.6393,1,0.0,0.1616,0.5169,0.6804,0.0,0.5741,0,7,1,18,5.878799641450515,small
pay109291,cus3561,mer39,2025-06-29 01:34:00,321.4,debit_card,bank_e,food_delivery,issuer_decline,2,0.4573,0,,0.2511,0.2905,0.0524,0.035,0.0,1,1,6,29,5.775793010632473,small
pay107985,cus2463,mer55,2025-01-15 12:32:00,16224.57,upi,bank_d,food_delivery,network_timeout,2,0.6655,0,,0.5797,0.4195,0.1288,0.3581,0.3204,0,12,2,15,9.694343671925937,large
pay100369,cus1986,mer104,2025-05-19 23:06:00,1127.59,upi,bank_a,education_fees,upi_server_busy,2,0.88,1,0.0,0.2479,0.7364,0.3618,0.7388,0.4061,0,23,0,19,7.028724344960609,medium
pay104470,cus2717,mer4,2025-03-14 09:35:00,111.79,upi,bank_d,food_delivery,insufficient_funds,3,0.5069,0,,0.2779,0.3343,0.7637,0.3591,0.3491,0,9,4,14,4.725527682651825,small
pay106217,cus741,mer68,2025-02-03 14:30:00,258.74,debit_card,bank_c,subscription_saas,upi_server_busy,2,0.8521,1,1.0,0.1996,0.6666,0.3024,0.6991,0.4152,0,14,0,3,5.559681130681944,small
pay114316,cus2624,mer37,2025-03-23 04:15:00,2455.13,upi,bank_c,utility_bills,bank_server_timeout,4,0.7637,1,1.0,0.4309,0.7655,0.5004,0.7637,0.4554,1,4,6,23,7.806342219462297,medium
pay103901,cus2158,mer7,2025-06-21 08:20:00,138.46,debit_card,bank_g,ecommerce,upi_server_busy,3,0.8249,1,1.0,0.0529,0.6976,0.3623,0.7832,0.2476,1,8,5,21,4.9377778217928645,small
pay103710,cus1930,mer53,2025-03-06 19:10:00,5231.96,debit_card,bank_a,education_fees,otp_expired,2,0.6044,1,1.0,0.3927,0.2321,0.285,0.0,0.2293,0,19,3,6,8.562732362544025,large
pay118362,cus3185,mer7,2025-04-23 08:34:00,1394.02,upi,bank_j,education_fees,issuer_decline,1,0.4203,1,1.0,0.406,0.3503,0.1673,0.0048,0.2306,0,8,2,23,7.240664031070256,medium
pay114322,cus2156,mer24,2025-03-05 07:46:00,756.48,upi,bank_c,food_delivery,issuer_decline,2,0.4389,1,0.0,0.1812,0.2691,0.0802,0.3779,0.1569,0,7,2,5,6.629997134394705,medium
pay101571,cus3545,mer63,2025-03-07 01:50:00,559.28,upi,bank_e,education_fees,upi_server_busy,1,0.8798,1,0.0,0.1955,0.5969,0.5667,0.0,0.347,0,1,4,7,6.328436658770846,medium
pay112177,cus1918,mer77,2025-03-04 18:04:00,2853.79,upi,bank_d,utility_bills,account_blocked,2,0.0774,0,,0.5518,0.0,0.092,0.0,0.0,0,18,1,4,7.956753564218422,medium
pay118826,cus1229,mer57,2025-04-21 00:26:00,2667.51,netbanking,bank_h,education_fees,insufficient_funds,2,0.485,0,,0.3102,0.0,0.3341,0.312,0.5544,0,0,0,21,7.8892755431906245,medium
pay109588,cus2588,mer90,2025-04-01 09:14:00,50.0,upi,bank_d,ecommerce,upi_server_busy,1,0.853,1,1.0,0.2613,0.8073,0.5639,0.0,0.4144,0,9,1,1,3.9318256327243257,small
pay106086,cus3906,mer93,2025-03-22 02:18:00,534.54,upi,bank_h,education_fees,issuer_decline,4,0.4487,0,,0.0704,0.4083,0.1102,0.2548,0.0378,1,2,5,22,6.28327558364344,medium
pay111078,cus3745,mer76,2025-05-14 18:26:00,1283.45,upi,bank_c,ecommerce,upi_server_busy,2,0.8119,1,1.0,0.2835,0.6486,0.3899,0.824,0.3481,0,18,2,14,7.158085890140311,medium
pay100272,cus2629,mer46,2025-01-28 06:28:00,89.76,upi,bank_h,travel,issuer_decline,3,0.4949,1,0.0,0.284,0.2328,0.1725,0.1223,0.1931,0,6,1,28,4.508218659911641,small
pay102803,cus117,mer116,2025-01-12 08:40:00,2672.71,debit_card,bank_j,ecommerce,issuer_decline,3,0.4354,0,,0.5949,0.2003,0.2138,0.3246,0.0,1,8,6,12,7.891222300022905,medium
pay108300,cus1481,mer107,2025-06-27 09:59:00,1219.3,upi,bank_c,food_delivery,bank_server_timeout,2,0.8052,0,,0.2046,0.9406,0.8221,0.9591,0.3511,0,9,4,27,7.106852009137794,medium
pay113247,cus3945,mer42,2025-03-19 00:35:00,7783.73,upi,bank_d,utility_bills,issuer_decline,2,0.439,1,0.0,0.5517,0.3606,0.1639,0.1319,0.0106,0,0,2,19,8.959919401585736,large
pay114589,cus26,mer69,2025-04-27 07:30:00,797.87,upi,bank_h,subscription_saas,bank_server_timeout,4,0.8031,1,1.0,0.1689,0.7459,0.4495,0.7151,0.3493,1,7,6,27,6.68319822914942,medium
pay118609,cus965,mer61,2025-01-03 09:46:00,2320.58,upi,bank_h,ecommerce,network_timeout,3,0.715,0,,0.286,0.7809,0.4343,0.3731,0.3885,0,9,4,3,7.750003267344367,medium
pay119998,cus3724,mer24,2025-03-28 13:31:00,2590.54,upi,bank_a,education_fees,account_blocked,3,0.0681,0,,0.3163,0.0,0.0,0.0767,0.0,0,13,4,28,7.860007572586852,medium
pay109268,cus2407,mer39,2025-05-07 16:41:00,671.49,upi,bank_g,food_delivery,issuer_decline,1,0.4165,0,,0.2555,0.2991,0.1229,0.0828,0.0996,0,16,2,7,6.51098724147696,medium
pay110915,cus3879,mer49,2025-04-27 06:30:00,124.79,credit_card,bank_a,utility_bills,insufficient_funds,3,0.4371,0,,0.223,0.2269,0.7003,0.2624,0.5127,1,6,6,27,4.834613849850781,small
pay104851,cus2685,mer31,2025-05-11 15:02:00,668.19,debit_card,bank_g,utility_bills,upi_server_busy,4,0.8009,1,1.0,0.3339,0.6492,0.3908,0.6063,0.2321,1,15,6,11,6.506068025785238,medium
pay118554,cus916,mer64,2025-02-02 06:07:00,513.0,upi,bank_f,food_delivery,network_timeout,4,0.7598,1,1.0,0.2772,0.6899,0.5082,0.423,0.472,1,6,6,2,6.2422232654551655,medium
pay108570,cus2365,mer29,2025-06-18 01:38:00,1228.05,debit_card,bank_d,education_fees,network_timeout,1,0.7426,1,0.0,0.3271,0.6075,0.2674,0.0951,0.3147,0,1,2,18,7.11399679222099,medium
pay112544,cus3368,mer87,2025-04-21 23:05:00,1136.03,debit_card,bank_f,travel,bank_server_timeout,2,0.8672,1,0.0,0.2463,0.8857,0.4005,0.5143,0.4402,0,23,0,21,7.036174878626727,medium
pay101521,cus150,mer101,2025-05-09 01:56:00,1867.3,credit_card,bank_f,education_fees,card_expired,3,0.0024,0,,0.2105,0.0,0.0,0.0,0.0,0,1,4,9,7.532784205465791,medium
pay117776,cus1882,mer104,2025-05-30 02:35:00,1141.64,upi,bank_i,food_delivery,issuer_decline,4,0.4723,1,1.0,0.1997,0.2034,0.1022,0.4056,0.1641,0,2,4,30,7.041096653554373,medium
pay111579,cus1397,mer99,2025-03-25 08:16:00,130.72,upi,bank_d,education_fees,otp_expired,1,0.6869,0,,0.8428,0.1953,0.5389,0.0,0.206,0,8,1,25,4.880678457508163,small
pay108204,cus1724,mer36,2025-03-21 01:31:00,826.33,upi,bank_d,food_delivery,insufficient_funds,4,0.466,0,,0.4542,0.0,0.8431,0.144,0.3914,0,1,4,21,6.718203648079463,medium
pay106064,cus1924,mer92,2025-03-09 01:14:00,213.62,netbanking,bank_c,education_fees,upi_server_busy,4,0.848,1,0.0,0.184,0.5734,0.3188,0.7579,0.3578,1,1,6,9,5.3688690224989815,small
pay111050,cus371,mer4,2025-06-03 11:21:00,461.57,upi,bank_e,food_delivery,upi_server_busy,2,0.8421,1,1.0,0.1039,0.4601,0.397,0.588,0.1999,0,11,1,3,6.136797896851371,small
pay119997,cus3615,mer46,2025-03-06 05:16:00,610.35,netbanking,bank_b,travel,upi_server_busy,2,0.8349,1,1.0,0.2048,0.6797,0.1475,0.5746,0.4751,0,5,3,6,6.415669626590199,medium
pay114590,cus3104,mer9,2025-04-23 23:02:00,1641.33,upi,bank_a,education_fees,network_timeout,3,0.8515,1,0.0,0.3825,0.643,0.2229,0.6372,0.2852,0,23,2,23,7.403871244241157,medium
pay118449,cus3701,mer71,2025-01-09 19:53:00,2268.81,upi,bank_h,utility_bills,upi_server_busy,3,0.8781,1,1.0,0.3156,0.6641,0.3296,0.7531,0.4379,0,19,3,9,7.727451406531842,medium
pay118038,cus2232,mer94,2025-06-07 01:11:00,196.79,debit_card,bank_b,utility_bills,card_expired,4,0.0038,0,,0.1409,0.0689,0.0,0.118,0.0,1,1,5,7,5.287205861793318,small
pay100391,cus826,mer84,2025-02-02 06:26:00,363.88,debit_card,bank_c,food_delivery,insufficient_funds,3,0.4069,0,,0.1025,0.4906,1.0,0.1522,0.5652,1,6,6,2,5.899568532403445,small
pay116536,cus120,mer45,2025-04-29 22:08:00,1364.13,debit_card,bank_e,subscription_saas,bank_server_timeout,2,0.8012,1,1.0,0.3695,0.7091,0.3868,0.6698,0.3372,0,22,1,29,7.219004941179439,medium
pay103586,cus3652,mer68,2025-03-23 10:26:00,355.49,credit_card,bank_e,travel,issuer_decline,3,0.5334,0,,0.2002,0.0,0.2441,0.0604,0.0718,1,10,6,23,5.8763061889700445,small
pay107437,cus1186,mer117,2025-06-18 05:50:00,1789.0,upi,bank_c,education_fees,bank_server_timeout,4,0.7771,1,0.0,0.206,0.6655,0.4328,0.7783,0.3313,0,5,2,18,7.489970898834801,medium
pay101377,cus1786,mer56,2025-05-16 08:29:00,1607.17,debit_card,bank_g,subscription_saas,issuer_decline,4,0.5077,1,0.0,0.2244,0.176,0.2175,0.2198,0.3665,0,8,4,16,7.3828521655438335,medium
pay109399,cus3287,mer120,2025-05-20 15:08:00,5500.4,debit_card,bank_i,travel,otp_expired,3,0.6284,0,,0.3788,0.5066,0.3159,0.2499,0.2799,0,15,1,20,8.61275788428391,large
pay117616,cus1702,mer114,2025-02-17 07:02:00,258.75,upi,bank_f,ecommerce,issuer_decline,2,0.3967,0,,0.217,0.0362,0.2409,0.2826,0.3521,0,7,0,17,5.5597196299793366,small
pay112500,cus2024,mer30,2025-02-01 10:30:00,125.28,upi,bank_c,education_fees,insufficient_funds,2,0.5083,0,,0.1931,0.138,0.6839,0.1298,0.3235,1,10,5,1,4.838501663689791,small
pay117026,cus890,mer86,2025-02-23 02:08:00,3617.9,upi,bank_b,food_delivery,issuer_decline,4,0.5701,1,0.0,0.3824,0.292,0.2403,0.1726,0.3364,1,2,6,23,8.193925391239448,medium
pay114671,cus2373,mer52,2025-06-12 07:29:00,1478.77,debit_card,bank_f,food_delivery,issuer_decline,3,0.3869,0,,0.254,0.2129,0.3263,0.1061,0.1999,0,7,3,12,7.299641949276084,medium
pay104525,cus757,mer40,2025-03-24 12:11:00,361.95,netbanking,bank_g,food_delivery,card_expired,2,0.0329,0,,0.206,0.0427,0.1237,0.229,0.0069,0,12,0,24,5.89426508373085,small
pay115891,cus3633,mer91,2025-02-15 03:55:00,669.23,netbanking,bank_a,food_delivery,upi_server_busy,2,0.8293,0,,0.2704,0.3907,0.6095,0.5938,0.4342,1,3,5,15,6.507620937058774,medium
pay107315,cus287,mer80,2025-03-17 01:40:00,728.28,debit_card,bank_b,travel,network_timeout,2,0.7653,0,,0.1551,0.6253,0.3193,0.3899,0.2315,0,1,0,17,6.5920577460573195,medium
pay100408,cus2218,mer94,2025-06-18 04:30:00,2170.08,upi,bank_d,ecommerce,insufficient_funds,1,0.5274,1,0.0,0.4571,0.0211,0.8112,0.3026,0.4415,0,4,2,18,7.6829800185775365,medium
pay118886,cus3423,mer59,2025-03-13 10:33:00,101.68,upi,bank_f,food_delivery,upi_server_busy,1,0.8816,1,0.0,0.1648,0.4752,0.2945,0.114,0.3986,0,10,3,13,4.6316173560029394,small
pay117865,cus2173,mer59,2025-01-26 10:38:00,726.1,upi,bank_d,food_delivery,upi_server_busy,4,0.8723,1,1.0,0.4867,0.5445,0.4928,0.7243,0.414,1,10,6,26,6.5890640196560115,medium
pay114120,cus1565,mer106,2025-03-21 10:45:00,686.71,upi,bank_j,travel,upi_server_busy,2,0.8193,0,,0.2534,0.6964,0.3251,0.5053,0.509,0,10,4,21,6.533367237444439,medium
pay112101,cus2263,mer28,2025-03-19 17:35:00,3135.5,netbanking,bank_e,ecommerce,network_timeout,1,0.7934,0,,0.3277,0.4813,0.0418,0.0,0.0983,0,17,2,19,8.050862807536799,medium
pay104761,cus548,mer22,2025-06-02 13:55:00,545.88,debit_card,bank_f,food_delivery,insufficient_funds,2,0.4416,1,0.0,0.1799,0.2147,0.7128,0.29,0.4837,0,13,0,2,6.304229399927226,medium
pay109013,cus1108,mer39,2025-03-16 02:21:00,813.42,upi,bank_j,education_fees,insufficient_funds,1,0.494,1,0.0,0.4515,0.1112,0.4576,0.0203,0.5537,1,2,6,16,6.702476203451495,medium
pay119680,cus3311,mer17,2025-04-18 01:50:00,4071.92,upi,bank_j,education_fees,issuer_decline,3,0.537,0,,0.527,0.073,0.1172,0.1527,0.2084,0,1,4,18,8.312115465913655,medium
pay118026,cus984,mer50,2025-01-12 07:44:00,1293.16,upi,bank_f,ecommerce,bank_server_timeout,1,0.8118,0,,0.3228,0.8,0.6157,0.142,0.5752,1,7,6,12,7.165617115021439,medium
pay103211,cus3750,mer112,2025-02-19 17:13:00,97.33,upi,bank_j,travel,network_timeout,3,0.6991,1,1.0,0.3678,0.6817,0.3915,0.3341,0.0471,0,17,2,19,4.588329168792065,small
pay118917,cus1048,mer107,2025-04-16 14:57:00,837.01,credit_card,bank_f,subscription_saas,otp_expired,4,0.6594,1,0.0,0.1165,0.5282,0.5812,0.1431,0.331,0,14,2,16,6.731030033585108,medium
pay105313,cus2739,mer42,2025-03-12 23:55:00,576.29,upi,bank_a,ecommerce,issuer_decline,2,0.4389,0,,0.1978,0.47,0.2647,0.2894,0.3085,0,23,2,12,6.358344739900577,medium
pay108417,cus591,mer9,2025-03-22 18:51:00,296.48,credit_card,bank_f,ecommerce,upi_server_busy,3,0.8044,1,1.0,0.2214,0.6421,0.2156,0.5935,0.4377,1,18,5,22,5.6953469958350995,small
pay111822,cus2487,mer24,2025-04-13 02:33:00,184.79,upi,bank_c,travel,card_expired,3,0.0108,0,,0.03,0.0,0.2649,0.2349,0.3024,1,2,6,13,5.2246170036180795,small
pay109313,cus856,mer5,2025-06-08 18:37:00,812.89,upi,bank_e,food_delivery,bank_server_timeout,2,0.821,1,0.0,0.1537,0.6648,0.2515,0.6832,0.2406,1,18,6,8,6.70182522173583,medium
pay109017,cus1351,mer8,2025-05-17 03:15:00,2410.86,upi,bank_g,utility_bills,issuer_decline,2,0.435,1,0.0,0.2515,0.0203,0.2709,0.3392,0.2666,1,3,5,17,7.788153513044764,medium
pay109458,cus211,mer120,2025-05-20 07:50:00,527.68,upi,bank_d,education_fees,bank_server_timeout,2,0.7718,1,1.0,0.4198,0.861,0.5015,0.4879,0.1323,0,7,1,20,6.270383333889606,medium
pay118498,cus3689,mer111,2025-01-31 16:11:00,1726.68,debit_card,bank_j,ecommerce,bank_server_timeout,2,0.7777,0,,0.5004,0.5874,0.5568,0.6151,0.492,0,16,4,31,7.454534747029922,medium
pay104485,cus1204,mer101,2025-03-08 09:33:00,181.4,upi,bank_i,food_delivery,bank_server_timeout,2,0.7927,0,,0.1652,0.8693,0.3595,0.6989,0.4648,1,9,5,8,5.206202077640231,small
pay116146,cus1616,mer54,2025-03-08 15:59:00,6719.05,upi,bank_j,travel,card_expired,1,0.0,0,,0.7511,0.0,0.2424,0.0,0.3094,1,15,5,8,8.812850873965706,large
pay119550,cus2945,mer13,2025-01-20 09:01:00,838.7,upi,bank_f,food_delivery,insufficient_funds,2,0.5256,0,,0.311,0.3277,0.6847,0.1612,0.1764,0,9,0,20,6.733044685189517,medium
pay102865,cus3595,mer71,2025-01-07 07:57:00,66.65,upi,bank_g,subscription_saas,issuer_decline,4,0.3644,0,,0.0758,0.4096,0.0,0.1298,0.0646,0,7,1,7,4.214347354616797,small
pay109451,cus1206,mer102,2025-03-02 14:08:00,4584.75,debit_card,bank_f,food_delivery,card_expired,2,0.095,1,0.0,0.4533,0.0,0.0,0.0382,0.0084,1,14,6,2,8.43070894819446,medium
pay106852,cus3356,mer10,2025-05-02 23:05:00,438.91,debit_card,bank_h,food_delivery,bank_server_timeout,4,0.8011,1,1.0,0.1019,0.8781,0.1765,0.6808,0.3497,0,23,4,2,6.086570160535487,small
pay106118,cus1073,mer3,2025-04-01 18:46:00,2061.8,credit_card,bank_j,food_delivery,account_blocked,2,0.0205,0,,0.5069,0.0,0.0,0.1199,0.0408,0,18,1,1,7.631819562176804,medium
pay113771,cus1186,mer57,2025-06-22 06:25:00,430.19,upi,bank_e,travel,network_timeout,2,0.7632,1,1.0,0.1028,0.8855,0.296,0.6348,0.257,1,6,6,22,6.06654882823125,small
pay119888,cus2666,mer20,2025-02-25 13:30:00,152.38,credit_card,bank_g,education_fees,insufficient_funds,3,0.4554,1,1.0,0.2336,0.0201,0.5993,0.6408,0.5851,0,13,1,25,5.032918502336713,small
pay100627,cus3378,mer26,2025-03-08 03:39:00,354.19,credit_card,bank_g,travel,bank_server_timeout,4,0.8443,0,,0.176,0.6803,0.4974,0.7342,0.499,1,3,5,8,5.872652857568554,small
pay119357,cus1523,mer118,2025-01-22 03:05:00,1458.97,debit_card,bank_f,ecommerce,bank_server_timeout,1,0.7772,0,,0.4487,0.7385,0.445,0.2354,0.3562,0,3,2,22,7.2861711665460644,medium
pay106131,cus790,mer74,2025-03-22 06:51:00,853.56,upi,bank_c,utility_bills,network_timeout,1,0.6626,1,0.0,0.2357,0.7692,0.0932,0.1148,0.5039,1,6,5,22,6.75058671659146,medium
pay117193,cus917,mer5,2025-04-29 19:52:00,1266.69,upi,bank_e,ecommerce,insufficient_funds,2,0.6096,0,,0.1717,0.1913,0.4742,0.1263,0.2708,0,19,1,29,7.144951625611919,medium
pay119597,cus1819,mer40,2025-02-02 03:07:00,546.11,upi,bank_c,travel,network_timeout,4,0.7307,1,0.0,0.1305,0.6566,0.282,0.3298,0.3118,1,3,6,2,6.304649879096851,medium
pay101492,cus30,mer106,2025-01-06 06:21:00,50.84,upi,bank_e,education_fees,bank_server_timeout,4,0.7475,1,0.0,0.0822,0.5962,0.4155,0.477,0.3093,0,6,0,6,3.9481620520440193,small
pay117509,cus3122,mer77,2025-01-25 17:06:00,81.67,netbanking,bank_d,food_delivery,insufficient_funds,2,0.454,0,,1.0,0.0978,0.5379,0.0,0.2811,1,17,5,25,4.414856779264584,small
pay106151,cus3069,mer27,2025-06-13 05:25:00,2041.65,upi,bank_d,education_fees,issuer_decline,1,0.5004,1,0.0,0.5207,0.3072,0.1365,0.1367,0.2197,0,5,4,13,7.622003263450101,medium
pay114877,cus3443,mer94,2025-02-10 06:34:00,2939.02,netbanking,bank_j,education_fees,insufficient_funds,3,0.4737,1,0.0,0.5367,0.2945,0.6703,0.062,0.2398,0,6,0,10,7.986171663030677,medium
pay115202,cus17,mer96,2025-01-19 08:55:00,520.49,debit_card,bank_h,food_delivery,insufficient_funds,1,0.4158,1,0.0,0.217,0.4433,0.8209,0.0,0.4197,1,8,6,19,6.256690098801559,medium
pay109302,cus802,mer120,2025-04-10 01:59:00,899.3,netbanking,bank_b,ecommerce,bank_server_timeout,4,0.875,0,,0.159,0.7512,0.3992,0.6744,0.5425,0,1,3,10,6.802728041114431,medium
pay107654,cus2535,mer46,2025-01-24 07:24:00,1459.65,debit_card,bank_c,ecommerce,bank_server_timeout,3,0.8184,1,1.0,0.2584,0.853,0.5615,0.7956,0.4698,0,7,4,24,7.28663682110728,medium
pay113934,cus3765,mer28,2025-06-03 08:52:00,286.83,upi,bank_d,travel,bank_server_timeout,4,0.7738,1,0.0,0.2935,0.8265,0.6538,0.5031,0.3677,0,8,1,3,5.662370028075654,small
pay118896,cus3656,mer16,2025-02-15 21:08:00,6195.57,upi,bank_f,ecommerce,upi_server_busy,2,0.8037,1,1.0,0.433,0.3442,0.3544,0.6389,0.279,1,21,5,15,8.731751192140871,large
pay107461,cus1168,mer86,2025-06-18 12:44:00,539.98,netbanking,bank_b,education_fees,issuer_decline,3,0.4382,0,,0.2164,0.4313,0.0,0.0504,0.18,0,12,2,18,6.293382309586417,medium
pay108254,cus1498,mer9,2025-05-26 00:37:00,2878.13,upi,bank_a,ecommerce,issuer_decline,4,0.4193,0,,0.924,0.2108,0.2843,0.1218,0.1324,0,0,0,26,7.965243444160297,medium
pay115389,cus1732,mer41,2025-02-14 12:26:00,1606.57,credit_card,bank_h,food_delivery,issuer_decline,4,0.4173,1,0.0,0.3593,0.0,0.1916,0.1479,0.0976,0,12,4,14,7.382479001042374,medium
pay118039,cus3678,mer71,2025-05-27 21:58:00,1670.2,upi,bank_j,travel,otp_expired,3,0.6292,1,0.0,0.4329,0.459,0.3913,0.1125,0.368,0,21,1,27,7.421297210242356,medium
pay105338,cus2671,mer114,2025-03-12 02:00:00,50.0,debit_card,bank_b,utility_bills,insufficient_funds,1,0.4735,0,,0.1512,0.3019,0.8573,0.0,0.705,0,2,2,12,3.9318256327243257,small
pay105635,cus2130,mer18,2025-04-18 09:52:00,1045.4,debit_card,bank_c,utility_bills,insufficient_funds,3,0.4486,1,0.0,0.3553,0.3532,0.5935,0.129,0.2336,0,9,4,18,6.9531109807029345,medium
pay108397,cus168,mer67,2025-02-01 12:01:00,50.0,netbanking,bank_i,ecommerce,otp_expired,2,0.5572,0,,0.1323,0.2167,0.0989,0.1628,0.4585,1,12,5,1,3.9318256327243257,small
pay109364,cus2563,mer40,2025-03-03 13:16:00,82.68,credit_card,bank_h,food_delivery,network_timeout,3,0.6678,1,1.0,0.7011,0.6604,0.2746,0.4675,0.4079,0,13,0,3,4.427000000316613,small
pay106431,cus2875,mer100,2025-05-15 14:56:00,724.37,credit_card,bank_e,food_delivery,upi_server_busy,3,0.8127,1,1.0,0.1105,0.6564,0.4329,0.6882,0.3976,0,14,3,15,6.586681869500629,medium
pay104109,cus618,mer44,2025-02-28 07:15:00,682.49,netbanking,bank_e,ecommerce,insufficient_funds,4,0.5614,0,,0.1873,0.319,0.6798,0.211,0.2491,0,7,4,28,6.527212025479068,medium
pay108977,cus1355,mer118,2025-02-21 21:50:00,954.83,upi,bank_i,travel,insufficient_funds,1,0.4436,0,,0.2239,0.3326,0.4096,0.1504,0.4102,0,21,4,21,6.862580072971009,medium
pay104802,cus2083,mer71,2025-02-09 20:32:00,3991.37,upi,bank_a,education_fees,card_expired,2,0.0797,1,0.0,0.4083,0.0,0.0,0.0,0.0,1,20,6,9,8.292140318507073,medium
pay105884,cus3579,mer11,2025-01-24 13:15:00,338.41,debit_card,bank_a,ecommerce,bank_server_timeout,3,0.816,1,1.0,0.1399,0.6833,0.4217,0.3589,0.461,0,13,4,24,5.827208816125654,small
pay106226,cus3758,mer67,2025-04-18 04:02:00,4719.47,credit_card,bank_e,utility_bills,network_timeout,4,0.6919,1,1.0,0.3519,0.6889,0.0,0.3493,0.4113,0,4,4,18,8.4596636498934,medium
pay116026,cus1594,mer12,2025-01-19 04:39:00,555.25,upi,bank_f,utility_bills,network_timeout,4,0.7602,1,1.0,0.1319,0.4936,0.217,0.4127,0.1892,1,4,6,19,6.32121783348045,medium
pay112871,cus207,mer94,2025-03-11 22:28:00,1106.48,netbanking,bank_d,food_delivery,upi_server_busy,4,0.8929,0,,0.4237,0.8175,0.1742,0.586,0.6233,0,22,1,11,7.0098424430654855,medium
pay115734,cus2356,mer52,2025-06-13 10:24:00,50.0,netbanking,bank_a,food_delivery,upi_server_busy,1,0.9154,0,,0.1288,0.3935,0.1709,0.0812,0.3764,0,10,4,13,3.9318256327243257,small
pay102465,cus3671,mer38,2025-02-05 04:30:00,50.0,upi,bank_f,travel,upi_server_busy,2,0.8411,1,1.0,0.063,1.0,0.3497,0.6792,0.3014,0,4,2,5,3.9318256327243257,small
pay118286,cus1360,mer62,2025-01-10 10:10:00,107.29,debit_card,bank_d,food_delivery,insufficient_funds,1,0.5138,1,0.0,0.2444,0.3328,0.2918,0.0,0.5873,0,10,4,10,4.6848128136402885,small
pay119431,cus216,mer20,2025-02-13 03:49:00,649.02,netbanking,bank_g,education_fees,insufficient_funds,3,0.556,1,0.0,0.1179,0.1568,0.6962,0.0447,0.3573,0,3,3,13,6.477003131647089,medium
pay114464,cus2849,mer20,2025-05-19 09:18:00,273.3,debit_card,bank_i,utility_bills,bank_server_timeout,4,0.763,0,,0.2113,0.8558,0.2638,0.6145,0.2866,0,9,0,19,5.614222397943558,small
pay103031,cus3920,mer116,2025-02-19 01:34:00,207.9,upi,bank_e,ecommerce,network_timeout,2,0.7776,1,1.0,0.0745,0.5627,0.3981,0.462,0.4048,0,1,2,19,5.34185566856252,small
pay104194,cus1478,mer34,2025-04-12 14:52:00,231.6,credit_card,bank_c,subscription_saas,account_blocked,1,0.0959,0,,0.2318,0.0749,0.0213,0.0,0.0169,1,14,5,12,5.449320240084564,small
pay107572,cus3341,mer52,2025-02-05 01:57:00,857.54,credit_card,bank_b,travel,upi_server_busy,3,0.841,1,0.0,0.1949,0.8671,0.5036,0.4125,0.3805,0,1,2,5,6.7552332721466986,medium
pay106744,cus1046,mer2,2025-06-06 05:44:00,679.0,debit_card,bank_b,ecommerce,bank_server_timeout,3,0.8489,1,1.0,0.1751,0.8698,0.4894,0.7282,0.2923,0,5,4,6,6.522092798170152,medium
pay100925,cus1472,mer106,2025-06-20 06:50:00,1160.86,debit_card,bank_g,food_delivery,otp_expired,1,0.6112,1,1.0,0.3199,0.4683,0.6235,0.0,0.379,0,6,4,20,7.0577774482256155,medium
pay111192,cus3614,mer4,2025-05-03 00:09:00,241.27,upi,bank_c,education_fees,insufficient_funds,4,0.4044,0,,0.1455,0.3665,0.7308,0.1372,0.6388,1,0,5,3,5.4900528067025665,small
pay119434,cus3164,mer50,2025-01-16 12:31:00,478.67,netbanking,bank_e,food_delivery,insufficient_funds,2,0.5142,0,,0.1308,0.0,0.5841,0.3277,0.4089,0,12,3,16,6.173098367465439,small
pay104164,cus667,mer66,2025-05-09 14:04:00,239.65,upi,bank_i,ecommerce,bank_server_timeout,2,0.8328,1,1.0,0.132,0.7443,0.5914,0.8013,0.2452,0,14,4,9,5.483343595749118,small
pay115206,cus1060,mer20,2025-03-17 03:57:00,3061.48,credit_card,bank_i,education_fees,insufficient_funds,3,0.5916,1,0.0,0.4175,0.2899,0.335,0.136,0.2038,0,3,0,17,8.026980324219412,medium
pay106158,cus2156,mer18,2025-05-20 04:00:00,509.57,netbanking,bank_c,food_delivery,bank_server_timeout,2,0.8061,1,1.0,0.2195,0.7254,0.35,0.8001,0.3908,0,4,1,20,6.235527748674695,medium
pay111388,cus380,mer33,2025-01-30 17:24:00,482.2,upi,bank_a,utility_bills,bank_server_timeout,4,0.7924,1,0.0,0.1723,0.2841,0.4511,0.6033,0.3712,0,17,3,30,6.180430646620605,small
pay104068,cus948,mer1,2025-05-13 20:15:00,1389.57,credit_card,bank_f,food_delivery,otp_expired,1,0.5936,0,,0.2397,0.1779,0.1501,0.0729,0.4267,0,20,1,13,7.237469014010663,medium
pay107900,cus2494,mer59,2025-01-21 13:23:00,3738.49,upi,bank_e,food_delivery,otp_expired,3,0.6609,0,,0.4084,0.3441,0.2565,0.0477,0.5112,0,13,1,21,8.226704517473848,medium
pay113786,cus1507,mer86,2025-05-17 09:16:00,186.43,netbanking,bank_j,ecommerce,issuer_decline,1,0.4643,0,,0.4076,0.2168,0.0118,0.0703,0.0326,1,9,5,17,5.233405442370894,small
pay106041,cus881,mer59,2025-03-12 18:50:00,147.32,upi,bank_a,ecommerce,account_blocked,2,0.0082,0,,0.1361,0.0854,0.0293,0.1434,0.1004,0,18,2,12,4.999372101817545,small
pay102556,cus155,mer98,2025-05-24 17:38:00,208.41,upi,bank_f,food_delivery,insufficient_funds,4,0.4704,0,,0.2329,0.0136,0.589,0.2024,0.465,1,17,5,24,5.344294052788061,small
pay106732,cus2585,mer80,2025-04-16 13:13:00,18128.5,upi,bank_d,ecommerce,bank_server_timeout,2,0.7639,1,0.0,0.5757,0.5201,0.3817,0.5803,0.3516,0,13,2,16,9.805295724769593,large
pay112191,cus823,mer112,2025-03-09 10:03:00,1226.7,upi,bank_b,education_fees,otp_expired,3,0.6604,1,0.0,0.4086,0.466,0.4536,0.0,0.4606,1,10,6,9,7.1128977791867944,medium
pay100224,cus1998,mer9,2025-05-10 21:23:00,178.65,debit_card,bank_h,food_delivery,upi_server_busy,1,0.8407,1,1.0,0.1263,0.4712,0.2741,0.0077,0.4407,1,21,5,10,5.191010513559528,small
pay112439,cus2022,mer49,2025-03-20 13:04:00,477.29,upi,bank_a,food_delivery,issuer_decline,1,0.4246,0,,0.0352,0.1712,0.2722,0.0584,0.1169,0,13,3,20,6.170217243087384,small
pay107633,cus2533,mer97,2025-03-19 00:09:00,181.91,netbanking,bank_g,ecommerce,bank_server_timeout,4,0.9519,1,1.0,0.1556,0.7306,0.2877,0.5494,0.1858,0,0,2,19,5.208994228587835,small
pay102448,cus2283,mer47,2025-05-21 01:40:00,411.52,upi,bank_b,ecommerce,insufficient_funds,3,0.5331,0,,0.1649,0.1899,0.7859,0.1735,0.2683,0,1,2,21,6.0222846894478685,small
pay105240,cus2887,mer27,2025-03-05 04:19:00,385.13,credit_card,bank_e,utility_bills,issuer_decline,2,0.5006,0,,0.1439,0.3568,0.3415,0.1852,0.1306,0,4,2,5,5.956174100329396,small
pay111615,cus2450,mer119,2025-05-30 11:06:00,4023.34,upi,bank_c,food_delivery,issuer_decline,4,0.4594,1,0.0,0.3017,0.0988,0.3216,0.2686,0.1526,0,11,4,30,8.300116201251988,medium
pay106471,cus2646,mer58,2025-01-24 20:36:00,607.49,upi,bank_e,utility_bills,insufficient_funds,4,0.5541,1,0.0,0.1398,0.3316,0.5443,0.5485,0.3969,0,20,4,24,6.410980478438806,medium
pay115428,cus388,mer56,2025-02-08 00:37:00,2380.86,upi,bank_b,education_fees,issuer_decline,1,0.493,1,0.0,0.2585,0.1186,0.1052,0.1756,0.1532,1,0,5,8,7.7756369740485995,medium
pay119151,cus3999,mer86,2025-04-10 21:58:00,831.97,upi,bank_e,food_delivery,upi_server_busy,4,0.8855,1,1.0,0.2976,0.6195,0.2426,0.6564,0.4568,0,21,3,10,6.724997627112546,medium
pay108193,cus1270,mer73,2025-04-17 09:27:00,2493.83,upi,bank_f,utility_bills,issuer_decline,3,0.4463,0,,0.3393,0.3163,0.1563,0.192,0.1875,0,9,3,17,7.821975869591693,medium
pay101714,cus2728,mer11,2025-04-26 23:58:00,172.43,credit_card,bank_g,food_delivery,insufficient_funds,1,0.4558,0,,0.7916,0.2836,0.7647,0.0388,0.3803,1,23,5,26,5.155774059762495,small
pay106521,cus2859,mer34,2025-01-15 06:39:00,317.13,credit_card,bank_e,education_fees,otp_expired,2,0.6587,1,0.0,0.2062,0.5773,0.3346,0.2613,0.5658,0,6,2,15,5.762460104273613,small
pay107800,cus696,mer66,2025-03-19 06:27:00,2031.18,credit_card,bank_j,ecommerce,insufficient_funds,1,0.4777,0,,0.4732,0.5359,0.6206,0.0825,0.5458,0,6,2,19,7.616864387452324,medium
pay103281,cus868,mer97,2025-05-16 19:46:00,2885.56,netbanking,bank_j,travel,issuer_decline,4,0.4862,1,0.0,0.4683,0.0,0.2901,0.1251,0.1601,0,19,4,16,7.967820760704493,medium
pay109817,cus1340,mer106,2025-05-03 20:21:00,1620.72,credit_card,bank_h,subscription_saas,network_timeout,2,0.8105,1,0.0,0.3796,0.6289,0.2296,0.5158,0.3372,1,20,5,3,7.391242593386532,medium
pay105771,cus2861,mer8,2025-02-09 22:16:00,3410.32,debit_card,bank_g,education_fees,insufficient_funds,1,0.472,1,0.0,0.2987,0.1203,0.6318,0.0,0.3252,1,22,6,9,8.134854592149129,medium
pay103350,cus123,mer93,2025-01-29 14:59:00,231.42,credit_card,bank_j,food_delivery,otp_expired,2,0.5535,1,0.0,0.3098,0.4202,0.3425,0.4302,0.315,0,14,2,29,5.448546079794728,small
pay106502,cus1664,mer104,2025-04-03 03:15:00,8743.16,debit_card,bank_h,utility_bills,issuer_decline,2,0.5292,0,,0.4311,0.3044,0.3013,0.2349,0.1308,0,3,3,3,9.076141327950628,large
pay106918,cus3693,mer74,2025-01-15 04:50:00,4870.25,upi,bank_g,ecommerce,network_timeout,4,0.6701,1,1.0,0.4414,0.7734,0.1396,0.4455,0.2744,0,4,2,15,8.491105856652919,medium
pay105418,cus2279,mer64,2025-04-11 12:24:00,363.73,upi,bank_e,ecommerce,account_blocked,3,0.1381,0,,0.2584,0.0,0.0,0.1123,0.062,0,12,4,11,5.899157353822797,small
pay105918,cus3232,mer44,2025-05-03 14:17:00,5799.85,credit_card,bank_b,utility_bills,issuer_decline,4,0.4458,1,0.0,0.4146,0.2444,0.0429,0.2575,0.0811,1,14,5,3,8.665759737520993,large
pay108960,cus3166,mer36,2025-03-22 16:41:00,1760.42,upi,bank_b,food_delivery,upi_server_busy,2,0.8668,1,1.0,0.256,0.7459,0.3839,0.6575,0.4331,1,16,5,22,7.473875580911188,medium
pay117078,cus3094,mer91,2025-01-26 22:25:00,3463.46,upi,bank_f,ecommerce,network_timeout,2,0.685,0,,0.2843,0.5591,0.3147,0.3279,0.387,1,22,6,26,8.150312055323198,medium
pay107741,cus2365,mer27,2025-03-08 17:07:00,5023.91,upi,bank_i,utility_bills,issuer_decline,2,0.5064,1,0.0,0.402,0.257,0.3529,0.2956,0.2488,1,17,5,8,8.522162822319121,large
pay104264,cus3253,mer53,2025-04-18 21:50:00,1107.6,debit_card,bank_i,subscription_saas,upi_server_busy,1,0.939,1,0.0,0.3066,0.5617,0.2523,0.0,0.2736,0,21,4,18,7.010853236985704,medium
pay101721,cus2893,mer101,2025-05-14 12:13:00,201.67,debit_card,bank_f,food_delivery,account_blocked,1,0.0,0,,0.159,0.062,0.1651,0.0323,0.0,0,12,2,14,5.311579040531222,small
pay109440,cus470,mer118,2025-03-17 07:13:00,756.85,upi,bank_d,travel,upi_server_busy,4,0.8964,1,1.0,0.3739,0.6983,0.4363,0.6022,0.4573,0,7,0,17,6.6304854768776655,medium
pay114307,cus3568,mer6,2025-04-15 03:21:00,1297.57,credit_card,bank_c,education_fees,issuer_decline,2,0.4011,0,,0.2909,0.0993,0.234,0.387,0.0,0,3,1,15,7.169018938005595,medium
pay110783,cus2560,mer64,2025-03-11 18:46:00,50.0,debit_card,bank_h,food_delivery,issuer_decline,4,0.4214,1,0.0,0.0243,0.1967,0.3178,0.2458,0.1877,0,18,1,11,3.9318256327243257,small
pay107615,cus2961,mer80,2025-04-24 07:49:00,50.0,netbanking,bank_f,ecommerce,bank_server_timeout,3,0.7666,1,1.0,0.2475,0.7046,0.3166,0.832,0.2402,0,7,3,24,3.9318256327243257,small
pay103768,cus3126,mer101,2025-05-26 09:27:00,281.85,upi,bank_j,education_fees,insufficient_funds,4,0.4562,1,0.0,0.3111,0.084,0.6276,0.1776,0.3442,0,9,0,26,5.644916721789165,small
pay112231,cus1316,mer11,2025-05-18 06:45:00,501.54,credit_card,bank_j,education_fees,issuer_decline,4,0.3197,1,0.0,0.2464,0.3502,0.1666,0.0253,0.3173,1,6,6,18,6.21967523875521,medium
pay106264,cus2089,mer89,2025-04-08 03:54:00,746.83,upi,bank_j,education_fees,insufficient_funds,4,0.5766,1,0.0,0.3643,0.3272,0.5654,0.2555,0.3616,0,3,1,8,6.617175679416844,medium
pay105732,cus550,mer34,2025-06-01 16:26:00,1182.47,debit_card,bank_h,food_delivery,insufficient_funds,4,0.4313,1,0.0,0.3186,0.2553,0.795,0.3195,0.387,1,16,6,1,7.0762060800903,medium
pay108019,cus3814,mer13,2025-04-21 04:48:00,2870.31,credit_card,bank_g,food_delivery,insufficient_funds,3,0.4874,0,,0.3315,0.159,0.4666,0.2255,0.4221,0,4,0,21,7.962523650606914,medium
pay104544,cus3039,mer52,2025-03-22 07:54:00,2195.56,debit_card,bank_i,food_delivery,network_timeout,2,0.7616,0,,0.3035,0.6489,0.2487,0.6251,0.1579,1,7,5,22,7.694647779227593,medium
pay115894,cus1658,mer83,2025-01-03 02:39:00,1327.2,netbanking,bank_g,travel,bank_server_timeout,1,0.8289,1,1.0,0.293,0.7864,0.4832,0.0,0.5395,0,2,4,3,7.191579921106613,medium
pay108612,cus1788,mer85,2025-03-12 09:23:00,128.23,credit_card,bank_f,ecommerce,bank_server_timeout,4,0.7485,1,1.0,0.0438,0.7219,0.3654,0.8253,0.2871,0,9,2,12,4.8615937625371,small
pay118669,cus3349,mer4,2025-04-29 04:52:00,4904.78,upi,bank_e,education_fees,card_expired,3,0.0,0,,0.3605,0.0,0.0,0.2667,0.0936,0,4,1,29,8.498169380763628,medium
pay118224,cus1989,mer70,2025-05-13 19:26:00,1241.26,upi,bank_j,subscription_saas,account_blocked,3,0.0,0,,0.2378,0.2352,0.0,0.139,0.0924,0,19,1,13,7.124687580359468,medium
pay105762,cus110,mer41,2025-02-05 01:12:00,787.63,upi,bank_g,travel,insufficient_funds,2,0.5139,1,0.0,0.2592,0.2537,1.0,0.1565,0.1715,0,1,2,5,6.670297262819869,medium
pay118678,cus3690,mer85,2025-04-27 06:24:00,314.68,upi,bank_b,utility_bills,otp_expired,4,0.5992,1,1.0,0.1875,0.521,0.3905,0.1331,0.4113,1,6,6,27,5.754729042274305,small
pay109522,cus2164,mer16,2025-06-05 06:23:00,31450.04,upi,bank_d,food_delivery,upi_server_busy,1,0.8131,1,1.0,0.6397,1.0,0.2804,0.0492,0.443,0,6,3,5,10.356187329944321,large
pay110142,cus2753,mer105,2025-03-16 08:05:00,600.94,credit_card,bank_f,food_delivery,issuer_decline,4,0.5428,0,,0.1573,0.083,0.072,0.4655,0.0435,1,8,6,16,6.400157772567572,medium
pay108787,cus2967,mer5,2025-04-28 14:40:00,191.75,netbanking,bank_h,utility_bills,duplicate_payment_block,3,0.2667,1,0.0,0.1279,0.1133,0.0,0.1599,0.1733,0,14,0,28,5.261394012443439,small
pay108468,cus1316,mer50,2025-05-08 07:30:00,464.7,upi,bank_e,food_delivery,upi_server_busy,2,0.915,1,1.0,0.258,0.7769,0.2774,0.2807,0.3195,0,7,3,8,6.1435416499883315,small
pay104860,cus3555,mer58,2025-01-11 15:26:00,119.09,debit_card,bank_g,subscription_saas,card_expired,3,0.0,0,,0.2608,0.2335,0.0411,0.1023,0.0,1,15,5,11,4.788241461672592,small
pay104619,cus436,mer7,2025-06-11 15:53:00,3400.45,debit_card,bank_g,food_delivery,issuer_decline,4,0.4697,0,,0.3647,0.1462,0.1537,0.174,0.0,0,15,2,11,8.131957090279753,medium
pay101473,cus1645,mer106,2025-02-07 06:19:00,384.4,upi,bank_i,education_fees,insufficient_funds,3,0.5251,1,0.0,0.232,0.1661,0.6465,0.1571,0.3453,0,6,4,7,5.954281755980266,small
pay107744,cus2854,mer52,2025-01-30 09:45:00,689.78,debit_card,bank_g,food_delivery,upi_server_busy,3,0.779,0,,0.293,0.7962,0.3407,0.5907,0.2881,0,9,3,30,6.537821393913628,medium
pay117528,cus3359,mer112,2025-05-31 20:17:00,191.73,netbanking,bank_a,travel,network_timeout,3,0.7244,1,0.0,0.1743,0.4518,0.137,0.3747,0.2127,1,20,5,31,5.26129024571096,small
pay116802,cus3291,mer118,2025-04-21 21:19:00,1060.32,credit_card,bank_a,utility_bills,upi_server_busy,3,0.8293,1,1.0,0.1442,0.8525,0.3085,0.6744,0.4995,0,21,0,21,6.967268695403181,medium
pay107848,cus1281,mer53,2025-01-12 17:46:00,532.03,debit_card,bank_c,food_delivery,upi_server_busy,4,0.8553,1,1.0,0.2186,0.5045,0.3693,0.6645,0.4509,1,17,6,12,6.27857770776013,medium
pay115746,cus2163,mer60,2025-06-02 06:05:00,1653.15,netbanking,bank_e,subscription_saas,otp_expired,4,0.6195,1,1.0,0.228,0.5736,0.4001,0.2538,0.2303,0,6,0,2,7.411042560709827,medium
pay118942,cus2720,mer30,2025-06-27 15:13:00,520.93,upi,bank_b,food_delivery,issuer_decline,4,0.4801,0,,0.3068,0.0484,0.3321,0.2711,0.0883,0,15,4,27,6.257533479273623,medium
pay109070,cus1814,mer58,2025-01-21 14:17:00,1569.02,netbanking,bank_b,ecommerce,issuer_decline,1,0.4724,1,0.0,0.2031,0.1533,0.2095,0.0,0.007,0,14,1,21,7.358843637114719,medium
pay112900,cus482,mer98,2025-01-21 07:07:00,263.86,upi,bank_a,food_delivery,upi_server_busy,1,0.8077,0,,0.1385,0.939,0.3229,0.0,0.3113,0,7,1,21,5.579201384498818,small
pay110288,cus1955,mer57,2025-02-16 15:02:00,3407.01,upi,bank_g,education_fees,bank_server_timeout,2,0.7661,1,1.0,0.3639,0.5729,0.4422,0.744,0.3914,1,15,6,16,8.133883822217202,medium
pay102757,cus2110,mer116,2025-04-25 03:54:00,356.59,upi,bank_g,education_fees,upi_server_busy,1,0.9006,1,1.0,0.1806,0.87,0.3374,0.0,0.3284,0,3,4,25,5.879387078702536,small
pay117549,cus2622,mer50,2025-05-02 15:18:00,568.11,upi,bank_d,travel,bank_server_timeout,1,0.8148,1,1.0,0.3395,0.8611,0.4363,0.0,0.4269,0,15,4,2,6.344073737058987,medium
pay100830,cus1438,mer51,2025-02-14 06:21:00,84.1,upi,bank_i,education_fees,insufficient_funds,1,0.4794,0,,0.1308,0.2285,0.8412,0.0,0.2134,0,6,4,14,4.443827035579329,small
pay117194,cus2626,mer61,2025-05-30 13:26:00,865.26,netbanking,bank_b,ecommerce,upi_server_busy,1,0.9158,1,0.0,0.7792,0.3976,0.3115,0.1914,0.3832,0,13,4,30,6.764185094449026,medium
pay104966,cus3389,mer23,2025-02-10 15:41:00,173.43,upi,bank_b,travel,upi_server_busy,1,0.7973,0,,0.0496,0.5316,0.0906,0.0,0.4045,0,15,0,10,5.161523515030043,small
pay108948,cus1347,mer3,2025-06-18 16:29:00,857.67,credit_card,bank_c,subscription_saas,bank_server_timeout,3,0.8104,1,1.0,0.3536,0.9782,0.6798,0.5806,0.4987,0,16,2,18,6.755384680536177,medium
pay108393,cus1078,mer42,2025-01-22 03:30:00,772.4,upi,bank_a,food_delivery,bank_server_timeout,1,0.8373,1,1.0,0.2173,0.7446,0.4581,0.0,0.3784,0,3,2,22,6.6507963791731965,medium
pay106749,cus1768,mer62,2025-04-02 07:19:00,149.41,upi,bank_c,ecommerce,issuer_decline,1,0.392,1,0.0,0.0911,0.2398,0.229,0.0963,0.3069,0,7,2,2,5.013364898667122,small
pay102315,cus1271,mer58,2025-01-01 02:14:00,581.95,credit_card,bank_e,subscription_saas,bank_server_timeout,1,0.8114,1,1.0,0.1306,0.7401,0.2626,0.2558,0.5564,0,2,2,1,6.3681014193793,medium
pay107764,cus1345,mer12,2025-03-26 04:02:00,820.48,upi,bank_d,food_delivery,network_timeout,2,0.8394,1,0.0,0.8927,0.8015,0.3984,0.231,0.3473,0,4,2,26,6.711107591471892,medium
pay103911,cus1370,mer12,2025-06-24 17:29:00,15635.81,credit_card,bank_b,utility_bills,upi_server_busy,3,0.8711,1,1.0,0.539,0.584,0.2205,0.5571,0.3394,0,17,1,24,9.657383029101403,large
pay112229,cus3122,mer92,2025-03-16 02:03:00,318.91,credit_card,bank_a,utility_bills,insufficient_funds,1,0.4187,0,,0.1912,0.3109,0.6417,0.0,0.4549,1,2,6,16,5.768039706235574,small
pay106269,cus2306,mer98,2025-05-10 20:19:00,693.93,netbanking,bank_f,food_delivery,otp_expired,2,0.6387,0,,0.1937,0.3802,0.3734,0.1981,0.3664,1,20,5,10,6.543811121067789,medium
pay105469,cus2062,mer2,2025-02-18 23:14:00,6668.4,upi,bank_h,travel,upi_server_busy,1,0.8559,0,,0.381,0.8402,0.3977,0.1004,0.3817,0,23,1,18,8.805285179840984,large
pay108484,cus574,mer76,2025-01-25 05:57:00,329.95,upi,bank_a,food_delivery,insufficient_funds,3,0.5457,0,,0.1565,0.1691,0.5444,0.2848,0.5873,1,5,5,25,5.801967306564932,small
pay116612,cus3678,mer4,2025-03-23 16:36:00,263.89,upi,bank_e,utility_bills,network_timeout,3,0.7998,1,1.0,0.1224,0.6643,0.0255,0.1735,0.5643,1,16,6,23,5.579314645471096,small
pay104946,cus2574,mer30,2025-03-08 14:13:00,410.86,upi,bank_a,education_fees,bank_server_timeout,3,0.7414,1,1.0,0.1133,0.7794,0.5537,0.6079,0.2539,1,14,5,8,6.0206834857772025,small
pay111560,cus722,mer64,2025-03-10 22:03:00,701.94,credit_card,bank_g,travel,bank_server_timeout,2,0.7854,0,,0.15,0.8251,0.6256,0.806,0.5107,0,22,0,10,6.555271539661873,medium
pay103017,cus619,mer35,2025-02-08 18:56:00,1300.99,upi,bank_b,travel,issuer_decline,3,0.5004,0,,0.2156,0.1787,0.222,0.1184,0.1507,1,18,5,8,7.171649142247468,medium
pay107626,cus3833,mer116,2025-02-09 21:01:00,4387.26,credit_card,bank_j,subscription_saas,duplicate_payment_block,1,0.285,1,0.0,0.5931,0.0,0.0536,0.2303,0.0322,1,21,6,9,8.386688072146598,medium
pay115028,cus1204,mer96,2025-03-28 00:40:00,597.21,upi,bank_e,subscription_saas,issuer_decline,2,0.4718,0,,0.206,0.3493,0.2822,0.0244,0.013,0,0,4,28,6.393941862873241,medium
pay109146,cus3701,mer116,2025-05-07 16:49:00,1359.27,credit_card,bank_c,education_fees,network_timeout,1,0.8298,1,0.0,0.376,0.5792,0.3772,0.0663,0.2437,0,16,2,7,7.215438488437506,medium
pay110460,cus3964,mer56,2025-06-25 11:57:00,479.23,debit_card,bank_a,utility_bills,issuer_decline,2,0.4702,0,,0.172,0.1028,0.1306,0.0813,0.2982,0,11,2,25,6.174265155804915,small
pay111343,cus273,mer115,2025-06-06 09:26:00,9460.64,credit_card,bank_f,education_fees,insufficient_funds,4,0.4279,0,,0.4207,0.4148,0.4542,0.0,0.2257,0,9,4,6,9.155001008542751,large
pay114382,cus2375,mer42,2025-03-27 17:00:00,448.24,upi,bank_e,subscription_saas,insufficient_funds,3,0.3837,0,,0.1308,0.1277,0.4068,0.3688,0.2828,0,17,3,27,6.107557266094835,small
pay102253,cus3991,mer43,2025-04-01 03:19:00,3444.43,upi,bank_i,ecommerce,network_timeout,2,0.7744,0,,0.4005,0.7641,0.3909,0.5047,0.2082,0,3,1,1,8.144803994236216,medium
pay119937,cus1367,mer84,2025-02-04 12:00:00,513.27,credit_card,bank_e,food_delivery,upi_server_busy,2,0.9339,1,0.0,0.2137,0.6142,0.1793,0.6517,0.5532,0,12,1,4,6.242748419366502,medium
pay101249,cus2401,mer55,2025-06-26 00:37:00,1566.35,upi,bank_c,education_fees,insufficient_funds,4,0.5507,1,0.0,0.3716,0.1698,0.5181,0.3396,0.5071,0,0,3,26,7.35714157414823,medium
pay114777,cus3707,mer7,2025-01-07 04:52:00,83.24,debit_card,bank_j,food_delivery,bank_server_timeout,1,0.869,0,,0.2675,0.9822,0.4535,0.1152,0.1302,0,4,1,7,4.43366986782572,small
pay102106,cus3637,mer45,2025-05-18 20:40:00,50.0,upi,bank_c,utility_bills,upi_server_busy,2,0.8327,1,1.0,0.2302,0.6131,0.2091,0.5497,0.4199,1,20,6,18,3.9318256327243257,small
pay108566,cus2452,mer90,2025-05-21 16:16:00,2285.81,upi,bank_e,food_delivery,bank_server_timeout,1,0.7415,1,0.0,0.2914,0.6459,0.6123,0.2171,0.5414,0,16,2,21,7.734913112303117,medium
pay110178,cus677,mer94,2025-05-30 10:54:00,104.16,credit_card,bank_a,education_fees,network_timeout,4,0.7973,1,1.0,0.1221,0.5372,0.387,0.4017,0.2212,0,10,4,30,4.655482999861681,small
pay112570,cus3536,mer49,2025-02-05 02:05:00,570.56,upi,bank_f,food_delivery,upi_server_busy,4,0.899,1,1.0,0.1621,0.7063,0.6554,0.6825,0.2697,0,2,2,5,6.348369464600769,medium
pay112588,cus2923,mer17,2025-04-26 18:10:00,429.71,upi,bank_i,travel,bank_server_timeout,2,0.7319,1,1.0,0.1966,0.6036,0.3751,0.4716,0.4268,1,18,5,26,6.065435009807712,small
pay110567,cus33,mer115,2025-03-10 02:35:00,219.27,debit_card,bank_j,education_fees,insufficient_funds,2,0.4435,1,0.0,0.3098,0.1511,0.6391,0.0294,0.3741,0,2,0,10,5.394854066596066,small
pay105092,cus1732,mer103,2025-01-09 09:25:00,3575.69,credit_card,bank_b,education_fees,network_timeout,4,0.8015,0,,0.3543,0.6238,0.4869,0.3959,0.3686,0,9,3,9,8.1821930707005,medium
pay108291,cus2550,mer40,2025-02-15 22:30:00,1392.88,netbanking,bank_a,travel,bank_server_timeout,2,0.8102,1,0.0,0.368,0.6542,0.5679,0.8552,0.1526,1,22,5,15,7.239846504401323,medium
pay100514,cus371,mer103,2025-06-22 15:30:00,124.3,upi,bank_g,utility_bills,upi_server_busy,4,0.8393,0,,0.1491,0.7488,0.1738,0.533,0.3487,1,15,6,22,4.8307108619020225,small
pay100162,cus2119,mer82,2025-03-15 15:41:00,823.41,debit_card,bank_g,utility_bills,issuer_decline,2,0.3891,0,,0.1205,0.2496,0.192,0.144,0.1312,1,15,5,15,6.7146679789767,medium
pay114889,cus1727,mer45,2025-01-09 16:56:00,5018.65,upi,bank_d,education_fees,upi_server_busy,2,0.8171,1,1.0,0.5294,0.6096,0.183,0.7046,0.3408,0,16,3,9,8.521115489139607,large
pay114070,cus2671,mer90,2025-04-01 01:58:00,1443.6,upi,bank_e,food_delivery,otp_expired,3,0.5073,1,0.0,0.2556,0.2253,0.3974,0.0937,0.1966,0,1,1,1,7.275587745616747,medium
pay106881,cus1127,mer2,2025-02-17 12:37:00,787.9,debit_card,bank_h,utility_bills,insufficient_funds,2,0.4948,1,0.0,0.2774,0.0,0.5656,0.1255,0.588,0,12,0,17,6.670639570101044,medium
pay110525,cus1696,mer2,2025-01-28 21:01:00,2926.52,credit_card,bank_g,ecommerce,upi_server_busy,3,0.8025,1,0.0,0.4571,0.5113,0.2945,0.763,0.4876,0,21,1,28,7.981910927216256,medium
pay112537,cus3365,mer99,2025-01-07 17:17:00,219.18,credit_card,bank_g,ecommerce,upi_server_busy,3,0.8417,1,1.0,0.1248,0.6425,0.2716,0.6293,0.4675,0,17,1,7,5.394445393642257,small
pay104528,cus873,mer68,2025-03-21 20:52:00,3004.28,upi,bank_j,utility_bills,issuer_decline,1,0.4068,1,0.0,0.4176,0.1377,0.08,0.0,0.2411,0,20,4,21,8.00812602066511,medium
pay119168,cus1314,mer110,2025-06-28 04:26:00,128.18,netbanking,bank_i,food_delivery,insufficient_funds,4,0.4075,1,0.0,0.205,0.2257,0.4334,0.0455,0.543,1,4,5,28,4.861206780604327,small
pay108188,cus201,mer74,2025-01-28 05:45:00,166.55,credit_card,bank_h,utility_bills,otp_expired,4,0.6118,1,0.0,0.1006,0.4924,0.5037,0.1117,0.4371,0,5,1,28,5.12128181418332,small
pay118284,cus968,mer77,2025-05-07 09:42:00,501.44,upi,bank_g,food_delivery,issuer_decline,1,0.5374,1,0.0,0.2945,0.0993,0.3133,0.0,0.1611,0,9,2,7,6.219476229819052,medium
pay114545,cus1875,mer55,2025-01-04 18:54:00,1010.08,upi,bank_e,education_fees,upi_server_busy,4,0.8721,1,1.0,0.2054,0.4246,0.2997,0.5076,0.2236,1,18,5,4,6.918774345464571,medium
pay118512,cus2193,mer80,2025-03-06 10:50:00,907.1,debit_card,bank_f,food_delivery,network_timeout,3,0.6529,1,0.0,0.1836,0.5268,0.2395,0.4265,0.3903,0,10,3,6,6.811354504695783,medium
pay108152,cus193,mer45,2025-03-20 17:19:00,1307.54,upi,bank_d,ecommerce,otp_expired,1,0.5793,1,1.0,0.3826,0.3795,0.1956,0.0,0.4378,0,17,3,20,7.17666729085719,medium
pay105258,cus2106,mer83,2025-05-01 11:43:00,1260.37,upi,bank_c,food_delivery,insufficient_funds,2,0.4634,0,,0.3819,0.294,0.8244,0.1245,0.4658,0,11,3,1,7.139953710848584,medium
pay105078,cus2017,mer95,2025-05-26 06:17:00,1274.22,upi,bank_g,ecommerce,issuer_decline,2,0.3576,0,,0.2744,0.4011,0.196,0.1669,0.1075,0,6,0,26,7.150873991727265,medium
pay107962,cus1762,mer11,2025-04-18 05:40:00,1420.68,netbanking,bank_h,food_delivery,bank_server_timeout,1,0.815,1,0.0,0.2313,0.5403,0.1302,0.0152,0.3196,0,5,4,18,7.259594549877231,medium
pay106280,cus2497,mer27,2025-01-03 21:34:00,418.24,credit_card,bank_g,utility_bills,network_timeout,2,0.7536,1,1.0,0.2212,0.487,0.145,0.3761,0.3874,0,21,4,3,6.038443548301976,small
pay112151,cus2905,mer51,2025-04-05 05:23:00,129.05,upi,bank_a,utility_bills,otp_expired,4,0.5875,1,1.0,0.0817,0.4755,0.7193,0.2437,0.2409,1,5,5,5,4.867918991894661,small
pay108329,cus702,mer98,2025-04-25 23:26:00,5115.31,upi,bank_g,ecommerce,bank_server_timeout,4,0.7758,1,1.0,0.4361,0.6622,0.5383,0.4845,0.5868,0,23,4,25,8.540188755077208,large
pay101007,cus972,mer78,2025-04-01 15:42:00,1049.5,upi,bank_b,utility_bills,card_expired,1,0.0754,0,,0.1001,0.0,0.0919,0.0,0.0431,0,15,1,1,6.957021520285055,medium
pay110370,cus654,mer103,2025-01-23 09:35:00,2709.08,upi,bank_i,subscription_saas,insufficient_funds,1,0.4865,1,0.0,0.3254,0.043,0.6561,0.0649,0.4077,0,9,3,23,7.9047334337332344,medium
pay114617,cus387,mer27,2025-01-23 18:06:00,399.38,upi,bank_c,food_delivery,upi_server_busy,4,0.9356,1,1.0,0.2468,0.5821,0.3595,0.564,0.4152,0,18,3,23,5.992414096143571,small
pay102495,cus2084,mer63,2025-02-06 23:17:00,307.81,upi,bank_j,travel,network_timeout,1,0.7098,1,1.0,0.3196,0.8268,0.056,0.1662,0.2084,0,23,3,6,5.7327262010459785,small
pay118865,cus3305,mer19,2025-04-16 10:39:00,657.05,netbanking,bank_e,food_delivery,upi_server_busy,1,0.8179,1,0.0,0.1588,0.4044,0.2748,0.0,0.4059,0,10,2,16,6.489280916280332,medium
pay103799,cus2426,mer112,2025-01-10 21:19:00,866.8,upi,bank_i,utility_bills,issuer_decline,4,0.5266,0,,0.327,0.2871,0.1208,0.1051,0.0,0,21,4,10,6.76596127336425,medium
pay116404,cus2885,mer56,2025-06-02 13:59:00,826.52,credit_card,bank_j,education_fees,insufficient_funds,4,0.5295,1,1.0,0.3493,0.2043,0.7536,0.1495,0.3785,0,13,0,2,6.718433276143438,medium
pay112867,cus2398,mer23,2025-06-14 23:59:00,196.98,debit_card,bank_j,food_delivery,bank_server_timeout,1,0.7131,1,0.0,0.2302,0.8113,0.6166,0.0306,0.2575,1,23,5,14,5.288166015491662,small
pay112102,cus3453,mer51,2025-01-28 01:26:00,216.12,debit_card,bank_j,education_fees,insufficient_funds,3,0.4953,1,0.0,0.2889,0.1111,0.8852,0.1415,0.143,0,1,1,28,5.380450196086559,small
pay103569,cus306,mer78,2025-02-14 08:14:00,1215.73,upi,bank_e,food_delivery,otp_expired,2,0.6692,1,0.0,0.2551,0.0897,0.2488,0.3073,0.2843,0,8,4,14,7.103922211348144,medium
pay111088,cus3988,mer10,2025-01-08 09:07:00,348.72,upi,bank_i,ecommerce,issuer_decline,4,0.4963,1,0.0,0.0029,0.2927,0.3088,0.354,0.1205,0,9,2,8,5.85713283431269,small
pay115404,cus3017,mer98,2025-06-28 08:50:00,770.44,upi,bank_i,food_delivery,issuer_decline,2,0.4138,1,0.0,0.2864,0.2363,0.1189,0.3751,0.3668,1,8,5,28,6.648258898202129,medium
pay118287,cus1076,mer119,2025-05-02 15:38:00,672.93,debit_card,bank_a,food_delivery,duplicate_payment_block,1,0.2682,0,,0.1695,0.1318,0.1385,0.0,0.2537,0,15,4,2,6.513126247951971,medium
pay119486,cus2382,mer119,2025-04-26 19:26:00,1740.96,netbanking,bank_b,education_fees,issuer_decline,2,0.4674,1,0.0,0.2968,0.1559,0.264,0.2888,0.0426,1,19,5,26,7.4627661950363,medium
pay109754,cus997,mer29,2025-04-14 10:37:00,1631.49,debit_card,bank_a,food_delivery,duplicate_payment_block,2,0.2507,0,,0.2415,0.0,0.2169,0.1278,0.1779,0,10,0,14,7.397861735557552,medium
pay111592,cus3513,mer113,2025-04-29 21:03:00,76.41,upi,bank_c,food_delivery,insufficient_funds,2,0.3901,1,0.0,0.0804,0.0482,0.5689,0.452,0.4342,0,21,1,29,4.349115971216622,small
pay108058,cus302,mer90,2025-04-27 13:49:00,551.95,credit_card,bank_e,food_delivery,issuer_decline,2,0.4309,0,,0.8433,0.0465,0.0,0.261,0.1119,1,13,6,27,6.315267581521369,medium
pay116613,cus156,mer97,2025-05-05 12:22:00,4132.83,upi,bank_i,education_fees,card_expired,3,0.0037,0,,0.4419,0.0416,0.0,0.0907,0.0,0,12,0,5,8.326959616996552,medium
pay118326,cus344,mer35,2025-06-28 09:31:00,865.78,credit_card,bank_f,food_delivery,insufficient_funds,3,0.5315,0,,0.0728,0.4091,0.5021,0.4049,0.3086,1,9,5,28,6.764785196022682,medium
pay117156,cus2316,mer63,2025-02-20 12:23:00,1026.42,upi,bank_f,ecommerce,account_blocked,3,0.031,0,,0.2221,0.0,0.0,0.2613,0.0247,0,12,3,20,6.934806084458451,medium
pay104737,cus3193,mer80,2025-03-07 23:38:00,291.36,upi,bank_g,education_fees,issuer_decline,3,0.4517,0,,0.258,0.1825,0.2054,0.0329,0.2216,0,23,4,7,5.677985919612191,small
pay117880,cus1344,mer92,2025-04-30 05:14:00,103.25,upi,bank_c,ecommerce,insufficient_funds,4,0.5862,1,0.0,0.1871,0.2228,0.8411,0.1356,0.5055,0,5,2,30,4.646791860678911,small
pay107561,cus2709,mer34,2025-01-16 07:05:00,167.72,credit_card,bank_b,travel,bank_server_timeout,3,0.8212,1,0.0,0.0879,0.817,0.3294,0.7484,0.3274,0,7,3,16,5.1282405361705194,small
pay108436,cus3411,mer106,2025-02-04 11:26:00,231.27,netbanking,bank_h,subscription_saas,account_blocked,2,0.0,0,,0.1588,0.0,0.0,0.0514,0.0732,0,11,1,4,5.447900488087526,small
pay112029,cus3496,mer6,2025-01-22 16:29:00,2393.81,credit_card,bank_j,food_delivery,insufficient_funds,4,0.4373,0,,0.5005,0.3111,0.3106,0.2,0.4093,0,16,2,22,7.781059174756526,medium
pay117279,cus347,mer64,2025-01-03 14:29:00,311.31,upi,bank_a,food_delivery,upi_server_busy,1,0.8377,0,,0.151,0.7013,0.3672,0.0,0.5161,0,14,4,3,5.743996284269503,small
pay106253,cus3267,mer120,2025-04-08 12:19:00,2049.72,upi,bank_b,subscription_saas,network_timeout,4,0.7295,1,1.0,0.3148,0.5574,0.1315,0.5072,0.3502,0,12,1,8,7.625946229981514,medium
pay107894,cus743,mer12,2025-05-14 20:01:00,969.52,netbanking,bank_a,subscription_saas,insufficient_funds,2,0.4272,0,,0.1612,0.1341,0.3783,0.0,0.4101,0,20,2,14,6.877832010330779,medium
pay115421,cus2225,mer10,2025-03-20 06:26:00,370.6,upi,bank_c,utility_bills,duplicate_payment_block,2,0.4107,1,0.0,0.1895,0.1356,0.2999,0.111,0.1157,0,6,3,20,5.917818006939683,small
pay110334,cus1457,mer27,2025-02-23 14:59:00,284.72,debit_card,bank_b,subscription_saas,network_timeout,2,0.7659,1,1.0,0.16,0.7912,0.242,0.5024,0.1804,1,14,6,23,5.6550123102867715,small
pay108827,cus139,mer106,2025-01-28 02:49:00,99.87,debit_card,bank_d,ecommerce,card_expired,2,0.0757,0,,0.3026,0.152,0.0,0.0,0.1526,0,2,1,28,4.613832559066744,small
pay119947,cus3166,mer15,2025-04-30 06:11:00,225.17,upi,bank_b,education_fees,insufficient_funds,4,0.4287,0,,0.1445,0.2722,0.676,0.191,0.0,0,6,2,30,5.42128692889172,small
pay104258,cus3691,mer34,2025-04-19 18:28:00,178.67,credit_card,bank_a,ecommerce,upi_server_busy,4,0.845,0,,0.2569,0.6268,0.4785,0.6745,0.4464,1,18,5,19,5.1911218349444805,small
pay106669,cus882,mer45,2025-03-08 00:05:00,50.0,netbanking,bank_b,ecommerce,upi_server_busy,2,0.8886,1,1.0,0.0871,0.6239,0.3228,0.6395,0.2543,1,0,5,8,3.9318256327243257,small
pay109116,cus223,mer5,2025-03-13 10:41:00,339.36,upi,bank_f,education_fees,bank_server_timeout,2,0.7472,1,1.0,0.1481,0.4903,0.1762,0.5765,0.2858,0,10,3,13,5.830003880981357,small
pay103712,cus618,mer102,2025-05-26 06:16:00,3604.59,upi,bank_h,education_fees,insufficient_funds,1,0.5388,0,,0.3455,0.2253,0.4521,0.0,0.3991,0,6,0,26,8.190240697909092,medium
pay113236,cus3251,mer83,2025-06-19 07:20:00,1941.31,debit_card,bank_d,food_delivery,account_blocked,2,0.0,0,,0.5148,0.0,0.0,0.0611,0.0,0,7,3,19,7.5716332653600755,medium
pay117716,cus270,mer56,2025-06-23 13:44:00,202.57,debit_card,bank_e,education_fees,network_timeout,4,0.7951,1,0.0,0.0675,0.5221,0.3145,0.2143,0.2689,0,13,0,23,5.316009926078955,small
pay105031,cus3435,mer43,2025-05-31 14:18:00,50.0,upi,bank_b,travel,upi_server_busy,1,0.7865,1,0.0,0.1594,0.6705,0.4807,0.0,0.3818,1,14,5,31,3.9318256327243257,small
pay102319,cus169,mer24,2025-05-20 10:23:00,7274.48,upi,bank_c,food_delivery,bank_server_timeout,4,0.8145,1,0.0,0.5296,0.6662,0.5838,0.8553,0.2319,0,10,1,20,8.892265069244592,large
pay105549,cus28,mer90,2025-05-16 17:41:00,279.26,debit_card,bank_d,ecommerce,bank_server_timeout,1,0.8233,1,0.0,0.205,0.675,0.285,0.0,0.2963,0,17,4,16,5.635717743742072,small
pay118277,cus409,mer87,2025-02-26 19:41:00,142.49,netbanking,bank_f,education_fees,bank_server_timeout,4,0.6805,1,1.0,0.1235,0.4949,0.1702,0.6692,0.2827,0,19,2,26,4.9662653463603155,small
pay114174,cus608,mer52,2025-02-08 07:53:00,83.53,upi,bank_c,subscription_saas,otp_expired,2,0.5738,0,,0.1186,0.4462,0.4203,0.2501,0.3506,1,7,5,8,4.437106500940836,small
pay102531,cus2360,mer33,2025-05-26 02:45:00,879.35,upi,bank_c,education_fees,bank_server_timeout,4,0.8072,1,1.0,0.1659,1.0,0.656,0.6078,0.3857,0,2,0,26,6.780319555672453,medium
pay111040,cus713,mer42,2025-04-25 00:26:00,308.32,upi,bank_d,food_delivery,bank_server_timeout,3,0.7852,1,1.0,0.3061,0.796,0.5333,0.7659,0.2888,0,0,4,25,5.734376339740835,small
pay115058,cus1338,mer98,2025-06-12 01:04:00,675.04,upi,bank_g,food_delivery,insufficient_funds,1,0.4959,1,0.0,0.1602,0.3777,0.5813,0.0602,0.5397,0,1,3,12,6.516252245890027,medium
pay110209,cus3894,mer84,2025-05-29 14:02:00,618.67,netbanking,bank_h,education_fees,bank_server_timeout,4,0.8028,1,0.0,0.2631,0.7583,0.4645,0.538,0.4617,0,14,3,29,6.429187078275015,medium
pay103399,cus607,mer18,2025-05-10 22:20:00,50.0,upi,bank_f,education_fees,insufficient_funds,4,0.5281,0,,0.1221,0.1986,0.6782,0.3003,0.3227,1,22,5,10,3.9318256327243257,small
pay110013,cus2782,mer116,2025-05-20 07:47:00,365.32,upi,bank_f,food_delivery,otp_expired,2,0.5905,1,1.0,0.2018,0.4651,0.6327,0.1173,0.4624,0,7,1,20,5.90350726834884,small
pay113069,cus3680,mer115,2025-03-22 18:20:00,327.21,credit_card,bank_d,subscription_saas,network_timeout,4,0.6993,0,,0.3435,0.4783,0.5347,0.3717,0.3553,1,18,5,22,5.793653647417894,small
pay117027,cus1536,mer64,2025-06-22 19:18:00,6136.84,debit_card,bank_f,ecommerce,insufficient_funds,1,0.4827,0,,0.3993,0.2497,0.5954,0.0,0.441,1,19,6,22,8.722228167717088,large
pay118986,cus1956,mer42,2025-03-17 23:05:00,8178.37,upi,bank_c,ecommerce,issuer_decline,4,0.4292,0,,0.45,0.1914,0.0944,0.2847,0.0864,0,23,0,17,9.009370409515908,large
pay111031,cus3937,mer72,2025-06-26 14:25:00,614.37,upi,bank_g,ecommerce,card_expired,1,0.0,0,,0.1227,0.0793,0.1115,0.1953,0.1783,0,14,3,26,6.4222237129184006,medium
pay106544,cus3539,mer97,2025-02-01 04:37:00,176.81,upi,bank_h,subscription_saas,bank_server_timeout,1,0.7918,1,1.0,0.1515,0.8623,0.5626,0.2359,0.1972,1,4,5,1,5.180715564467857,small
pay109929,cus383,mer36,2025-02-12 10:02:00,419.19,netbanking,bank_g,ecommerce,bank_server_timeout,1,0.8,1,1.0,0.1925,0.3642,0.2867,0.1341,0.5182,0,10,2,12,6.040706989936381,small
pay116055,cus1907,mer50,2025-05-12 07:34:00,472.12,credit_card,bank_d,education_fees,bank_server_timeout,1,0.7344,0,,0.4077,0.8009,0.663,0.0857,0.2885,0,7,0,12,6.159349056104167,small
pay114043,cus3962,mer20,2025-06-26 08:38:00,454.54,netbanking,bank_g,food_delivery,account_blocked,1,0.0721,0,,0.2101,0.0,0.0,0.0194,0.2704,0,8,3,26,6.121483528431717,small
pay103123,cus3984,mer99,2025-04-21 10:24:00,3377.88,netbanking,bank_i,education_fees,issuer_decline,4,0.4697,1,0.0,0.3703,0.0639,0.0689,0.1323,0.0799,0,10,0,21,8.12529957261815,medium
pay100717,cus2371,mer71,2025-03-30 14:06:00,383.09,upi,bank_f,ecommerce,insufficient_funds,1,0.4462,0,,0.1938,0.4415,0.6979,0.0,0.526,1,14,6,30,5.950876900126198,small
pay106353,cus3931,mer59,2025-06-06 01:28:00,74.88,debit_card,bank_d,education_fees,insufficient_funds,4,0.5016,1,0.0,0.3728,0.2571,0.5587,0.2289,0.4273,0,1,4,6,4.3291531450668135,small
pay111728,cus3182,mer73,2025-06-28 10:43:00,932.14,upi,bank_b,ecommerce,issuer_decline,1,0.4148,1,0.0,0.2097,0.2253,0.242,0.1878,0.0861,1,10,5,28,6.8385552431809975,medium
pay113900,cus3095,mer65,2025-06-27 00:19:00,560.52,upi,bank_b,ecommerce,bank_server_timeout,2,0.8361,0,,0.1914,0.7329,0.653,0.7249,0.1544,0,0,4,27,6.330647392422166,medium
pay113719,cus2708,mer47,2025-01-21 05:19:00,342.26,debit_card,bank_a,education_fees,upi_server_busy,4,0.906,1,1.0,0.1327,0.8948,0.5223,0.5499,0.3281,0,5,1,21,5.838488177508492,small
pay115079,cus2619,mer52,2025-02-18 06:06:00,126.04,upi,bank_a,food_delivery,upi_server_busy,1,0.8267,0,,0.2547,0.933,0.5251,0.0,0.3358,0,6,1,18,4.844501997498826,small
pay105844,cus3125,mer91,2025-06-07 06:06:00,399.47,upi,bank_g,utility_bills,otp_expired,4,0.604,0,,0.1541,0.319,0.5615,0.4385,0.4557,1,6,5,7,5.992638857335751,small
pay115517,cus760,mer78,2025-03-04 14:47:00,449.51,upi,bank_d,food_delivery,insufficient_funds,1,0.496,0,,0.4071,0.4525,0.8436,0.0875,0.5982,0,14,1,4,6.110380274360299,small
pay108315,cus1524,mer54,2025-01-13 19:05:00,2148.71,upi,bank_a,ecommerce,insufficient_funds,1,0.5111,0,,0.2784,0.1151,0.5476,0.2159,0.3434,0,19,0,13,7.673088228303151,medium
pay102262,cus3733,mer60,2025-01-06 17:15:00,191.51,upi,bank_h,food_delivery,upi_server_busy,1,0.8778,1,1.0,0.0822,0.6813,0.0606,0.0547,0.332,0,17,0,6,5.260148100430533,small
pay108512,cus1290,mer115,2025-06-01 16:33:00,791.43,upi,bank_g,subscription_saas,insufficient_funds,4,0.5522,0,,0.8528,0.2127,0.8796,0.1953,0.4259,1,16,6,1,6.675104173774572,medium
pay115356,cus2039,mer13,2025-02-07 01:19:00,2006.3,upi,bank_d,utility_bills,bank_server_timeout,3,0.8503,1,1.0,0.3063,0.738,0.7936,0.7913,0.3732,0,1,4,7,7.6045458144568805,medium
pay107391,cus1546,mer75,2025-03-18 05:53:00,3143.48,debit_card,bank_d,food_delivery,bank_server_timeout,2,0.9113,1,0.0,0.5177,0.6453,0.245,0.6957,0.4267,0,5,1,18,8.053403813651675,medium
pay101195,cus3487,mer70,2025-04-25 01:53:00,1380.11,upi,bank_b,ecommerce,upi_server_busy,3,0.8869,0,,0.2199,0.9648,0.2835,0.3162,0.2766,0,1,4,25,7.2306428026629845,medium
pay113983,cus1609,mer47,2025-02-16 09:03:00,189.43,credit_card,bank_c,food_delivery,insufficient_funds,3,0.54,0,,0.1857,0.2763,0.4763,0.1897,0.3121,1,9,6,16,5.249284672970726,small
pay111135,cus175,mer19,2025-01-29 02:38:00,211.53,upi,bank_d,subscription_saas,insufficient_funds,4,0.4138,1,0.0,0.2661,0.1334,0.6219,0.0,0.3526,0,2,2,29,5.3590831548706,small
pay110520,cus509,mer27,2025-06-28 05:05:00,59.18,upi,bank_i,ecommerce,issuer_decline,1,0.4389,0,,0.172,0.1156,0.0987,0.0,0.1273,1,5,5,28,4.0973400712018995,small
pay116227,cus2414,mer92,2025-05-11 23:54:00,478.83,upi,bank_b,food_delivery,issuer_decline,1,0.4581,0,,0.2211,0.0857,0.4234,0.1656,0.0,1,23,6,11,6.173431874503444,small
pay115537,cus1171,mer63,2025-06-25 23:53:00,400.09,upi,bank_d,ecommerce,network_timeout,3,0.724,1,1.0,0.3189,0.7244,0.3622,0.542,0.238,0,23,2,25,5.9941858410266695,small
pay113114,cus2341,mer101,2025-05-06 22:55:00,50.0,netbanking,bank_b,utility_bills,network_timeout,1,0.756,1,0.0,0.1736,0.5284,0.1557,0.1334,0.4722,0,22,1,6,3.9318256327243257,small
pay105729,cus3890,mer7,2025-03-16 16:10:00,614.37,upi,bank_j,subscription_saas,insufficient_funds,4,0.5124,0,,0.2805,0.465,0.6126,0.1753,0.2833,1,16,6,16,6.4222237129184006,medium
pay104922,cus3618,mer54,2025-04-10 20:53:00,2113.92,upi,bank_e,ecommerce,bank_server_timeout,4,0.837,0,,0.4042,0.6996,0.3712,0.7949,0.389,0,20,3,10,7.656772265705891,medium
pay100844,cus3367,mer56,2025-01-01 23:38:00,101.82,netbanking,bank_i,education_fees,insufficient_funds,4,0.4233,1,0.0,0.6029,0.1989,0.603,0.3261,0.237,0,23,2,1,4.632979886627359,small
pay117316,cus3265,mer56,2025-01-07 18:15:00,1239.31,credit_card,bank_g,education_fees,insufficient_funds,1,0.532,0,,0.2171,0.2584,0.6134,0.0,0.217,0,18,1,7,7.12311662735429,medium
pay109618,cus2195,mer75,2025-03-15 01:45:00,73.0,debit_card,bank_b,education_fees,bank_server_timeout,2,0.8538,1,0.0,0.1595,0.655,0.6219,0.6481,0.1962,1,1,5,15,4.30406509320417,small
pay118628,cus3913,mer109,2025-05-20 09:00:00,5136.92,debit_card,bank_g,utility_bills,upi_server_busy,4,0.8643,1,1.0,0.4237,0.8377,0.4601,0.7126,0.4453,0,9,1,20,8.544403607287808,large
pay101395,cus8,mer9,2025-04-17 08:01:00,474.38,credit_card,bank_h,utility_bills,upi_server_busy,3,0.9046,1,1.0,0.1206,0.6815,0.4206,0.7198,0.3173,0,8,3,17,6.164114484205205,small
pay111910,cus3542,mer61,2025-02-07 22:56:00,2163.46,debit_card,bank_i,ecommerce,insufficient_funds,3,0.4668,0,,0.34,0.3948,0.5893,0.1964,0.4197,0,22,4,7,7.679926186692797,medium
pay101946,cus2472,mer70,2025-01-29 06:33:00,510.78,upi,bank_h,food_delivery,issuer_decline,4,0.5214,0,,0.7328,0.2095,0.2184,0.2667,0.2104,0,6,2,29,6.23789484519738,medium
pay113804,cus2505,mer49,2025-05-10 00:56:00,3023.3,upi,bank_h,education_fees,otp_expired,3,0.5898,1,0.0,0.4046,0.2267,0.4515,0.146,0.4039,1,0,5,10,8.014434938728005,medium
pay117573,cus2463,mer98,2025-04-21 21:21:00,3101.01,debit_card,bank_h,subscription_saas,network_timeout,3,0.7202,1,0.0,0.2955,0.597,0.1283,0.3864,0.4458,0,21,0,21,8.039805567457917,medium
pay116535,cus941,mer14,2025-02-05 00:42:00,188.59,netbanking,bank_a,education_fees,issuer_decline,4,0.3869,0,,0.1445,0.0499,0.0549,0.0267,0.0,0,0,2,5,5.244863845813947,small
pay103884,cus48,mer4,2025-01-30 05:23:00,1156.93,debit_card,bank_b,food_delivery,account_blocked,2,0.0,0,,0.2609,0.0,0.1276,0.0,0.0797,0,5,3,30,7.054389207255737,medium
pay103735,cus758,mer103,2025-02-06 16:40:00,184.26,upi,bank_d,ecommerce,bank_server_timeout,1,0.777,1,1.0,0.2893,0.6371,0.3056,0.0,0.3519,0,16,3,6,5.221760243825881,small
pay113105,cus2738,mer112,2025-06-01 04:16:00,431.15,upi,bank_a,subscription_saas,insufficient_funds,4,0.5377,1,1.0,0.1975,0.2075,0.6267,0.4055,0.4208,1,4,6,1,6.068772750198647,small
pay109354,cus76,mer6,2025-03-15 14:19:00,1018.21,upi,bank_b,food_delivery,network_timeout,4,0.7376,1,1.0,0.3556,0.5593,0.2201,0.3881,0.2226,1,14,5,15,6.926783096386719,medium
pay106574,cus2791,mer77,2025-01-25 14:35:00,625.19,upi,bank_b,subscription_saas,bank_server_timeout,3,0.9,1,1.0,0.1268,0.5615,0.4649,0.7474,0.3217,1,14,5,25,6.439653839425925,medium
pay114265,cus1188,mer56,2025-01-24 11:37:00,390.78,upi,bank_j,education_fees,insufficient_funds,4,0.542,1,0.0,0.3509,0.1507,0.334,0.3086,0.4223,0,11,4,24,5.970700457755254,small
pay113223,cus1812,mer28,2025-02-16 04:35:00,50.0,upi,bank_d,subscription_saas,insufficient_funds,2,0.5101,1,0.0,0.327,0.2265,0.7974,0.0724,0.5023,1,4,6,16,3.9318256327243257,small
pay112332,cus3275,mer24,2025-04-26 00:39:00,401.12,debit_card,bank_a,travel,insufficient_funds,1,0.6164,1,1.0,0.0562,0.5818,0.4662,0.0,0.6787,1,0,5,26,5.996750551537219,small
pay103990,cus925,mer103,2025-05-16 19:22:00,461.57,upi,bank_h,food_delivery,bank_server_timeout,3,0.7847,1,0.0,0.1721,0.6216,0.4259,0.7683,0.3866,0,19,4,16,6.136797896851371,small
pay103519,cus1882,mer82,2025-06-15 22:36:00,418.72,debit_card,bank_c,ecommerce,bank_server_timeout,4,0.8237,0,,0.0897,1.0,0.7631,0.9786,0.5741,1,22,6,15,6.03958782228971,small
pay119994,cus2241,mer65,2025-01-30 18:18:00,4788.39,debit_card,bank_b,utility_bills,otp_expired,1,0.5589,1,0.0,0.5105,0.3148,0.2682,0.091,0.5338,0,18,3,30,8.474158333652428,medium
pay114266,cus1964,mer104,2025-06-27 04:55:00,3820.85,debit_card,bank_a,food_delivery,upi_server_busy,2,0.8031,1,1.0,0.4084,0.8006,0.5172,0.6498,0.5299,0,4,4,27,8.248489877562237,medium
pay119713,cus3528,mer39,2025-02-14 04:20:00,406.98,debit_card,bank_h,food_delivery,otp_expired,4,0.5033,0,,0.1101,0.4427,0.6512,0.1168,0.148,0,4,4,14,6.011218153594818,small
pay105916,cus2983,mer105,2025-02-28 12:22:00,8886.2,upi,bank_h,food_delivery,network_timeout,2,0.763,1,0.0,0.4182,0.3316,0.2372,0.2069,0.2443,0,12,4,28,9.092367318267513,large
pay100172,cus1688,mer79,2025-05-19 21:07:00,465.05,upi,bank_j,utility_bills,bank_server_timeout,2,0.8123,1,0.0,0.2412,0.3919,0.4431,0.8095,0.2709,0,21,0,19,6.144292924507166,small
pay104804,cus2443,mer99,2025-05-05 12:22:00,141.68,debit_card,bank_g,food_delivery,account_blocked,2,0.1269,0,,0.2038,0.085,0.0452,0.0,0.0216,0,12,0,5,4.960604360490691,small
pay101630,cus329,mer105,2025-04-14 02:02:00,2815.78,upi,bank_g,ecommerce,insufficient_funds,2,0.5958,1,0.0,0.3551,0.1412,0.767,0.1319,0.378,0,2,0,14,7.943349667560026,medium
pay119651,cus3716,mer120,2025-06-02 13:04:00,576.58,netbanking,bank_b,food_delivery,network_timeout,4,0.8015,0,,0.06,0.5912,0.1932,0.3925,0.3847,0,13,0,2,6.35884696094034,medium
pay119480,cus2623,mer53,2025-04-02 21:02:00,548.11,netbanking,bank_f,education_fees,insufficient_funds,1,0.5045,1,0.0,0.1399,0.0199,0.5957,0.0394,0.1323,0,21,2,2,6.30829878573801,medium
pay113599,cus2090,mer19,2025-01-29 11:00:00,141.13,netbanking,bank_a,utility_bills,network_timeout,2,0.689,1,1.0,0.1682,0.7588,0.3278,0.4932,0.4145,0,11,2,29,4.956742131750921,small
pay113701,cus2817,mer84,2025-06-29 04:59:00,1436.19,debit_card,bank_a,food_delivery,network_timeout,3,0.7686,0,,0.2608,0.5837,0.1901,0.3755,0.0,1,4,6,29,7.270445097241319,medium
pay109719,cus2428,mer100,2025-02-20 04:01:00,635.49,upi,bank_f,education_fees,upi_server_busy,4,0.8709,1,1.0,0.1237,0.8885,0.3503,0.4947,0.3115,0,4,3,20,6.4559687069549545,medium
pay103193,cus2624,mer110,2025-02-04 13:06:00,610.72,upi,bank_i,food_delivery,duplicate_payment_block,3,0.2854,0,,0.2069,0.0242,0.1626,0.0178,0.0636,0,13,1,4,6.416274661479923,medium
pay105122,cus3563,mer65,2025-04-21 17:40:00,831.89,credit_card,bank_a,travel,bank_server_timeout,1,0.8638,1,1.0,0.2842,0.5873,0.4708,0.0249,0.4179,0,17,0,21,6.724901580625973,medium
pay111237,cus2325,mer21,2025-04-20 00:09:00,926.98,upi,bank_c,travel,bank_server_timeout,2,0.9029,1,1.0,0.2736,0.5395,0.2918,0.9251,0.479,1,0,6,20,6.833010180829821,medium
pay109141,cus110,mer81,2025-02-24 14:52:00,573.91,upi,bank_f,ecommerce,network_timeout,2,0.7343,1,1.0,0.1883,0.6374,0.3283,0.516,0.4594,0,14,0,24,6.354213506807414,medium
pay106955,cus3038,mer117,2025-06-13 15:06:00,772.38,upi,bank_a,travel,insufficient_funds,4,0.5555,0,,0.2843,0.2756,0.6695,0.1767,0.4169,0,15,4,13,6.650770518999156,medium
pay102313,cus1427,mer21,2025-01-10 12:07:00,1382.52,debit_card,bank_b,subscription_saas,issuer_decline,3,0.4373,0,,0.2606,0.1067,0.114,0.2485,0.0653,0,12,4,10,7.23238625521212,medium
pay112882,cus443,mer85,2025-05-06 21:17:00,221.97,upi,bank_e,utility_bills,issuer_decline,3,0.4647,1,0.0,0.2021,0.2463,0.3935,0.2766,0.0111,0,21,1,6,5.40703723326228,small
pay109613,cus1035,mer47,2025-03-15 13:09:00,2189.03,upi,bank_f,subscription_saas,network_timeout,1,0.7475,1,0.0,0.4586,0.6665,0.1277,0.089,0.2666,1,13,5,15,7.691670521346858,medium
pay113569,cus1646,mer64,2025-04-28 23:08:00,521.69,netbanking,bank_j,travel,insufficient_funds,1,0.5337,1,0.0,0.3922,0.1904,0.6106,0.0708,0.393,0,23,0,28,6.258988554102924,medium
pay112511,cus3705,mer31,2025-06-15 13:27:00,467.23,upi,bank_i,food_delivery,card_expired,4,0.0,0,,0.0348,0.0906,0.0388,0.0,0.0095,1,13,6,15,6.14895962818563,small
pay117028,cus1101,mer65,2025-04-14 00:53:00,444.88,debit_card,bank_i,ecommerce,bank_server_timeout,3,0.7904,1,0.0,0.0977,0.8049,0.6154,0.7202,0.3245,0,0,0,14,6.100049857521423,small
pay116054,cus2267,mer49,2025-06-11 10:04:00,208.04,upi,bank_c,subscription_saas,insufficient_funds,4,0.5171,0,,0.1111,0.0214,0.4555,0.3999,0.383,0,10,2,11,5.342525621212357,small
pay117640,cus1617,mer31,2025-01-11 08:59:00,1173.39,credit_card,bank_f,food_delivery,bank_server_timeout,1,0.7953,1,1.0,0.2619,0.6557,0.5913,0.0558,0.2469,1,8,5,11,7.0685041428376225,medium
pay116412,cus1635,mer120,2025-05-10 00:50:00,1942.44,netbanking,bank_h,ecommerce,insufficient_funds,1,0.477,1,1.0,0.3618,0.3214,0.496,0.0033,0.4394,1,0,5,10,7.572214877677828,medium
pay119716,cus445,mer61,2025-04-04 08:01:00,222.64,upi,bank_j,ecommerce,network_timeout,2,0.7486,1,1.0,0.2491,0.5741,0.1834,0.2818,0.2665,0,8,4,4,5.410037616158444,small
pay105011,cus2360,mer101,2025-01-10 14:21:00,83.15,credit_card,bank_f,ecommerce,insufficient_funds,2,0.5082,1,0.0,0.1143,0.1321,0.4591,0.4123,0.4925,0,14,4,10,4.432600920636815,small
pay112172,cus1600,mer90,2025-04-04 17:47:00,3173.55,upi,bank_c,food_delivery,insufficient_funds,4,0.3939,1,0.0,0.3545,0.0,0.6215,0.0799,0.3779,0,17,4,4,8.062921168998358,medium
pay114183,cus2743,mer81,2025-04-14 06:44:00,148.91,upi,bank_h,education_fees,bank_server_timeout,2,0.8421,1,1.0,0.2608,0.7121,0.3419,0.479,0.5315,0,6,0,14,5.010035114024223,small
pay105866,cus3330,mer47,2025-05-10 06:03:00,2052.37,upi,bank_d,education_fees,duplicate_payment_block,4,0.3158,0,,0.5226,0.2299,0.1096,0.0804,0.026,1,6,5,10,7.627237624842876,medium
pay109056,cus1880,mer74,2025-06-01 04:32:00,1639.6,upi,bank_i,travel,insufficient_funds,1,0.5511,0,,0.3242,0.1748,0.7735,0.1656,0.3844,1,4,6,1,7.402817307568649,medium
pay119189,cus2758,mer30,2025-03-30 19:05:00,4525.81,upi,bank_g,subscription_saas,bank_server_timeout,2,0.8292,1,1.0,0.4603,0.6979,0.2146,0.6438,0.3149,1,19,6,30,8.417772776155353,medium
pay100870,cus300,mer102,2025-03-24 02:46:00,10400.9,upi,bank_i,food_delivery,issuer_decline,1,0.4702,0,,0.4764,0.1391,0.448,0.0382,0.1407,0,2,0,24,9.249743760750949,large
pay110371,cus2178,mer50,2025-06-05 21:52:00,433.12,upi,bank_e,utility_bills,card_expired,3,0.0,0,,0.169,0.2584,0.0,0.1215,0.0,0,21,3,5,6.0733209935778145,small
pay102820,cus556,mer28,2025-04-08 08:13:00,286.44,upi,bank_i,education_fees,bank_server_timeout,3,0.7955,0,,0.0222,0.813,0.4087,0.6544,0.1729,0,8,1,8,5.661014142805263,small
pay103885,cus3949,mer6,2025-03-16 12:11:00,5935.65,netbanking,bank_g,ecommerce,otp_expired,3,0.6951,1,1.0,0.3451,0.347,0.2771,0.2248,0.5815,1,12,6,16,8.688900280200091,large
pay113623,cus1606,mer1,2025-02-21 10:37:00,507.74,upi,bank_d,subscription_saas,insufficient_funds,1,0.5502,1,0.0,0.3454,0.1228,0.5818,0.0204,0.0907,0,10,4,21,6.2319370805439664,medium
pay119231,cus1618,mer47,2025-03-20 19:14:00,1720.11,debit_card,bank_e,food_delivery,insufficient_funds,2,0.656,1,0.0,0.3823,0.1982,0.5626,0.0,0.3735,0,19,3,20,7.4507247104966945,medium
pay109435,cus1266,mer103,2025-04-17 06:24:00,595.03,debit_card,bank_e,education_fees,insufficient_funds,1,0.4349,0,,0.2627,0.0,0.7644,0.0,0.2614,0,6,3,17,6.390291001369027,medium
pay117584,cus1637,mer89,2025-02-01 16:17:00,14856.05,debit_card,bank_f,food_delivery,account_blocked,3,0.0082,0,,0.3794,0.0,0.0475,0.0,0.1183,1,16,5,1,9.606229779048665,large
pay104648,cus2029,mer23,2025-02-22 17:43:00,74.8,debit_card,bank_e,ecommerce,bank_server_timeout,2,0.9181,1,0.0,0.1532,0.4885,0.2865,0.7501,0.4362,1,17,5,22,4.328098292648326,small
pay107934,cus3881,mer87,2025-04-30 11:29:00,7226.54,upi,bank_d,utility_bills,upi_server_busy,2,0.9123,1,0.0,0.6032,0.7215,0.0163,0.7337,0.3304,0,11,2,30,8.885654008292343,large
pay110627,cus1135,mer43,2025-04-25 21:03:00,284.31,credit_card,bank_d,utility_bills,issuer_decline,1,0.4192,1,0.0,0.3416,0.2602,0.0073,0.1306,0.2858,0,21,4,25,5.653576308428883,small
pay113972,cus3766,mer16,2025-02-04 13:30:00,1990.62,debit_card,bank_h,ecommerce,insufficient_funds,1,0.5394,0,,0.3629,0.3023,0.7691,0.0097,0.4484,0,13,1,4,7.596703656894749,medium
pay115345,cus1033,mer10,2025-06-18 08:43:00,514.31,upi,bank_a,ecommerce,network_timeout,1,0.7338,1,1.0,0.0731,0.7063,0.0,0.0,0.321,0,8,2,18,6.2447686613170434,medium
pay100996,cus2737,mer59,2025-04-05 17:57:00,4019.2,credit_card,bank_j,utility_bills,issuer_decline,4,0.4912,0,,0.5595,0.2457,0.1726,0.2267,0.1411,1,17,5,5,8.299086931619296,medium
pay118848,cus1728,mer35,2025-02-21 05:57:00,382.24,upi,bank_e,food_delivery,bank_server_timeout,3,0.7702,0,,0.0882,0.5607,0.6199,0.5265,0.2384,0,5,4,21,5.948661424782673,small
pay114855,cus2955,mer15,2025-01-30 01:46:00,2061.21,debit_card,bank_i,utility_bills,insufficient_funds,2,0.5087,0,,0.3592,0.1746,0.5695,0.0415,0.4265,0,1,3,30,7.631533502262271,medium
pay115042,cus1850,mer41,2025-04-08 09:39:00,4717.33,upi,bank_c,travel,otp_expired,3,0.6174,1,1.0,0.4568,0.4987,0.6092,0.0866,0.3714,0,9,1,8,8.459210202413495,medium
pay110344,cus1986,mer57,2025-05-08 10:19:00,691.74,credit_card,bank_e,food_delivery,insufficient_funds,3,0.4821,1,0.0,0.2104,0.0709,0.5341,0.3044,0.7748,0,10,3,8,6.540654748416958,medium
pay116024,cus82,mer12,2025-01-16 12:20:00,701.69,debit_card,bank_a,subscription_saas,network_timeout,3,0.7602,1,0.0,0.1489,0.4714,0.1202,0.5422,0.2567,0,12,3,16,6.554915827272929,medium
pay119039,cus3691,mer114,2025-01-25 17:56:00,108.97,netbanking,bank_h,subscription_saas,insufficient_funds,2,0.5519,0,,0.1722,0.2169,0.5167,0.1953,0.4834,1,17,5,25,4.700207601322843,small
pay101365,cus179,mer63,2025-01-04 04:19:00,3037.92,upi,bank_b,food_delivery,bank_server_timeout,1,0.7137,1,0.0,0.3208,0.7267,0.6093,0.1704,0.2035,1,4,5,4,8.019257468121467,medium
pay102587,cus3625,mer27,2025-02-27 17:29:00,778.61,upi,bank_i,utility_bills,insufficient_funds,1,0.4089,0,,0.3021,0.2266,0.4472,0.1835,0.1223,0,17,3,27,6.658793794641955,medium
pay112561,cus55,mer9,2025-05-19 13:20:00,245.15,upi,bank_g,food_delivery,upi_server_busy,4,0.8424,0,,0.1426,0.502,0.3601,0.7408,0.5252,0,13,0,19,5.50594110620421,small
pay117019,cus1085,mer102,2025-06-04 19:56:00,83.37,upi,bank_b,travel,card_expired,1,0.0158,0,,0.0891,0.0,0.0152,0.0,0.0401,0,19,2,4,4.435211888177536,small
pay110014,cus3539,mer99,2025-05-04 16:43:00,6012.56,upi,bank_j,food_delivery,upi_server_busy,2,0.8387,1,1.0,0.6418,1.0,0.2619,0.7256,0.4457,1,16,6,4,8.701772198251406,large
pay117138,cus110,mer25,2025-02-05 10:38:00,1532.12,upi,bank_c,utility_bills,insufficient_funds,2,0.4595,1,1.0,0.2137,0.1691,0.9161,0.206,0.4826,0,10,2,5,7.335060153694757,medium
pay110858,cus1952,mer107,2025-01-27 09:49:00,95.36,upi,bank_g,utility_bills,bank_server_timeout,3,0.6678,1,1.0,0.0789,0.9452,0.4466,0.6115,0.0952,0,9,0,27,4.568091177746671,small
pay111302,cus2393,mer9,2025-01-24 14:45:00,448.52,netbanking,bank_j,food_delivery,card_expired,3,0.0718,0,,0.3378,0.0649,0.0523,0.0685,0.108,0,14,4,24,6.108180346803943,small
pay117544,cus1405,mer60,2025-04-11 02:21:00,701.98,netbanking,bank_e,food_delivery,network_timeout,1,0.7402,0,,0.1806,0.6294,0.1699,0.0042,0.3519,0,2,4,11,6.5553284419038365,medium
pay112360,cus3175,mer43,2025-01-05 01:50:00,2718.54,credit_card,bank_f,ecommerce,issuer_decline,2,0.3786,0,,0.2748,0.6091,0.0234,0.0391,0.3778,1,1,6,5,7.908218027340983,medium
pay109407,cus3357,mer110,2025-03-09 05:55:00,155.16,debit_card,bank_i,utility_bills,issuer_decline,4,0.5133,1,0.0,0.2064,0.176,0.3579,0.0,0.1355,1,5,6,9,5.050881122664783,small
pay104530,cus3124,mer33,2025-01-06 10:15:00,407.25,upi,bank_c,utility_bills,bank_server_timeout,1,0.7883,1,0.0,0.1879,0.8152,0.4323,0.1208,0.2932,0,10,0,6,6.011879731850574,small
pay116111,cus2723,mer18,2025-04-16 22:59:00,695.9,netbanking,bank_b,food_delivery,issuer_decline,1,0.451,1,1.0,0.1049,0.1669,0.0,0.0,0.0768,0,22,2,16,6.5466419284444735,medium
pay104220,cus3553,mer5,2025-01-21 02:48:00,50.0,upi,bank_h,food_delivery,issuer_decline,4,0.3794,1,0.0,0.2341,0.1983,0.0139,0.279,0.1784,0,2,1,21,3.9318256327243257,small
pay109011,cus698,mer49,2025-03-13 13:05:00,4700.63,debit_card,bank_j,ecommerce,bank_server_timeout,4,0.7827,1,1.0,0.5971,0.4312,0.4237,0.5873,0.198,0,13,3,13,8.455664536084617,medium
pay113592,cus3130,mer50,2025-04-02 10:14:00,305.72,debit_card,bank_h,ecommerce,upi_server_busy,3,0.9062,1,1.0,0.1795,0.6016,0.3051,0.5791,0.373,0,10,2,2,5.725935279297334,small
pay101783,cus2831,mer55,2025-06-21 21:10:00,734.47,debit_card,bank_a,utility_bills,otp_expired,3,0.6849,1,1.0,0.2042,0.4483,0.1094,0.1227,0.2972,1,21,5,21,6.600509750630418,medium
pay109544,cus2406,mer15,2025-04-27 15:22:00,295.96,credit_card,bank_i,education_fees,insufficient_funds,1,0.4227,1,0.0,0.0705,0.2057,0.2249,0.0,0.3698,1,15,6,27,5.693597449597836,small
pay105366,cus2950,mer54,2025-01-16 13:09:00,515.58,debit_card,bank_d,food_delivery,network_timeout,3,0.7271,1,1.0,0.3759,0.3936,0.2208,0.4728,0.0957,0,13,3,16,6.247230165239447,medium
pay119057,cus3233,mer75,2025-05-27 20:31:00,4290.92,upi,bank_j,utility_bills,insufficient_funds,1,0.5014,0,,0.4772,0.1336,0.5224,0.2142,0.3128,0,20,1,27,8.36448946424789,medium
pay118299,cus3048,mer80,2025-01-21 07:28:00,274.85,debit_card,bank_b,ecommerce,bank_server_timeout,2,0.76,0,,0.1804,0.6138,0.6472,0.7125,0.4522,0,7,1,21,5.61985723971844,small
pay115069,cus3427,mer116,2025-03-02 01:18:00,2746.72,upi,bank_i,food_delivery,bank_server_timeout,4,0.7647,1,0.0,0.3059,0.8945,0.5173,0.959,0.1968,1,1,6,2,7.91852675586557,medium
pay119484,cus3940,mer1,2025-04-14 17:10:00,304.34,debit_card,bank_a,food_delivery,bank_server_timeout,3,0.8134,1,1.0,0.1456,0.8532,0.3061,0.6294,0.2733,0,17,0,14,5.721425909828796,small
pay111660,cus3781,mer13,2025-03-12 06:03:00,321.26,netbanking,bank_d,food_delivery,bank_server_timeout,1,0.7511,0,,0.261,0.3994,0.3664,0.2914,0.3568,0,6,2,12,5.775358673145423,small
pay102942,cus3058,mer75,2025-05-18 08:15:00,646.22,credit_card,bank_g,ecommerce,issuer_decline,4,0.4356,0,,0.1354,0.2987,0.4294,0.0366,0.0809,1,8,6,18,6.4726862676153925,medium
pay109859,cus2473,mer28,2025-02-21 14:30:00,950.95,upi,bank_e,education_fees,bank_server_timeout,3,0.7858,1,1.0,0.2627,0.6907,0.4711,0.6165,0.3181,0,14,4,21,6.858512512403686,medium
pay107323,cus2575,mer60,2025-06-13 12:04:00,50.0,upi,bank_d,food_delivery,otp_expired,3,0.5913,0,,0.2889,0.3589,0.399,0.2511,0.2077,0,12,4,13,3.9318256327243257,small
pay104828,cus1161,mer44,2025-06-15 07:14:00,114.58,credit_card,bank_e,education_fees,insufficient_funds,3,0.5296,1,0.0,0.0897,0.1289,0.5346,0.3543,0.4571,1,7,6,15,4.749962930889632,small
pay103352,cus2472,mer94,2025-01-20 01:41:00,2736.12,debit_card,bank_g,utility_bills,upi_server_busy,3,0.9173,1,1.0,0.3273,0.6872,0.2371,0.4255,0.3564,0,1,0,20,7.914661551703982,medium
pay103346,cus1568,mer109,2025-04-19 10:57:00,257.56,credit_card,bank_a,food_delivery,issuer_decline,3,0.3679,0,,0.1114,0.153,0.177,0.3207,0.289,1,10,5,19,5.55512777533273,small
pay113938,cus3607,mer7,2025-05-26 19:21:00,627.24,upi,bank_h,food_delivery,issuer_decline,1,0.5128,0,,0.0612,0.1778,0.0649,0.0,0.1061,0,19,0,26,6.442922259066619,medium
pay116191,cus864,mer62,2025-06-04 14:45:00,50.0,upi,bank_g,utility_bills,upi_server_busy,1,0.8472,1,1.0,0.0623,0.9405,0.5118,0.3541,0.2215,0,14,2,4,3.9318256327243257,small
pay113400,cus3437,mer74,2025-06-14 15:01:00,270.43,credit_card,bank_g,utility_bills,upi_server_busy,1,0.9363,0,,0.7323,0.7574,0.1517,0.1574,0.3976,1,15,5,14,5.603704279243263,small
pay108670,cus3490,mer2,2025-05-03 04:41:00,1580.01,debit_card,bank_d,education_fees,duplicate_payment_block,4,0.23,1,0.0,0.4797,0.1918,0.1335,0.0336,0.2272,1,4,5,3,7.365819162300158,medium
pay114304,cus433,mer113,2025-01-06 05:43:00,213.27,upi,bank_j,subscription_saas,account_blocked,2,0.0041,0,,0.4802,0.0286,0.0548,0.0,0.0,0,5,0,6,5.3672369020126345,small
pay113783,cus384,mer109,2025-02-27 22:05:00,583.22,debit_card,bank_a,ecommerce,upi_server_busy,3,0.8694,1,1.0,0.2219,0.8706,0.3795,0.8054,0.5239,0,22,3,27,6.37027762421872,medium
pay115424,cus1973,mer106,2025-05-12 02:46:00,124.34,upi,bank_d,ecommerce,upi_server_busy,4,0.8626,0,,0.4265,0.6499,0.1432,0.6623,0.3199,0,2,0,12,4.831030044796529,small
pay110212,cus3753,mer33,2025-06-04 13:21:00,663.78,netbanking,bank_a,subscription_saas,duplicate_payment_block,2,0.2668,0,,0.2187,0.0,0.0704,0.0,0.2609,0,13,2,4,6.499456158852838,medium
pay111967,cus527,mer76,2025-03-02 13:52:00,334.91,upi,bank_e,education_fees,card_expired,2,0.0373,0,,0.1302,0.0236,0.0843,0.0354,0.0,1,13,6,2,5.816843266940215,small
pay105655,cus1846,mer11,2025-02-09 14:22:00,1945.47,upi,bank_i,education_fees,insufficient_funds,4,0.5199,1,0.0,0.4737,0.2382,0.6494,0.0138,0.5419,1,14,6,9,7.573772754653292,medium
pay107891,cus2453,mer119,2025-06-08 17:02:00,676.01,netbanking,bank_f,ecommerce,insufficient_funds,2,0.5797,0,,0.1262,0.017,0.1916,0.1471,0.1924,1,17,6,8,6.517686043851929,medium
pay110173,cus1740,mer19,2025-05-22 02:34:00,2505.0,debit_card,bank_a,ecommerce,bank_server_timeout,2,0.7605,1,0.0,0.3496,0.7165,0.4224,0.7001,0.428,0,2,3,22,7.826443135456014,medium
pay108620,cus154,mer77,2025-01-05 14:57:00,766.57,credit_card,bank_j,education_fees,network_timeout,4,0.7868,0,,0.3979,0.4696,0.2006,0.4701,0.0868,1,14,6,5,6.643229680514136,medium
pay117530,cus2104,mer44,2025-05-14 17:14:00,110.02,upi,bank_i,food_delivery,insufficient_funds,4,0.4199,0,,0.2916,0.1234,0.4397,0.2312,0.4537,0,17,2,14,4.709710365262016,small
pay113301,cus1959,mer63,2025-04-29 22:03:00,2880.27,upi,bank_b,food_delivery,issuer_decline,1,0.4137,0,,0.3883,0.0,0.373,0.0731,0.0,0,22,1,29,7.965986448152537,medium
pay119778,cus1630,mer5,2025-06-14 17:22:00,112.36,upi,bank_c,subscription_saas,otp_expired,2,0.5155,1,0.0,0.1578,0.1733,0.2285,0.1051,0.1902,1,17,5,14,4.730568595382425,small
pay112799,cus2876,mer10,2025-05-27 11:06:00,1204.28,upi,bank_g,ecommerce,insufficient_funds,3,0.5005,0,,0.3221,0.1578,0.401,0.3896,0.4921,0,11,1,27,7.094467184077384,medium
pay107157,cus2937,mer61,2025-05-15 03:37:00,975.68,netbanking,bank_i,education_fees,insufficient_funds,3,0.455,1,0.0,0.2242,0.0558,0.6418,0.0,0.2774,0,3,3,15,6.88415906512695,medium
pay109084,cus3809,mer20,2025-03-16 11:02:00,1259.45,upi,bank_i,subscription_saas,otp_expired,1,0.57,1,0.0,0.2467,0.3858,0.4487,0.0,0.2322,1,11,6,16,7.139224079042337,medium
pay107820,cus2137,mer2,2025-01-29 08:56:00,524.62,upi,bank_j,utility_bills,issuer_decline,1,0.42,0,,0.3131,0.1117,0.2182,0.1133,0.0,0,8,2,29,6.264578518196831,medium
pay110077,cus1557,mer75,2025-06-09 05:07:00,5951.24,upi,bank_g,food_delivery,insufficient_funds,2,0.4957,0,,0.3186,0.11,0.685,0.1615,0.4477,0,5,0,9,8.69152289828064,large
pay105609,cus909,mer23,2025-01-22 10:11:00,77.74,upi,bank_i,travel,insufficient_funds,1,0.489,1,0.0,0.1533,0.2474,0.433,0.0684,0.2739,0,10,2,22,4.366151285515591,small
pay115232,cus2875,mer115,2025-03-03 06:10:00,846.68,debit_card,bank_c,ecommerce,insufficient_funds,2,0.5829,1,0.0,0.1691,0.294,0.9864,0.054,0.406,0,6,0,3,6.742503206083705,medium
pay103443,cus3042,mer85,2025-02-09 15:05:00,322.3,upi,bank_b,ecommerce,network_timeout,4,0.7027,0,,0.1405,0.9208,0.2043,0.3919,0.3448,1,15,6,9,5.778580684731388,small
pay110506,cus368,mer70,2025-01-08 01:35:00,421.78,upi,bank_e,food_delivery,insufficient_funds,3,0.5374,1,0.0,0.1495,0.3139,0.4819,0.2583,0.4014,0,1,2,8,6.04685194918754,small
pay119919,cus1169,mer78,2025-02-13 12:33:00,456.66,upi,bank_d,ecommerce,issuer_decline,2,0.4453,1,0.0,0.3226,0.081,0.2688,0.1433,0.1472,0,12,3,13,6.126126550351378,small
pay114474,cus1413,mer56,2025-04-06 04:38:00,710.99,debit_card,bank_c,utility_bills,card_expired,2,0.0325,0,,0.2393,0.3105,0.0,0.1013,0.0,1,4,6,6,6.568063866369524,medium
pay119960,cus1855,mer70,2025-02-20 14:07:00,348.49,upi,bank_b,ecommerce,upi_server_busy,4,0.8741,1,0.0,0.2824,0.6775,0.6089,0.7183,0.3899,0,14,3,20,5.856474948961234,small
pay111489,cus962,mer14,2025-05-03 09:52:00,557.56,upi,bank_d,ecommerce,insufficient_funds,2,0.506,1,1.0,0.2976,0.2882,1.0,0.2811,0.532,1,9,5,3,6.3253620433567255,medium
pay113522,cus3013,mer54,2025-02-17 20:15:00,520.66,upi,bank_j,ecommerce,account_blocked,3,0.0,0,,0.2395,0.0,0.065,0.0,0.0,0,20,0,17,6.257016034671769,medium
pay114061,cus3522,mer76,2025-01-01 04:07:00,1222.08,upi,bank_b,travel,issuer_decline,1,0.4606,1,1.0,0.2856,0.3065,0.1695,0.0,0.229,0,4,2,1,7.109127546466892,medium
pay102598,cus587,mer28,2025-06-24 07:51:00,3855.86,upi,bank_e,utility_bills,account_blocked,1,0.0897,0,,0.3435,0.0,0.0762,0.0985,0.0641,0,7,1,24,8.257608659908799,medium
pay114531,cus2042,mer117,2025-01-10 19:49:00,3612.78,upi,bank_e,food_delivery,upi_server_busy,1,0.9028,1,0.0,0.2162,0.4111,0.2483,0.0,0.3459,0,19,4,10,8.192509594921832,medium
pay110985,cus3825,mer53,2025-02-12 16:27:00,366.61,credit_card,bank_j,food_delivery,otp_expired,4,0.6564,1,0.0,0.2116,0.4234,0.3827,0.3304,0.6028,0,16,2,12,5.907022593593569,small
pay108445,cus812,mer38,2025-03-02 04:53:00,94.57,upi,bank_g,education_fees,issuer_decline,1,0.5656,1,0.0,0.1463,0.2551,0.0,0.0984,0.1509,1,4,6,2,4.559858963278089,small
pay105584,cus1364,mer46,2025-03-24 16:05:00,2177.33,debit_card,bank_c,food_delivery,account_blocked,4,0.0,0,,0.2858,0.0242,0.0,0.0956,0.0254,0,16,0,24,7.68631380716716,medium
pay110803,cus534,mer81,2025-02-06 05:12:00,86.92,upi,bank_d,food_delivery,upi_server_busy,1,0.8289,1,1.0,0.2965,0.8767,0.5391,0.0,0.401,0,5,3,6,4.4764273100953655,small
pay115071,cus1196,mer106,2025-06-23 01:50:00,5256.76,upi,bank_j,food_delivery,bank_server_timeout,2,0.8455,0,,0.5274,0.9739,0.5216,0.7832,0.2465,0,1,0,23,8.567460359516238,large
pay113450,cus2529,mer25,2025-01-06 05:20:00,1215.24,upi,bank_i,utility_bills,duplicate_payment_block,3,0.2823,0,,0.3453,0.3866,0.4046,0.0,0.1276,0,5,0,6,7.103519411472581,medium
pay106655,cus2986,mer92,2025-06-02 18:42:00,223.01,upi,bank_j,food_delivery,issuer_decline,3,0.4676,1,1.0,0.1938,0.28,0.1118,0.1127,0.3049,0,18,0,2,5.41169069371572,small
pay105356,cus2639,mer43,2025-05-06 01:05:00,293.88,upi,bank_c,food_delivery,card_expired,1,0.1205,0,,0.091,0.0,0.0,0.0,0.1827,0,1,1,6,5.686568493921513,small
pay116501,cus331,mer18,2025-03-13 00:55:00,207.15,upi,bank_a,travel,otp_expired,2,0.6063,0,,0.1309,0.682,0.5732,0.3377,0.3302,0,0,3,13,5.3382589736409845,small
pay112045,cus3355,mer17,2025-01-24 22:14:00,396.54,upi,bank_d,food_delivery,insufficient_funds,4,0.4773,0,,0.2593,0.4116,0.7412,0.3418,0.3688,0,22,4,24,5.985295557962453,small
pay118844,cus3556,mer75,2025-03-03 08:43:00,318.48,netbanking,bank_d,travel,network_timeout,2,0.7269,0,,0.4137,0.7377,0.3298,0.4649,0.2839,0,8,0,3,5.766694674049188,small
pay109398,cus775,mer117,2025-06-09 23:02:00,362.11,upi,bank_d,education_fees,insufficient_funds,4,0.5357,0,,0.8718,0.3549,0.7413,0.2468,0.2179,0,23,0,9,5.894705818663472,small
pay113329,cus3793,mer91,2025-02-15 21:56:00,1183.23,upi,bank_g,ecommerce,duplicate_payment_block,4,0.2682,0,,0.2523,0.0,0.0,0.0,0.0845,1,21,5,15,7.076848053335307,medium
pay107984,cus2572,mer99,2025-05-10 13:56:00,799.93,upi,bank_e,education_fees,upi_server_busy,3,0.7512,1,1.0,0.2156,0.4373,0.294,0.5256,0.3064,1,13,5,10,6.685773552488016,medium
pay109759,cus1571,mer1,2025-03-07 10:11:00,901.85,credit_card,bank_h,travel,otp_expired,2,0.6409,1,0.0,0.3088,0.4838,0.3741,0.4023,0.2047,0,10,4,7,6.805556426661889,medium
pay113840,cus460,mer21,2025-04-20 04:43:00,1278.83,upi,bank_a,food_delivery,issuer_decline,4,0.3768,1,1.0,0.2075,0.2118,0.2561,0.2176,0.2624,1,4,6,20,7.154482535593302,medium
pay119681,cus2327,mer118,2025-05-27 05:19:00,50.0,upi,bank_h,utility_bills,otp_expired,1,0.6554,1,1.0,0.0665,0.4816,0.2445,0.0,0.1429,0,5,1,27,3.9318256327243257,small
pay111888,cus1260,mer106,2025-06-10 14:09:00,880.82,credit_card,bank_b,travel,upi_server_busy,2,0.8664,0,,0.0908,0.7348,0.144,0.6159,0.4812,0,14,1,10,6.781987953546648,medium
pay113892,cus8,mer25,2025-06-03 03:36:00,2928.26,upi,bank_e,education_fees,insufficient_funds,2,0.4604,1,1.0,0.304,0.2095,0.7491,0.1331,0.3121,0,3,1,3,7.9825051103855715,medium
pay117152,cus2369,mer115,2025-05-03 07:42:00,275.06,upi,bank_d,travel,bank_server_timeout,2,0.768,0,,0.2654,0.9423,0.3195,0.551,0.2299,1,7,5,3,5.620618233395432,small
pay116740,cus3074,mer28,2025-03-01 20:03:00,10263.09,credit_card,bank_g,utility_bills,upi_server_busy,1,0.8501,1,1.0,0.4574,0.4975,0.4947,0.2648,0.4032,1,20,5,1,9.23640667476833,large
pay115614,cus175,mer21,2025-05-05 10:15:00,2810.5,netbanking,bank_f,utility_bills,insufficient_funds,2,0.4886,1,1.0,0.3895,0.2846,0.4157,0.5771,0.3618,0,10,0,5,7.941473427732256,medium
pay118408,cus3096,mer68,2025-01-05 20:02:00,5014.82,credit_card,bank_i,travel,network_timeout,3,0.8543,1,1.0,0.4303,0.6155,0.0623,0.3197,0.2491,1,20,6,5,8.520352196501404,large
pay101950,cus3866,mer100,2025-06-14 18:38:00,1612.74,upi,bank_i,utility_bills,bank_server_timeout,3,0.8123,0,,0.2423,0.4967,0.3998,0.5868,0.3292,1,18,5,14,7.386309745394945,medium
pay104043,cus1321,mer5,2025-01-20 13:26:00,705.19,credit_card,bank_e,subscription_saas,network_timeout,4,0.6441,1,0.0,0.2761,0.4791,0.1783,0.7354,0.423,0,13,0,20,6.559884323099494,medium
pay113430,cus31,mer44,2025-03-10 23:00:00,717.01,upi,bank_e,food_delivery,insufficient_funds,2,0.4648,1,1.0,0.2093,0.4674,0.619,0.0001,0.3813,0,23,0,10,6.576483496527838,medium
pay115290,cus2874,mer118,2025-01-16 02:17:00,125.53,netbanking,bank_i,ecommerce,issuer_decline,4,0.5213,0,,0.1144,0.1534,0.2864,0.2028,0.1438,0,2,3,16,4.840479434201172,small
pay103046,cus56,mer40,2025-05-11 23:27:00,199.5,debit_card,bank_c,ecommerce,network_timeout,4,0.7976,1,1.0,0.0995,0.5363,0.2078,0.6231,0.3269,1,23,6,11,5.300814246746624,small
pay117364,cus2638,mer48,2025-04-22 06:29:00,190.11,debit_card,bank_b,education_fees,bank_server_timeout,3,0.747,0,,0.1664,0.7834,0.374,0.5191,0.3348,0,6,1,22,5.25284917850089,small
pay108980,cus3879,mer115,2025-06-29 14:34:00,113.11,debit_card,bank_j,subscription_saas,insufficient_funds,3,0.4991,0,,0.4279,0.4662,0.4792,0.2935,0.3607,1,14,6,29,4.7371628954465885,small
pay110364,cus3660,mer13,2025-04-16 22:32:00,65.74,credit_card,bank_d,food_delivery,insufficient_funds,4,0.531,1,1.0,0.2488,0.3041,0.5581,0.144,0.2859,0,22,2,16,4.2008044733232275,small
pay119725,cus843,mer79,2025-03-18 05:35:00,661.55,upi,bank_d,ecommerce,upi_server_busy,3,0.8408,0,,0.3351,0.8982,0.3883,0.8477,0.2804,0,5,1,18,6.496096026710645,medium
pay119003,cus1481,mer61,2025-04-25 13:48:00,347.56,credit_card,bank_d,ecommerce,bank_server_timeout,3,0.7425,1,0.0,0.3503,0.5824,0.286,0.6869,0.3255,0,13,4,25,5.853810381809187,small
pay105352,cus1114,mer109,2025-01-22 21:05:00,540.34,debit_card,bank_c,utility_bills,account_blocked,1,0.0198,0,,0.2256,0.0641,0.0,0.0,0.0,0,21,2,22,6.294047547248617,medium
pay117963,cus2029,mer30,2025-04-13 12:28:00,7903.81,upi,bank_c,food_delivery,otp_expired,3,0.5922,1,1.0,0.4553,0.419,0.5111,0.1845,0.1143,1,12,6,13,8.975226713934097,large
pay104487,cus611,mer97,2025-02-15 19:39:00,401.02,upi,bank_g,ecommerce,bank_server_timeout,1,0.7339,0,,0.1108,0.8652,0.3268,0.1108,0.2422,1,19,5,15,5.99650183862525,small
pay111949,cus833,mer89,2025-06-24 10:03:00,2420.24,upi,bank_b,food_delivery,card_expired,3,0.1145,0,,0.3286,0.0192,0.0,0.0225,0.0,0,10,1,24,7.792035084614587,medium
pay113760,cus2592,mer104,2025-06-24 02:15:00,1402.43,upi,bank_i,ecommerce,bank_server_timeout,4,0.8356,0,,0.2957,0.7758,0.4438,0.7709,0.2766,0,2,1,24,7.246674519246402,medium
pay105883,cus3805,mer18,2025-02-10 01:07:00,990.96,debit_card,bank_c,ecommerce,upi_server_busy,1,0.8558,1,1.0,0.3501,0.8308,0.4063,0.0,0.4449,0,1,0,10,6.899682783891251,medium
pay113928,cus3230,mer64,2025-05-01 00:05:00,308.15,upi,bank_f,food_delivery,network_timeout,3,0.817,1,0.0,0.1006,0.6899,0.4618,0.2652,0.2023,0,0,3,1,5.733826596004578,small
pay109614,cus3628,mer102,2025-05-12 09:13:00,446.05,upi,bank_c,food_delivery,bank_server_timeout,4,0.8384,1,1.0,0.1066,1.0,0.6202,1.0,0.4366,0,9,0,12,6.102670445181327,small
pay107789,cus3416,mer11,2025-06-16 10:22:00,1039.28,credit_card,bank_d,ecommerce,issuer_decline,1,0.302,0,,0.471,0.2409,0.1669,0.0,0.1164,0,10,0,16,6.94724518666855,medium
pay103993,cus1616,mer102,2025-02-21 07:44:00,428.79,upi,bank_h,travel,insufficient_funds,4,0.5142,0,,0.1728,0.2263,0.4554,0.2291,0.2496,0,7,4,21,6.0632967173020935,small
pay104030,cus2275,mer89,2025-04-08 12:13:00,751.88,debit_card,bank_g,education_fees,insufficient_funds,2,0.5074,0,,0.155,0.0,0.2024,0.0737,0.2212,0,12,1,8,6.623905852550532,medium
pay119925,cus448,mer113,2025-01-21 08:26:00,401.81,upi,bank_b,food_delivery,insufficient_funds,1,0.5579,0,,0.0,0.441,0.5017,0.2209,0.469,0,8,1,21,5.998464986752726,small
pay113244,cus3455,mer66,2025-02-14 19:05:00,168.46,netbanking,bank_j,utility_bills,insufficient_funds,1,0.5144,1,1.0,0.3315,0.279,0.5446,0.0228,0.1495,0,19,4,14,5.132616910770318,small
pay104758,cus137,mer94,2025-03-23 08:37:00,8665.23,upi,bank_b,ecommerce,issuer_decline,3,0.5043,0,,0.4038,0.2401,0.1877,0.1988,0.2697,1,8,6,23,9.067189142450777,large
pay110680,cus3883,mer93,2025-06-07 11:57:00,1756.74,credit_card,bank_h,education_fees,issuer_decline,3,0.4462,0,,0.2091,0.0916,0.3321,0.2003,0.0804,1,11,5,7,7.47178417197192,medium
pay102948,cus1388,mer66,2025-04-06 14:16:00,1377.55,credit_card,bank_d,ecommerce,card_expired,2,0.0999,0,,0.4443,0.0,0.0,0.0,0.0,1,14,6,6,7.228787501115457,medium
pay107808,cus154,mer26,2025-01-19 20:40:00,628.13,credit_card,bank_a,food_delivery,insufficient_funds,3,0.4548,1,0.0,0.2251,0.1558,0.5365,0.0,0.5123,1,20,6,19,6.444337912611138,medium
pay107326,cus1970,mer61,2025-02-14 06:47:00,365.86,upi,bank_a,ecommerce,upi_server_busy,4,0.8499,1,1.0,0.1305,0.8089,0.3398,0.8263,0.4706,0,6,4,14,5.904980303886204,small
pay113350,cus2617,mer50,2025-01-08 19:48:00,6817.52,upi,bank_d,ecommerce,account_blocked,1,0.0347,0,,0.5347,0.0,0.0,0.0,0.0,0,19,2,8,8.827397718490039,large
pay111289,cus854,mer40,2025-04-23 02:08:00,2313.52,credit_card,bank_d,travel,upi_server_busy,3,0.913,1,1.0,0.4727,0.8414,0.4482,0.6996,0.3633,0,2,2,23,7.74695760160919,medium
pay115571,cus110,mer67,2025-06-23 17:23:00,68.69,upi,bank_b,utility_bills,issuer_decline,4,0.4396,1,0.0,0.0734,0.125,0.1849,0.1066,0.0,0,17,0,23,4.244056835450428,small
pay110308,cus1583,mer1,2025-01-19 07:20:00,210.92,upi,bank_j,utility_bills,network_timeout,4,0.6961,0,,0.3765,0.8402,0.2562,0.5764,0.4207,1,7,6,19,5.356208844963814,small
pay103592,cus3269,mer13,2025-06-27 06:41:00,3074.07,upi,bank_g,education_fees,bank_server_timeout,4,0.8431,1,1.0,0.303,0.6518,0.3284,0.747,0.3995,0,6,4,27,8.03108294420916,medium
pay113145,cus1024,mer69,2025-04-27 03:12:00,532.31,upi,bank_g,ecommerce,insufficient_funds,2,0.4707,0,,0.0747,0.1434,0.7927,0.0629,0.2056,1,3,6,27,6.2791028686027035,medium
pay118387,cus1308,mer71,2025-02-16 12:41:00,1559.37,debit_card,bank_i,education_fees,upi_server_busy,2,0.8001,1,0.0,0.2567,0.8683,0.1906,0.5947,0.2059,1,12,6,16,7.352678251608154,medium
pay111903,cus325,mer17,2025-03-24 00:48:00,444.13,upi,bank_h,ecommerce,upi_server_busy,1,0.8491,1,1.0,0.1468,0.7784,0.5206,0.0,0.4999,0,0,0,24,6.0983663743346295,small
pay105737,cus244,mer119,2025-06-17 12:41:00,392.24,upi,bank_j,travel,card_expired,2,0.0032,0,,0.2869,0.0232,0.0,0.1428,0.0405,0,12,1,17,5.9744201124987235,small
pay100047,cus2916,mer22,2025-06-10 18:17:00,80.3,netbanking,bank_g,travel,insufficient_funds,4,0.4688,0,,0.1044,0.2245,0.4279,0.407,0.5889,0,18,1,10,4.398146016553765,small
pay106125,cus3911,mer74,2025-02-14 00:08:00,4187.98,credit_card,bank_e,ecommerce,insufficient_funds,2,0.4527,1,0.0,0.9764,0.0822,0.5699,0.2843,0.3443,0,0,4,14,8.34021254652647,medium
pay108205,cus1721,mer42,2025-04-11 18:00:00,262.0,credit_card,bank_g,travel,insufficient_funds,3,0.5256,0,,0.1518,0.0002,0.4293,0.0875,0.2599,0,18,4,11,5.572154032177765,small
pay113646,cus1120,mer77,2025-03-25 08:20:00,12752.04,netbanking,bank_j,ecommerce,duplicate_payment_block,2,0.3094,1,1.0,0.6691,0.2975,0.1386,0.0,0.0,0,8,1,25,9.45352495353888,large
pay110930,cus2877,mer113,2025-02-27 13:15:00,1144.69,credit_card,bank_i,utility_bills,otp_expired,3,0.6105,1,0.0,0.8679,0.2928,0.3478,0.2343,0.3813,0,13,3,27,7.043762354573106,medium
pay119102,cus2129,mer103,2025-02-13 04:59:00,434.89,debit_card,bank_a,food_delivery,network_timeout,2,0.8646,1,1.0,0.1263,0.5404,0.5241,0.5439,0.3795,0,4,3,13,6.077389917939674,small
pay111776,cus344,mer67,2025-05-14 11:57:00,250.98,upi,bank_e,education_fees,upi_server_busy,2,0.862,1,1.0,0.0691,0.5883,0.332,0.7907,0.165,0,11,2,14,5.529349719282483,small
pay116483,cus1186,mer21,2025-06-22 10:27:00,3544.05,upi,bank_g,education_fees,insufficient_funds,3,0.4571,1,0.0,0.4752,0.2495,0.2372,0.1286,0.4628,1,10,6,22,8.173307543239117,medium
pay101690,cus2093,mer76,2025-05-19 23:59:00,50.0,credit_card,bank_d,utility_bills,card_expired,1,0.0235,0,,0.2331,0.0548,0.0,0.0938,0.2048,0,23,0,19,3.9318256327243257,small
pay114984,cus496,mer57,2025-02-18 02:44:00,7161.21,upi,bank_c,ecommerce,issuer_decline,4,0.4316,1,0.0,0.5054,0.1679,0.0573,0.1872,0.0,0,2,1,18,8.876573871547112,large
pay108803,cus347,mer45,2025-05-15 09:19:00,4908.64,upi,bank_d,food_delivery,insufficient_funds,2,0.5328,0,,0.5739,0.239,0.598,0.1565,0.479,0,9,3,15,8.49895589834494,medium
pay117998,cus3401,mer15,2025-05-23 05:54:00,499.4,upi,bank_c,ecommerce,duplicate_payment_block,2,0.2763,0,,0.1534,0.0954,0.3561,0.0394,0.2483,0,5,4,23,6.215407778592756,small
pay108440,cus3096,mer113,2025-03-26 07:39:00,2038.09,upi,bank_f,ecommerce,issuer_decline,4,0.4232,0,,0.3463,0.2441,0.3461,0.0492,0.0115,0,7,2,26,7.620258908884308,medium
pay105937,cus1606,mer26,2025-04-14 07:01:00,443.51,debit_card,bank_a,ecommerce,insufficient_funds,4,0.495,0,,0.1202,0.1634,0.5671,0.2635,0.4139,0,7,0,14,6.0969725518887525,small
pay100111,cus1110,mer108,2025-05-21 12:45:00,4554.48,upi,bank_c,education_fees,insufficient_funds,2,0.4389,0,,0.2742,0.3439,0.3901,0.2415,0.3414,0,12,2,21,8.424086182846834,medium
pay111158,cus275,mer97,2025-05-11 01:56:00,111.89,upi,bank_g,subscription_saas,insufficient_funds,1,0.5462,1,0.0,0.2027,0.254,0.4942,0.0,0.5351,1,1,6,11,4.726413893273455,small
pay108230,cus1352,mer113,2025-02-27 06:23:00,11727.92,upi,bank_a,ecommerce,upi_server_busy,4,0.8631,1,0.0,0.5554,0.752,0.5495,0.8048,0.5026,0,6,3,27,9.369812865797417,large
pay119522,cus261,mer36,2025-01-07 18:49:00,398.91,upi,bank_e,food_delivery,card_expired,4,0.0281,0,,0.0269,0.0046,0.0452,0.0922,0.1511,0,18,1,7,5.991239521791685,small
pay116545,cus3759,mer59,2025-06-25 11:03:00,5249.02,upi,bank_g,education_fees,bank_server_timeout,3,0.9044,1,0.0,0.4365,0.2512,0.2843,0.5314,0.3428,0,11,2,25,8.565987165102223,large
pay116351,cus2732,mer114,2025-06-10 19:23:00,1859.25,upi,bank_d,food_delivery,bank_server_timeout,2,0.7709,1,1.0,0.4509,0.6968,0.3094,0.7125,0.2779,0,19,1,10,7.52846616627737,medium
pay113078,cus3607,mer9,2025-06-16 17:46:00,4155.24,upi,bank_b,food_delivery,upi_server_busy,3,0.7914,1,0.0,0.4884,0.4735,0.2085,0.682,0.3918,0,17,0,16,8.332366098386233,medium
pay100553,cus3577,mer41,2025-02-27 05:43:00,147.39,credit_card,bank_j,utility_bills,otp_expired,2,0.5203,1,0.0,0.3137,0.4656,0.5242,0.2867,0.2487,0,5,3,27,4.999843943018035,small
pay115484,cus3006,mer61,2025-04-17 04:19:00,4120.15,upi,bank_e,food_delivery,bank_server_timeout,1,0.7732,1,1.0,0.3862,0.626,0.4714,0.1414,0.6742,0,4,3,17,8.32388752960869,medium
pay100171,cus3172,mer52,2025-01-17 05:00:00,65.59,credit_card,bank_a,ecommerce,upi_server_busy,4,0.8778,1,1.0,0.1484,0.7978,0.3196,0.6261,0.3742,0,5,4,17,4.198554416122531,small
pay117473,cus3503,mer120,2025-04-07 17:53:00,2515.63,upi,bank_a,education_fees,bank_server_timeout,1,0.8336,1,0.0,0.3804,0.5272,0.6467,0.1918,0.2141,0,17,0,7,7.8306759839324,medium
pay116575,cus1489,mer57,2025-06-14 16:33:00,4701.82,upi,bank_h,ecommerce,insufficient_funds,2,0.4037,1,1.0,0.41,0.3282,0.6709,0.0019,0.4051,1,16,5,14,8.455917607770118,medium
pay117901,cus3336,mer53,2025-02-23 02:56:00,556.34,debit_card,bank_i,food_delivery,issuer_decline,1,0.4199,1,0.0,0.1132,0.2654,0.1342,0.2251,0.108,1,2,6,23,6.323175466627484,medium
pay108778,cus871,mer31,2025-01-27 11:42:00,350.15,upi,bank_h,food_delivery,account_blocked,4,0.0,0,,0.1295,0.0739,0.0888,0.2666,0.0,0,11,0,27,5.861213482605029,small
pay102193,cus2803,mer43,2025-02-09 09:27:00,584.13,upi,bank_c,utility_bills,otp_expired,1,0.5951,1,0.0,0.1603,0.2865,0.3279,0.0552,0.2172,1,9,6,9,6.371834044766378,medium
pay117845,cus3528,mer118,2025-01-02 06:13:00,144.0,debit_card,bank_h,utility_bills,network_timeout,4,0.6984,1,0.0,0.2234,0.6953,0.3164,0.5072,0.2291,0,6,3,2,4.976733742420574,small
pay105440,cus3947,mer104,2025-04-04 00:58:00,1983.82,netbanking,bank_c,food_delivery,insufficient_funds,3,0.4763,1,1.0,0.3412,0.2003,0.6289,0.2366,0.3847,0,0,4,4,7.593283508908846,medium
pay101368,cus2665,mer68,2025-06-23 08:47:00,1161.73,credit_card,bank_b,ecommerce,insufficient_funds,3,0.5629,1,0.0,0.1967,0.106,0.431,0.2795,0.3518,0,8,0,23,7.058525967354253,medium
pay104805,cus1827,mer56,2025-05-16 13:17:00,365.22,upi,bank_h,utility_bills,network_timeout,2,0.7814,1,1.0,0.1897,0.5912,0.4439,0.2258,0.336,0,13,4,16,5.903234245713568,small
pay117663,cus2467,mer114,2025-04-11 00:17:00,50.0,upi,bank_j,ecommerce,card_expired,4,0.0263,0,,0.3688,0.0,0.0,0.0,0.0596,0,0,4,11,3.9318256327243257,small
pay106695,cus302,mer37,2025-04-17 03:11:00,542.32,upi,bank_i,ecommerce,issuer_decline,4,0.4171,1,0.0,0.2173,0.0722,0.2309,0.1711,0.0454,0,3,3,17,6.29769846495429,medium
pay114521,cus3800,mer40,2025-06-09 02:51:00,1544.23,credit_card,bank_f,education_fees,otp_expired,1,0.6839,1,0.0,0.2725,0.2396,0.3125,0.0,0.2201,0,2,0,9,7.342928045566123,medium
pay118447,cus611,mer105,2025-05-04 17:18:00,73.42,debit_card,bank_f,utility_bills,bank_server_timeout,4,0.7494,1,1.0,0.3113,0.4819,0.3552,0.7147,0.3772,1,17,6,4,4.309724722918476,small
pay110560,cus1280,mer68,2025-05-17 23:31:00,2253.1,credit_card,bank_e,ecommerce,bank_server_timeout,4,0.817,0,,0.2525,0.8161,0.4896,0.6335,0.151,1,23,5,17,7.720506059187914,medium
pay112861,cus556,mer102,2025-03-16 00:11:00,120.33,credit_card,bank_g,education_fees,bank_server_timeout,4,0.7497,1,1.0,0.8518,0.8467,0.3752,0.5159,0.3259,1,0,6,16,4.798514106063782,small
pay102702,cus653,mer94,2025-02-09 19:38:00,415.51,debit_card,bank_c,ecommerce,upi_server_busy,4,0.8701,1,1.0,0.0711,0.6789,0.2886,0.6112,0.5688,1,19,6,9,6.031910470922513,small
pay110760,cus2829,mer78,2025-02-06 07:45:00,1934.52,credit_card,bank_i,subscription_saas,upi_server_busy,2,0.7595,0,,0.2676,0.7959,0.1462,0.6194,0.1273,0,7,3,6,7.568131303211538,medium
pay106182,cus3202,mer95,2025-01-31 13:02:00,204.76,upi,bank_j,ecommerce,bank_server_timeout,1,0.7888,0,,0.2466,0.5707,0.4804,0.0,0.2614,0,13,4,31,5.326710441049254,small
pay107069,cus2771,mer21,2025-05-07 22:09:00,865.39,netbanking,bank_g,utility_bills,upi_server_busy,4,0.8374,1,1.0,0.2567,0.7017,0.19,0.4568,0.6173,0,22,2,7,6.764335153607244,medium
pay116486,cus1753,mer111,2025-02-21 11:21:00,908.79,debit_card,bank_i,education_fees,bank_server_timeout,2,0.8552,0,,0.2218,0.4797,0.3318,0.7038,0.4688,0,11,4,21,6.81321380364881,medium
pay103127,cus3672,mer42,2025-06-13 13:12:00,1851.05,debit_card,bank_g,utility_bills,insufficient_funds,2,0.5638,0,,0.3518,0.216,0.6053,0.3834,0.2494,0,13,4,13,7.5240484126818625,medium
pay103220,cus3006,mer87,2025-05-06 21:58:00,1699.75,debit_card,bank_i,education_fees,account_blocked,2,0.0,0,,0.2141,0.0,0.0,0.017,0.0284,0,21,1,6,7.43882460922517,medium
pay113954,cus941,mer98,2025-06-06 19:42:00,5886.26,upi,bank_d,ecommerce,bank_server_timeout,1,0.8413,1,1.0,0.6012,0.7101,0.2704,0.0,0.2906,0,19,4,6,8.680545973162575,large
pay111577,cus1300,mer86,2025-05-27 02:52:00,50.0,debit_card,bank_g,education_fees,insufficient_funds,2,0.493,0,,0.2247,0.1929,0.5839,0.1613,0.2563,0,2,1,27,3.9318256327243257,small
pay100440,cus1149,mer83,2025-06-25 03:53:00,707.58,upi,bank_b,travel,issuer_decline,1,0.3766,0,,0.8378,0.3088,0.1793,0.0,0.16,0,3,2,25,6.563262967364688,medium
pay112018,cus942,mer98,2025-01-18 05:11:00,2779.28,upi,bank_c,education_fees,issuer_decline,2,0.4641,0,,0.3908,0.3294,0.2053,0.1769,0.0255,1,5,5,18,7.930306921037283,medium
pay105388,cus1857,mer8,2025-03-31 06:48:00,661.9,upi,bank_i,subscription_saas,issuer_decline,2,0.4084,0,,0.1859,0.1077,0.2046,0.374,0.2609,0,6,0,31,6.496624149247346,medium
pay118410,cus2352,mer53,2025-05-20 17:50:00,4989.96,upi,bank_f,ecommerce,upi_server_busy,3,0.8235,1,0.0,0.3402,0.6418,0.3353,0.7532,0.4304,0,17,1,20,8.515383555011526,medium
pay109716,cus875,mer65,2025-04-21 10:35:00,676.87,netbanking,bank_c,utility_bills,issuer_decline,3,0.4776,1,0.0,0.2068,0.1825,0.1389,0.1571,0.2276,0,10,0,21,6.518955529142874,medium
pay109077,cus454,mer49,2025-01-26 10:59:00,1360.63,upi,bank_e,food_delivery,otp_expired,2,0.5759,1,0.0,0.3003,0.0761,0.3556,0.2173,0.3603,1,10,6,26,7.216437790478857,medium
pay118194,cus770,mer69,2025-01-22 01:21:00,1700.15,upi,bank_b,education_fees,insufficient_funds,4,0.536,1,0.0,0.3128,0.3788,0.4573,0.0,0.574,0,1,2,22,7.43905977192945,medium
pay106132,cus1983,mer15,2025-06-14 12:10:00,2118.17,upi,bank_b,food_delivery,upi_server_busy,2,0.9002,0,,0.3744,0.4648,0.2968,0.7609,0.3815,1,12,5,14,7.658779781572268,medium
pay119479,cus2863,mer13,2025-02-22 01:11:00,68.72,upi,bank_j,food_delivery,insufficient_funds,3,0.586,0,,0.3037,0.2047,0.6294,0.4388,0.6601,1,1,5,22,4.24448722065182,small
pay108456,cus1598,mer79,2025-06-23 10:33:00,4209.63,upi,bank_g,education_fees,upi_server_busy,3,0.8011,1,0.0,0.3463,0.5721,0.1311,0.7391,0.2296,0,10,0,23,8.345367559186387,medium
pay103246,cus1983,mer34,2025-05-19 04:07:00,106.29,upi,bank_c,food_delivery,card_expired,4,0.0,0,,0.041,0.1631,0.0,0.0,0.0,0,4,0,19,4.675535448648655,small
pay101445,cus150,mer35,2025-01-07 10:50:00,83.97,credit_card,bank_a,utility_bills,upi_server_busy,4,0.8648,1,1.0,0.8156,0.8039,0.3535,0.6296,0.392,0,10,1,7,4.44229825301545,small
pay111381,cus2832,mer33,2025-04-09 05:10:00,1593.35,upi,bank_e,travel,card_expired,4,0.0086,0,,0.2542,0.0,0.0071,0.1495,0.0,0,5,2,9,7.3742214086477,medium
pay102395,cus3320,mer53,2025-04-29 02:15:00,1813.67,upi,bank_e,ecommerce,network_timeout,3,0.7421,1,0.0,0.2269,0.8654,0.2982,0.5042,0.297,0,2,1,29,7.503658911986204,medium
pay103917,cus3870,mer12,2025-06-02 23:06:00,68.76,upi,bank_b,subscription_saas,network_timeout,1,0.819,1,1.0,0.2272,0.7019,0.2006,0.0,0.422,0,23,0,2,4.245060779600724,small
pay112292,cus1367,mer27,2025-03-13 10:35:00,4955.69,upi,bank_a,ecommerce,issuer_decline,1,0.5167,0,,0.3243,0.4083,0.0356,0.0,0.0,0,10,3,13,8.508493458239705,medium
pay108132,cus139,mer11,2025-04-29 05:44:00,532.19,upi,bank_d,ecommerce,upi_server_busy,4,0.8764,1,1.0,0.3674,0.8428,0.3171,0.5433,0.2848,0,5,1,29,6.27887783344001,medium
pay118135,cus2878,mer14,2025-04-18 07:28:00,265.94,upi,bank_b,utility_bills,duplicate_payment_block,1,0.2752,0,,0.1675,0.0698,0.041,0.0,0.0558,0,7,4,18,5.587023914046005,small
pay108968,cus514,mer112,2025-03-13 19:00:00,3978.97,upi,bank_i,ecommerce,upi_server_busy,2,0.8348,0,,0.9627,0.7442,0.3707,0.7232,0.3982,0,19,3,13,8.289029560561632,medium
pay103270,cus2107,mer88,2025-01-30 15:59:00,733.15,debit_card,bank_c,food_delivery,network_timeout,4,0.7562,0,,0.1645,0.7152,0.3193,0.4282,0.2142,0,15,3,30,6.598713367408947,medium
pay119389,cus901,mer37,2025-03-04 19:08:00,1354.44,debit_card,bank_d,food_delivery,bank_server_timeout,2,0.7791,1,1.0,0.4433,0.5309,0.4495,0.747,0.1706,0,19,1,4,7.21188140384985,medium
pay108723,cus1894,mer94,2025-04-08 12:47:00,5096.55,upi,bank_g,food_delivery,issuer_decline,2,0.4569,1,0.0,0.4023,0.0173,0.1202,0.3451,0.0,0,12,1,8,8.536515311130275,large
pay107451,cus3120,mer33,2025-05-24 21:13:00,1818.4,netbanking,bank_b,utility_bills,issuer_decline,2,0.4821,0,,0.238,0.2445,0.0555,0.3431,0.0752,1,21,5,24,7.506262055387961,medium
pay111570,cus1549,mer61,2025-01-17 06:12:00,376.71,upi,bank_a,education_fees,issuer_decline,4,0.4363,0,,0.112,0.2349,0.1513,0.3483,0.1301,0,6,4,17,5.934126705407111,small
pay102376,cus1792,mer39,2025-06-03 16:01:00,165.56,credit_card,bank_h,education_fees,issuer_decline,3,0.437,1,0.0,0.2289,0.291,0.3454,0.078,0.0607,0,16,1,3,5.115355604866659,small
pay117644,cus3969,mer13,2025-05-17 14:27:00,849.64,debit_card,bank_f,ecommerce,upi_server_busy,4,0.9027,1,1.0,0.2113,0.8505,0.4137,0.7115,0.4931,1,14,5,17,6.745989007342831,medium
pay115134,cus1589,mer60,2025-04-29 23:08:00,50.0,debit_card,bank_d,food_delivery,insufficient_funds,1,0.5017,0,,0.2642,0.2347,0.6304,0.0,0.2734,0,23,1,29,3.9318256327243257,small
pay118621,cus477,mer59,2025-02-10 19:52:00,389.13,upi,bank_b,food_delivery,upi_server_busy,3,0.8373,1,0.0,0.5941,0.4733,0.2868,0.8077,0.339,0,19,0,10,5.966480016913812,small
pay107644,cus164,mer2,2025-01-20 06:07:00,94.42,upi,bank_e,food_delivery,issuer_decline,2,0.4598,1,0.0,0.1977,0.0592,0.1647,0.222,0.236,0,6,0,20,4.5582882000879605,small
pay112198,cus2538,mer12,2025-03-10 20:07:00,1135.22,credit_card,bank_f,ecommerce,otp_expired,4,0.5994,0,,0.1777,0.2177,0.3774,0.2145,0.3595,0,20,0,10,7.035462242502868,medium
pay101623,cus3768,mer1,2025-01-03 23:37:00,306.23,credit_card,bank_d,subscription_saas,upi_server_busy,3,0.7978,1,1.0,0.3619,0.8395,0.5072,0.3475,0.168,0,23,4,3,5.727596652755456,small
pay111756,cus1268,mer37,2025-01-04 18:14:00,646.34,upi,bank_h,subscription_saas,upi_server_busy,1,0.904,1,0.0,0.2012,0.386,0.2569,0.2002,0.5548,1,18,5,4,6.472871658791304,medium
pay113319,cus3710,mer9,2025-03-18 08:39:00,2292.97,upi,bank_j,education_fees,insufficient_funds,2,0.5171,0,,0.5005,0.1475,0.6979,0.038,0.2071,0,8,1,18,7.738039220010081,medium
pay101205,cus1334,mer12,2025-06-12 14:23:00,1334.48,upi,bank_c,education_fees,insufficient_funds,2,0.5003,1,0.0,0.2408,0.1621,0.7315,0.0305,0.7319,0,14,3,12,7.197046056773334,medium
pay101203,cus1450,mer72,2025-05-18 01:24:00,314.8,upi,bank_f,ecommerce,bank_server_timeout,1,0.8072,0,,0.1353,0.5599,0.5976,0.1753,0.3537,1,1,6,18,5.7551091018215415,small
pay101451,cus3828,mer60,2025-01-08 09:27:00,663.91,upi,bank_h,utility_bills,upi_server_busy,1,0.7374,1,1.0,0.2099,0.9806,0.4908,0.1961,0.199,0,9,2,8,6.499651693150929,medium
pay113261,cus1374,mer98,2025-05-02 21:45:00,986.95,upi,bank_c,ecommerce,issuer_decline,1,0.3996,1,0.0,0.2622,0.0294,0.2213,0.0751,0.1486,0,21,4,2,6.895632089179826,medium
pay111746,cus3592,mer87,2025-03-27 02:39:00,401.25,credit_card,bank_i,subscription_saas,bank_server_timeout,3,0.8018,1,1.0,0.1423,0.8038,0.4302,0.6373,0.2343,0,2,3,27,5.997073785872493,small
pay100076,cus964,mer36,2025-03-01 10:27:00,212.25,upi,bank_e,education_fees,otp_expired,4,0.5668,1,0.0,0.1118,0.4023,0.2267,0.2868,0.3754,1,10,5,1,5.3624651863717885,small
pay109926,cus247,mer31,2025-04-13 18:20:00,1844.59,debit_card,bank_f,education_fees,network_timeout,4,0.6669,0,,0.3138,0.344,0.256,0.4276,0.1873,1,18,6,13,7.52055428855271,medium
pay115612,cus2288,mer84,2025-04-04 19:07:00,124.3,debit_card,bank_f,education_fees,upi_server_busy,4,0.8853,1,1.0,0.1998,0.6228,0.3467,0.6276,0.1796,0,19,4,4,4.8307108619020225,small
pay107497,cus3329,mer48,2025-02-25 17:21:00,2211.43,upi,bank_d,food_delivery,bank_server_timeout,3,0.8096,1,0.0,0.484,0.7382,0.2574,0.6212,0.3501,0,17,1,25,7.7018467379635,medium
pay118003,cus1945,mer104,2025-02-14 06:58:00,50.0,netbanking,bank_c,ecommerce,duplicate_payment_block,1,0.3361,0,,0.2099,0.1225,0.2027,0.0,0.1319,0,6,4,14,3.9318256327243257,small
pay116859,cus3202,mer10,2025-04-17 15:10:00,971.02,netbanking,bank_c,ecommerce,issuer_decline,3,0.4343,1,0.0,0.3435,0.3797,0.1522,0.1669,0.1342,0,15,3,17,6.879376380380441,medium
pay112466,cus2338,mer14,2025-05-28 14:14:00,132.04,upi,bank_f,subscription_saas,network_timeout,3,0.7579,1,1.0,0.2016,0.6821,0.3262,0.3969,0.3606,0,14,2,28,4.890649834884672,small
pay106712,cus1874,mer5,2025-04-12 16:28:00,323.78,debit_card,bank_b,education_fees,otp_expired,4,0.5055,0,,0.0508,0.1549,0.4185,0.1171,0.5226,1,16,5,12,5.783148030036942,small
pay102639,cus3622,mer54,2025-06-03 09:16:00,207.61,debit_card,bank_g,education_fees,insufficient_funds,3,0.5377,1,0.0,0.1294,0.1068,0.8452,0.1451,0.533,0,9,1,3,5.340466480056195,small
pay103022,cus893,mer9,2025-03-11 15:08:00,309.32,upi,bank_b,ecommerce,upi_server_busy,3,0.8656,1,1.0,0.213,1.0,0.2908,0.4991,0.6255,0,15,1,11,5.737604023131712,small
pay102551,cus1824,mer95,2025-02-27 19:05:00,5219.35,debit_card,bank_g,travel,bank_server_timeout,1,0.8326,0,,0.9827,0.6761,0.3095,0.0,0.4174,0,19,3,27,8.560319728437376,large
pay101626,cus3412,mer48,2025-04-15 00:08:00,769.89,netbanking,bank_j,food_delivery,bank_server_timeout,2,0.7287,1,1.0,0.3579,0.778,0.6677,0.6367,0.0629,0,0,1,15,6.647545691529998,medium
pay113743,cus777,mer73,2025-04-13 02:33:00,550.64,debit_card,bank_j,food_delivery,insufficient_funds,1,0.4829,0,,0.4019,0.4282,0.708,0.0,0.3459,1,2,6,13,6.312895659606137,medium
pay119411,cus1084,mer5,2025-03-18 05:06:00,158.84,debit_card,bank_b,ecommerce,bank_server_timeout,2,0.7866,1,1.0,0.1846,0.9745,0.3057,0.7611,0.2799,0,5,1,18,5.074173314900244,small
pay105152,cus1795,mer10,2025-02-17 02:06:00,853.95,upi,bank_f,ecommerce,issuer_decline,3,0.4917,0,,0.1427,0.237,0.0748,0.1384,0.1741,0,2,0,17,6.751042987694602,medium
pay113562,cus2087,mer84,2025-01-13 05:20:00,266.72,upi,bank_j,ecommerce,card_expired,4,0.0826,0,,0.2376,0.0,0.0841,0.261,0.1406,0,5,0,13,5.5899416582324415,small
pay117463,cus506,mer86,2025-04-06 13:57:00,261.95,netbanking,bank_d,food_delivery,bank_server_timeout,2,0.9136,1,0.0,0.3479,0.4998,0.2876,0.6466,0.0825,1,13,6,6,5.571963900035353,small
pay107083,cus1780,mer41,2025-04-08 22:30:00,1815.04,credit_card,bank_d,travel,upi_server_busy,1,0.8621,1,1.0,0.4623,0.6996,0.3397,0.1498,0.4258,0,22,1,8,7.504413585350378,medium
pay102401,cus2315,mer80,2025-04-12 22:56:00,2506.82,debit_card,bank_a,utility_bills,account_blocked,4,0.0166,0,,0.4017,0.0,0.0073,0.0,0.1294,1,22,5,12,7.82716912884227,medium
pay116477,cus2358,mer58,2025-05-01 07:35:00,1030.36,credit_card,bank_c,travel,bank_server_timeout,2,0.817,1,1.0,0.2691,1.0,0.4965,0.8691,0.3371,0,7,3,1,6.938633598627073,medium
pay118424,cus2308,mer3,2025-05-07 08:02:00,197.82,upi,bank_j,ecommerce,insufficient_funds,1,0.5829,0,,0.2227,0.0686,0.5833,0.0369,0.5293,0,8,2,7,5.292399892783999,small
pay102903,cus2908,mer11,2025-04-22 04:51:00,482.62,upi,bank_e,food_delivery,insufficient_funds,4,0.4387,0,,0.2654,0.3901,0.5409,0.0642,0.2351,0,4,1,22,6.18129947437845,small
pay116073,cus3157,mer47,2025-03-19 07:12:00,322.6,credit_card,bank_f,subscription_saas,otp_expired,4,0.6553,1,1.0,0.2343,0.6047,0.449,0.2725,0.2735,0,7,2,19,5.779508185184337,small
pay103518,cus3888,mer72,2025-05-03 01:01:00,1385.23,debit_card,bank_a,food_delivery,upi_server_busy,1,0.8949,1,0.0,0.3342,0.6393,0.5819,0.0,0.2942,1,1,5,3,7.2343431111484175,medium
pay106006,cus1701,mer105,2025-02-20 12:54:00,629.91,upi,bank_h,food_delivery,issuer_decline,4,0.4254,0,,0.1926,0.0,0.1876,0.287,0.0089,0,12,3,20,6.447163221623632,medium
pay115156,cus3965,mer87,2025-05-09 14:37:00,602.13,upi,bank_b,education_fees,network_timeout,1,0.6927,1,0.0,0.1274,0.7927,0.099,0.0079,0.3029,0,14,4,9,6.402132762214328,medium
pay104180,cus425,mer71,2025-04-28 13:20:00,325.46,credit_card,bank_e,food_delivery,insufficient_funds,4,0.4976,0,,0.2659,0.2429,0.4376,0.105,0.3494,0,13,0,28,5.788307429725889,small
pay105237,cus652,mer105,2025-05-29 03:39:00,2422.82,debit_card,bank_g,travel,duplicate_payment_block,3,0.2787,1,1.0,0.2278,0.1567,0.0504,0.0,0.023,0,3,3,29,7.793100087006243,medium
pay115711,cus1961,mer25,2025-05-23 13:44:00,95.2,upi,bank_j,food_delivery,network_timeout,1,0.6649,1,0.0,0.3385,0.5105,0.4231,0.0,0.2686,0,13,4,23,4.566429357671661,small
pay102373,cus2121,mer43,2025-03-13 17:33:00,1941.17,upi,bank_h,ecommerce,insufficient_funds,4,0.4655,1,0.0,0.2584,0.2745,0.6025,0.3227,0.4516,0,17,3,13,7.571561183639968,medium
pay104963,cus3660,mer107,2025-02-12 06:30:00,406.99,debit_card,bank_g,subscription_saas,network_timeout,2,0.7298,1,1.0,0.1436,0.6665,0.3773,0.3473,0.4231,0,6,2,12,6.01124266429987,small
pay112986,cus3495,mer105,2025-04-15 10:56:00,7607.5,upi,bank_e,food_delivery,account_blocked,4,0.0,0,,0.4623,0.0402,0.0,0.1447,0.0,0,10,1,15,8.937021322360168,large
pay105772,cus2367,mer92,2025-03-15 16:31:00,305.75,upi,bank_g,ecommerce,duplicate_payment_block,1,0.3081,1,0.0,0.1089,0.2875,0.0371,0.0,0.1662,1,16,5,15,5.7260330835910205,small
pay100742,cus2574,mer80,2025-04-25 05:02:00,5316.72,credit_card,bank_c,ecommerce,insufficient_funds,3,0.535,1,0.0,0.3236,0.0987,0.4658,0.2703,0.5313,0,5,4,25,8.578799919044137,large
pay101841,cus1589,mer110,2025-01-18 10:56:00,830.13,debit_card,bank_g,food_delivery,upi_server_busy,2,0.8377,0,,0.2906,0.5254,0.1287,0.6878,0.4163,1,10,5,18,6.72278622064677,medium
pay116202,cus370,mer110,2025-05-13 06:47:00,307.54,upi,bank_c,education_fees,account_blocked,4,0.0231,0,,0.0617,0.0686,0.0,0.0245,0.0,0,6,1,13,5.731851494583793,small
pay119125,cus3163,mer59,2025-01-11 07:41:00,81.67,upi,bank_j,travel,insufficient_funds,1,0.5064,0,,0.3146,0.2225,0.8254,0.0313,0.3223,1,7,5,11,4.414856779264584,small
pay100728,cus2800,mer81,2025-03-29 21:00:00,300.87,credit_card,bank_g,education_fees,bank_server_timeout,2,0.7434,1,0.0,0.0773,0.7289,0.5022,0.7097,0.3441,1,21,5,29,5.709996461122668,small
pay103713,cus2815,mer99,2025-02-10 07:26:00,191.13,debit_card,bank_a,food_delivery,upi_server_busy,1,0.868,1,1.0,0.2864,0.8489,0.13,0.1744,0.4974,0,7,0,10,5.25817222624361,small
pay116852,cus381,mer1,2025-04-05 17:08:00,487.71,netbanking,bank_b,ecommerce,issuer_decline,2,0.3882,0,,0.2232,0.2664,0.2742,0.3739,0.3374,1,17,5,5,6.191769266518158,small
pay106354,cus2315,mer8,2025-05-13 20:41:00,248.38,upi,bank_c,food_delivery,issuer_decline,3,0.4409,1,0.0,0.1292,0.2138,0.2416,0.1565,0.0793,0,20,1,13,5.51897783756844,small
pay111900,cus402,mer16,2025-06-13 12:25:00,864.78,upi,bank_h,food_delivery,issuer_decline,1,0.4661,0,,0.2474,0.0,0.2086,0.0383,0.0133,0,12,4,13,6.76363083471797,medium
pay119501,cus3905,mer72,2025-06-14 17:44:00,3311.83,debit_card,bank_f,utility_bills,bank_server_timeout,4,0.7052,1,0.0,0.3038,0.4495,0.6212,0.5957,0.2033,1,17,5,14,8.105558087973982,medium
pay104865,cus3954,mer99,2025-04-16 12:17:00,119.6,upi,bank_b,food_delivery,otp_expired,3,0.5992,0,,0.1787,0.1038,0.5463,0.2046,0.2698,0,12,2,16,4.792479284293085,small
pay110237,cus3356,mer46,2025-01-10 16:18:00,148.41,credit_card,bank_j,food_delivery,network_timeout,2,0.8079,1,0.0,0.4148,0.8253,0.1973,0.4272,0.4603,0,16,4,10,5.006694204862994,small
pay107029,cus1888,mer115,2025-06-15 09:42:00,1486.67,credit_card,bank_g,ecommerce,insufficient_funds,3,0.4642,1,0.0,0.281,0.3491,0.3617,0.2212,0.4168,1,9,6,15,7.304966416603956,medium
pay112328,cus1679,mer29,2025-02-20 05:03:00,333.72,upi,bank_e,subscription_saas,network_timeout,2,0.7637,1,1.0,0.1047,0.5574,0.2513,0.3611,0.121,0,5,3,20,5.813294361436504,small
pay115729,cus3559,mer1,2025-05-15 08:11:00,1087.1,upi,bank_c,food_delivery,insufficient_funds,1,0.5417,1,0.0,0.2852,0.276,0.7205,0.0754,0.5126,0,8,3,15,6.992188334956967,medium
pay104977,cus1128,mer13,2025-01-20 22:44:00,135.89,credit_card,bank_g,ecommerce,bank_server_timeout,2,0.7715,0,,0.086,0.6257,0.4067,0.3775,0.5718,0,22,0,20,4.919177683607421,small
pay117253,cus98,mer107,2025-02-24 10:06:00,1044.74,upi,bank_d,ecommerce,bank_server_timeout,3,0.8854,0,,0.3727,0.4869,0.3477,0.6301,0.2291,0,10,0,24,6.952480047761645,medium
pay115983,cus2270,mer36,2025-06-19 22:38:00,563.37,upi,bank_d,subscription_saas,network_timeout,2,0.7197,0,,0.3384,0.7315,0.1898,0.4719,0.4013,0,22,3,19,6.335710064774309,medium
pay101179,cus522,mer73,2025-01-05 11:14:00,2738.96,upi,bank_a,education_fees,issuer_decline,3,0.3793,1,0.0,0.2956,0.2099,0.0274,0.1006,0.0118,1,11,6,5,7.915698600735411,medium
pay104839,cus3560,mer22,2025-06-17 15:55:00,2525.04,upi,bank_f,ecommerce,insufficient_funds,2,0.526,1,1.0,0.4452,0.292,0.7577,0.2784,0.1926,0,15,1,17,7.834408138097807,medium
pay110745,cus1751,mer96,2025-01-06 10:32:00,669.06,upi,bank_g,utility_bills,insufficient_funds,3,0.4872,0,,0.1835,0.2111,0.5426,0.2174,0.4774,0,10,0,6,6.507367260614255,medium
pay110902,cus2232,mer101,2025-01-08 00:56:00,1799.78,credit_card,bank_d,food_delivery,issuer_decline,2,0.3667,0,,0.4546,0.0905,0.229,0.0996,0.1482,0,0,2,8,7.4959751833558155,medium
pay117870,cus3276,mer101,2025-03-26 11:09:00,516.88,debit_card,bank_i,travel,issuer_decline,2,0.3544,1,1.0,0.1884,0.2947,0.1473,0.0,0.1537,0,11,2,26,6.249743555190446,medium
pay105143,cus1041,mer96,2025-04-11 08:46:00,2444.69,upi,bank_d,subscription_saas,bank_server_timeout,1,0.803,1,1.0,0.4051,0.8404,0.2898,0.0,0.2697,0,8,4,11,7.802082570684576,medium
pay112100,cus3410,mer35,2025-05-09 23:16:00,255.72,upi,bank_h,ecommerce,card_expired,2,0.0277,0,,0.0622,0.2773,0.0,0.0,0.1259,0,23,4,9,5.547985996801602,small
pay108721,cus3584,mer87,2025-02-13 16:48:00,238.74,credit_card,bank_e,education_fees,insufficient_funds,4,0.4432,1,1.0,0.145,0.3517,0.4953,0.5778,0.1377,0,16,3,13,5.4795550027789535,small
pay108712,cus2113,mer84,2025-06-04 13:49:00,168.26,debit_card,bank_b,food_delivery,account_blocked,1,0.0813,0,,0.0642,0.0,0.0199,0.1934,0.0,0,13,2,4,5.13143599424196,small
pay118967,cus501,mer15,2025-04-25 21:56:00,960.01,credit_card,bank_a,food_delivery,network_timeout,4,0.8111,1,0.0,0.1937,0.5394,0.1576,0.6461,0.3193,0,21,4,25,6.867984814743416,medium
pay115752,cus1172,mer60,2025-01-07 13:35:00,248.59,upi,bank_b,food_delivery,insufficient_funds,3,0.4861,1,1.0,0.1294,0.1373,0.417,0.1366,0.3708,0,13,1,7,5.519819571590121,small
pay114922,cus1701,mer51,2025-02-01 04:03:00,783.69,upi,bank_h,utility_bills,issuer_decline,2,0.4043,0,,0.8212,0.3329,0.2718,0.1046,0.0,1,4,5,1,6.6652887353285095,medium
pay111941,cus2542,mer47,2025-03-11 09:36:00,1381.5,upi,bank_d,subscription_saas,otp_expired,4,0.5854,0,,0.466,0.5225,0.4061,0.297,0.3209,0,9,1,11,7.23164873339649,medium
pay104462,cus3717,mer51,2025-04-16 22:00:00,268.67,upi,bank_j,ecommerce,otp_expired,4,0.5902,1,1.0,0.4103,0.4407,0.5286,0.0,0.3012,0,22,2,16,5.5971989892534175,small
pay118143,cus2988,mer16,2025-02-27 21:41:00,797.83,upi,bank_d,food_delivery,issuer_decline,1,0.425,0,,0.3345,0.3858,0.0,0.078,0.2303,0,21,3,27,6.68314815717094,medium
pay113270,cus2486,mer12,2025-03-23 06:47:00,565.57,credit_card,bank_g,ecommerce,bank_server_timeout,4,0.7752,1,1.0,0.0795,0.8822,0.6058,0.6017,0.3213,1,6,6,23,6.339600638589076,medium
pay112094,cus1905,mer27,2025-04-14 01:49:00,1038.79,debit_card,bank_f,ecommerce,bank_server_timeout,4,0.8543,1,1.0,0.1792,0.6143,0.5428,0.709,0.4821,0,1,0,14,6.946774048669286,medium
pay105815,cus472,mer13,2025-01-11 08:50:00,8396.3,upi,bank_c,food_delivery,issuer_decline,1,0.4644,1,1.0,0.4778,0.3431,0.1826,0.0774,0.0176,1,8,5,11,9.03566550459074,large
pay101322,cus975,mer105,2025-04-09 22:33:00,197.43,credit_card,bank_g,utility_bills,duplicate_payment_block,1,0.3058,0,,0.1816,0.1937,0.1065,0.1217,0.0,0,22,2,9,5.290436393097161,small
pay113875,cus109,mer100,2025-04-12 10:11:00,137.83,credit_card,bank_a,travel,card_expired,2,0.1135,0,,0.1577,0.0,0.0,0.2251,0.0837,1,10,5,12,4.933250163046711,small
pay118879,cus3241,mer40,2025-02-01 23:00:00,1596.42,upi,bank_d,education_fees,network_timeout,1,0.7678,1,1.0,0.5093,0.8371,0.2055,0.0,0.2927,1,23,5,1,7.376145106750471,medium
pay101754,cus3539,mer118,2025-04-23 19:10:00,949.36,debit_card,bank_j,food_delivery,otp_expired,3,0.6294,0,,0.3909,0.4487,0.3564,0.25,0.5365,0,19,2,23,6.856840860180587,medium
pay103921,cus2954,mer55,2025-04-21 15:40:00,315.75,upi,bank_g,travel,upi_server_busy,2,0.86,1,1.0,0.0507,0.5238,0.4542,0.6787,0.3134,0,15,0,21,5.758112819201249,small
pay118486,cus3582,mer73,2025-05-18 04:19:00,368.32,credit_card,bank_e,utility_bills,insufficient_funds,3,0.5078,1,1.0,0.111,0.1864,0.4355,0.0368,0.4139,1,4,6,18,5.911663476904427,small
pay101931,cus2977,mer4,2025-03-28 18:22:00,3915.03,upi,bank_i,food_delivery,insufficient_funds,2,0.5788,1,0.0,0.4731,0.2909,0.7086,0.5564,0.2649,0,18,4,28,8.272833664499505,medium
pay105285,cus1241,mer117,2025-04-14 11:26:00,2214.22,netbanking,bank_h,utility_bills,insufficient_funds,1,0.439,1,0.0,0.337,0.0864,0.6439,0.1926,0.3103,0,11,0,14,7.70310700034615,medium
pay111652,cus1778,mer37,2025-03-27 05:59:00,125.62,credit_card,bank_g,subscription_saas,insufficient_funds,2,0.5525,1,0.0,0.1897,0.1753,0.6369,0.3839,0.2012,0,5,3,27,4.84119047511598,small
pay114711,cus2871,mer51,2025-03-11 04:17:00,1113.31,upi,bank_c,ecommerce,issuer_decline,4,0.4453,1,0.0,0.217,0.2432,0.2669,0.2659,0.0,0,4,1,11,7.01599065825666,medium
pay107779,cus48,mer93,2025-02-15 20:37:00,1625.35,upi,bank_b,food_delivery,bank_server_timeout,1,0.8204,1,0.0,0.2923,0.5494,0.3537,0.0,0.4431,1,20,5,15,7.394093519096857,medium
pay100512,cus923,mer32,2025-06-01 08:30:00,70.06,upi,bank_c,education_fees,card_expired,4,0.1081,0,,0.2544,0.0241,0.0271,0.0792,0.0,1,8,6,1,4.263524590592881,small
pay108912,cus775,mer48,2025-05-03 10:49:00,583.19,credit_card,bank_i,subscription_saas,otp_expired,2,0.597,1,1.0,0.1762,0.3365,0.5521,0.4161,0.3498,1,10,5,3,6.370226272381597,medium
pay103066,cus1651,mer48,2025-05-30 06:27:00,1048.92,credit_card,bank_e,ecommerce,insufficient_funds,2,0.4601,0,,0.2115,0.4614,0.445,0.353,0.3768,0,6,4,30,6.956469249772737,medium
pay101121,cus822,mer40,2025-01-16 03:22:00,580.61,debit_card,bank_f,education_fees,insufficient_funds,1,0.5365,1,0.0,0.11,0.0734,0.4471,0.0,0.361,0,3,3,16,6.365800120019226,medium
pay106961,cus2825,mer82,2025-03-21 14:05:00,215.86,upi,bank_i,utility_bills,upi_server_busy,1,0.9133,1,1.0,0.2126,0.9201,0.2923,0.1559,0.4901,0,14,4,21,5.379251984044036,small
pay105193,cus1910,mer9,2025-01-16 23:20:00,123.29,debit_card,bank_c,food_delivery,issuer_decline,2,0.3312,1,0.0,0.1119,0.1175,0.2629,0.4392,0.0283,0,23,3,16,4.82261754475742,small
pay109638,cus2939,mer51,2025-06-12 13:29:00,325.82,debit_card,bank_f,ecommerce,upi_server_busy,1,0.8453,1,1.0,0.1796,0.668,0.3212,0.0112,0.0684,0,13,3,12,5.789409560623638,small
pay108145,cus357,mer16,2025-03-17 12:55:00,434.99,credit_card,bank_h,ecommerce,otp_expired,4,0.5502,1,1.0,0.1408,0.2961,0.3716,0.1952,0.3139,0,12,0,17,6.077619307306189,small
pay116967,cus997,mer2,2025-04-10 02:49:00,57.95,upi,bank_e,ecommerce,account_blocked,2,0.0401,0,,0.1258,0.1706,0.0,0.0,0.0791,0,2,3,10,4.07668962698338,small
pay115362,cus1088,mer28,2025-04-29 19:02:00,1178.59,upi,bank_i,education_fees,card_expired,1,0.0618,0,,0.3302,0.0386,0.2694,0.0,0.0283,0,19,1,29,7.0729221994552045,medium
pay105315,cus228,mer20,2025-04-12 18:49:00,294.29,debit_card,bank_j,education_fees,upi_server_busy,1,0.912,1,1.0,0.2388,0.5163,0.5651,0.053,0.3225,1,18,5,12,5.68795792430923,small
pay117940,cus1803,mer100,2025-03-27 13:58:00,4781.43,upi,bank_d,ecommerce,insufficient_funds,1,0.4618,1,0.0,0.4843,0.0,0.5286,0.0203,0.4002,0,13,3,27,8.472704064511001,medium
pay116542,cus1572,mer113,2025-03-11 15:07:00,1048.02,upi,bank_c,food_delivery,bank_server_timeout,3,0.7482,1,0.0,0.2811,0.6502,0.474,0.5661,0.299,0,15,1,11,6.955611673991478,medium
pay107539,cus33,mer52,2025-04-24 12:24:00,730.14,netbanking,bank_i,travel,issuer_decline,2,0.5282,0,,0.2246,0.0647,0.0,0.0455,0.2041,0,12,3,24,6.59460495988031,medium
pay100160,cus1981,mer112,2025-06-29 07:11:00,365.03,debit_card,bank_h,ecommerce,card_expired,1,0.0339,0,,0.152,0.0164,0.0,0.0,0.0,1,7,6,29,5.9027152972553525,small
pay117855,cus3678,mer43,2025-06-23 07:20:00,271.22,debit_card,bank_i,education_fees,bank_server_timeout,3,0.7307,0,,0.2147,0.6585,0.6538,0.4877,0.2568,0,7,0,23,5.606610562903928,small
pay110301,cus1283,mer51,2025-04-29 12:26:00,1468.8,upi,bank_d,utility_bills,network_timeout,4,0.8489,1,0.0,1.0,0.6288,0.4847,0.4415,0.2873,0,12,1,29,7.292881616094771,medium
pay104217,cus379,mer118,2025-03-03 11:27:00,1025.5,debit_card,bank_a,food_delivery,card_expired,2,0.0769,0,,0.3388,0.0569,0.0,0.0406,0.1037,0,11,0,3,6.933910236458988,medium
pay100497,cus90,mer23,2025-03-09 08:28:00,50.0,debit_card,bank_i,ecommerce,upi_server_busy,1,0.8476,1,1.0,0.1057,0.5374,0.4336,0.0,0.5829,1,8,6,9,3.9318256327243257,small
pay103369,cus972,mer21,2025-01-22 05:05:00,1446.44,upi,bank_b,utility_bills,issuer_decline,3,0.4148,1,0.0,0.2958,0.3332,0.0699,0.2702,0.2618,0,5,2,22,7.277551757810841,medium
pay106692,cus780,mer73,2025-05-30 03:51:00,675.54,upi,bank_j,education_fees,account_blocked,2,0.0,0,,0.4467,0.067,0.0364,0.1523,0.0,0,3,4,30,6.516991573726865,medium
pay112321,cus2033,mer44,2025-05-05 01:56:00,382.45,credit_card,bank_b,ecommerce,card_expired,1,0.0289,0,,0.1774,0.0,0.0,0.0472,0.0,0,1,0,5,5.949209234210868,small
pay111246,cus1588,mer99,2025-01-30 12:31:00,6491.25,upi,bank_e,utility_bills,upi_server_busy,2,0.8094,0,,0.415,0.68,0.3523,0.7759,0.5289,0,12,3,30,8.778364436827104,large
pay119303,cus2066,mer89,2025-02-24 04:16:00,9590.22,upi,bank_b,subscription_saas,issuer_decline,1,0.467,1,0.0,0.4541,0.3093,0.2442,0.0797,0.1941,0,4,0,24,9.168603375636078,large
pay113513,cus3531,mer60,2025-05-24 18:31:00,616.33,upi,bank_j,education_fees,bank_server_timeout,3,0.7748,1,0.0,0.3044,0.4678,0.3437,0.7375,0.2693,1,18,5,24,6.425403726955403,medium
pay100829,cus1578,mer26,2025-01-06 05:16:00,220.78,credit_card,bank_b,food_delivery,issuer_decline,3,0.3726,1,0.0,0.1697,0.2339,0.096,0.4736,0.0,0,5,0,6,5.40168589952507,small
pay119183,cus3949,mer5,2025-01-18 13:08:00,1580.95,debit_card,bank_h,food_delivery,insufficient_funds,3,0.3323,1,0.0,0.8619,0.1614,0.4595,0.1891,0.4581,1,13,5,18,7.366413542265554,medium
pay103315,cus915,mer90,2025-06-02 09:37:00,63.12,upi,bank_g,food_delivery,duplicate_payment_block,4,0.3587,0,,0.1995,0.1765,0.2019,0.0,0.0,0,9,0,2,4.160756327741352,small
pay105516,cus1284,mer3,2025-04-05 14:53:00,1446.6,debit_card,bank_d,food_delivery,insufficient_funds,1,0.4692,1,0.0,0.4787,0.0,0.9711,0.0,0.5403,1,14,5,5,7.2776622916895874,medium
pay116140,cus3897,mer83,2025-01-06 03:23:00,95.52,upi,bank_c,ecommerce,bank_server_timeout,1,0.7836,1,1.0,0.1461,0.8357,0.4131,0.0,0.1109,0,3,0,6,4.569750240756831,small
pay112253,cus1433,mer119,2025-02-14 02:19:00,50.0,debit_card,bank_f,subscription_saas,insufficient_funds,2,0.477,1,0.0,0.1908,0.3385,0.576,0.2501,0.1715,0,2,4,14,3.9318256327243257,small
pay112401,cus1865,mer69,2025-04-02 01:34:00,1451.06,debit_card,bank_e,food_delivery,bank_server_timeout,2,0.8015,1,0.0,0.1846,0.7823,0.6822,0.8537,0.1311,0,1,2,2,7.280738516845048,medium
pay115531,cus1177,mer47,2025-01-01 16:41:00,856.85,upi,bank_d,education_fees,duplicate_payment_block,4,0.314,1,0.0,0.3913,0.0577,0.075,0.1673,0.1046,0,16,2,1,6.754429259029435,medium
pay106250,cus3841,mer97,2025-05-04 00:28:00,3996.09,debit_card,bank_f,food_delivery,bank_server_timeout,4,0.8597,0,,0.3787,0.9686,0.4849,0.639,0.3825,1,0,6,4,8.293321875345487,medium
pay108511,cus2500,mer73,2025-01-13 17:12:00,214.8,netbanking,bank_c,ecommerce,bank_server_timeout,3,0.8245,1,1.0,0.048,0.4648,0.2233,0.8189,0.3721,0,17,0,13,5.374352052824034,small
pay108641,cus2823,mer76,2025-05-29 08:43:00,2637.61,debit_card,bank_h,subscription_saas,issuer_decline,4,0.4466,1,0.0,0.2957,0.2403,0.2592,0.4729,0.1226,0,8,3,29,7.878007542331072,medium
pay115180,cus1795,mer4,2025-01-07 21:46:00,1367.34,upi,bank_d,food_delivery,otp_expired,4,0.5557,1,1.0,0.4247,0.3855,0.45,0.2988,0.3242,0,21,1,7,7.221353605313737,medium
pay110800,cus1855,mer67,2025-04-04 00:20:00,378.71,netbanking,bank_g,ecommerce,insufficient_funds,1,0.5113,1,1.0,0.1793,0.1691,0.7141,0.0,0.5088,0,0,4,4,5.939407803472466,small
